Copyright 1986-2022 Xilinx, Inc. All Rights Reserved. Copyright 2022-2025 Advanced Micro Devices, Inc. All Rights Reserved.
-----------------------------------------------------------------------------------------------------------------------------------------------------------------------------------------------------
| Tool Version : Vivado v.2025.1 (win64) Build 6140274 Thu May 22 00:12:29 MDT 2025
| Date         : Wed Jul 29 11:52:13 2026
| Host         : LAPTOP-1C1u4O running 64-bit major release  (build 9200)
| Command      : report_timing_summary -max_paths 10 -file miniRV_SoC_timing_summary_routed.rpt -pb miniRV_SoC_timing_summary_routed.pb -rpx miniRV_SoC_timing_summary_routed.rpx -warn_on_violation
| Design       : miniRV_SoC
| Device       : 7a35t-csg324
| Speed File   : -1  PRODUCTION 1.23 2018-06-13
| Design State : Routed
-----------------------------------------------------------------------------------------------------------------------------------------------------------------------------------------------------

Timing Summary Report

------------------------------------------------------------------------------------------------
| Timer Settings
| --------------
------------------------------------------------------------------------------------------------

  Enable Multi Corner Analysis               :  Yes
  Enable Pessimism Removal                   :  Yes
  Pessimism Removal Resolution               :  Nearest Common Node
  Enable Input Delay Default Clock           :  No
  Enable Preset / Clear Arcs                 :  No
  Disable Flight Delays                      :  No
  Ignore I/O Paths                           :  No
  Timing Early Launch at Borrowing Latches   :  No
  Borrow Time for Max Delay Exceptions       :  Yes
  Merge Timing Exceptions                    :  Yes
  Inter-SLR Compensation                     :  Conservative

  Corner  Analyze    Analyze    
  Name    Max Paths  Min Paths  
  ------  ---------  ---------  
  Slow    Yes        Yes        
  Fast    Yes        Yes        


------------------------------------------------------------------------------------------------
| Report Methodology
| ------------------
------------------------------------------------------------------------------------------------

Rule     Severity  Description                                             Violations  
-------  --------  ------------------------------------------------------  ----------  
LUTAR-1  Warning   LUT drives async reset alert                            1           
XDCC-1   Warning   Scoped Clock constraint overwritten with the same name  1           
XDCC-7   Warning   Scoped Clock constraint overwritten on the same source  1           

Note: This report is based on the most recent report_methodology run and may not be up-to-date. Run report_methodology on the current design for the latest report.



check_timing report

Table of Contents
-----------------
1. checking no_clock (0)
2. checking constant_clock (0)
3. checking pulse_width_clock (0)
4. checking unconstrained_internal_endpoints (0)
5. checking no_input_delay (18)
6. checking no_output_delay (39)
7. checking multiple_clock (0)
8. checking generated_clocks (0)
9. checking loops (0)
10. checking partial_input_delay (0)
11. checking partial_output_delay (0)
12. checking latch_loops (0)

1. checking no_clock (0)
------------------------
 There are 0 register/latch pins with no clock.


2. checking constant_clock (0)
------------------------------
 There are 0 register/latch pins with constant_clock.


3. checking pulse_width_clock (0)
---------------------------------
 There are 0 register/latch pins which need pulse_width check


4. checking unconstrained_internal_endpoints (0)
------------------------------------------------
 There are 0 pins that are not constrained for maximum delay.

 There are 0 pins that are not constrained for maximum delay due to constant clock.


5. checking no_input_delay (18)
-------------------------------
 There are 18 input ports with no input delay specified. (HIGH)

 There are 0 input ports with no input delay but user has a false path constraint.


6. checking no_output_delay (39)
--------------------------------
 There are 39 ports with no output delay specified. (HIGH)

 There are 0 ports with no output delay but user has a false path constraint

 There are 0 ports with no output delay but with a timing clock defined on it or propagating through it


7. checking multiple_clock (0)
------------------------------
 There are 0 register/latch pins with multiple clocks.


8. checking generated_clocks (0)
--------------------------------
 There are 0 generated clocks that are not connected to a clock source.


9. checking loops (0)
---------------------
 There are 0 combinational loops in the design.


10. checking partial_input_delay (0)
------------------------------------
 There are 0 input ports with partial input delay specified.


11. checking partial_output_delay (0)
-------------------------------------
 There are 0 ports with partial output delay specified.


12. checking latch_loops (0)
----------------------------
 There are 0 combinational latch loops in the design through latch input



------------------------------------------------------------------------------------------------
| Design Timing Summary
| ---------------------
------------------------------------------------------------------------------------------------

    WNS(ns)      TNS(ns)  TNS Failing Endpoints  TNS Total Endpoints      WHS(ns)      THS(ns)  THS Failing Endpoints  THS Total Endpoints     WPWS(ns)     TPWS(ns)  TPWS Failing Endpoints  TPWS Total Endpoints  
    -------      -------  ---------------------  -------------------      -------      -------  ---------------------  -------------------     --------     --------  ----------------------  --------------------  
      4.446        0.000                      0                13216        0.019        0.000                      0                13216        3.000        0.000                       0                  4782  


All user specified timing constraints are met.


------------------------------------------------------------------------------------------------
| Clock Summary
| -------------
------------------------------------------------------------------------------------------------

Clock                 Waveform(ns)       Period(ns)      Frequency(MHz)
-----                 ------------       ----------      --------------
fpga_clk              {0.000 5.000}      10.000          100.000         
  clk_out1_clk_wiz_0  {0.000 10.000}     20.000          50.000          
  clkfbout_clk_wiz_0  {0.000 10.000}     20.000          50.000          


------------------------------------------------------------------------------------------------
| Intra Clock Table
| -----------------
------------------------------------------------------------------------------------------------

Clock                     WNS(ns)      TNS(ns)  TNS Failing Endpoints  TNS Total Endpoints      WHS(ns)      THS(ns)  THS Failing Endpoints  THS Total Endpoints     WPWS(ns)     TPWS(ns)  TPWS Failing Endpoints  TPWS Total Endpoints  
-----                     -------      -------  ---------------------  -------------------      -------      -------  ---------------------  -------------------     --------     --------  ----------------------  --------------------  
fpga_clk                                                                                                                                                                3.000        0.000                       0                     1  
  clk_out1_clk_wiz_0        4.446        0.000                      0                11429        0.019        0.000                      0                11429        8.750        0.000                       0                  4778  
  clkfbout_clk_wiz_0                                                                                                                                                   17.845        0.000                       0                     3  


------------------------------------------------------------------------------------------------
| Inter Clock Table
| -----------------
------------------------------------------------------------------------------------------------

From Clock    To Clock          WNS(ns)      TNS(ns)  TNS Failing Endpoints  TNS Total Endpoints      WHS(ns)      THS(ns)  THS Failing Endpoints  THS Total Endpoints  
----------    --------          -------      -------  ---------------------  -------------------      -------      -------  ---------------------  -------------------  


------------------------------------------------------------------------------------------------
| Other Path Groups Table
| -----------------------
------------------------------------------------------------------------------------------------

Path Group          From Clock          To Clock                WNS(ns)      TNS(ns)  TNS Failing Endpoints  TNS Total Endpoints      WHS(ns)      THS(ns)  THS Failing Endpoints  THS Total Endpoints  
----------          ----------          --------                -------      -------  ---------------------  -------------------      -------      -------  ---------------------  -------------------  
**async_default**   clk_out1_clk_wiz_0  clk_out1_clk_wiz_0        8.735        0.000                      0                 1787        1.305        0.000                      0                 1787  


------------------------------------------------------------------------------------------------
| Timing Details
| --------------
------------------------------------------------------------------------------------------------


---------------------------------------------------------------------------------------------------
From Clock:  fpga_clk
  To Clock:  fpga_clk

Setup :           NA  Failing Endpoints,  Worst Slack           NA  ,  Total Violation           NA
Hold  :           NA  Failing Endpoints,  Worst Slack           NA  ,  Total Violation           NA
PW    :            0  Failing Endpoints,  Worst Slack        3.000ns,  Total Violation        0.000ns
---------------------------------------------------------------------------------------------------


Pulse Width Checks
--------------------------------------------------------------------------------------
Clock Name:         fpga_clk
Waveform(ns):       { 0.000 5.000 }
Period(ns):         10.000
Sources:            { fpga_clk }

Check Type        Corner  Lib Pin           Reference Pin  Required(ns)  Actual(ns)  Slack(ns)  Location        Pin
Min Period        n/a     PLLE2_ADV/CLKIN1  n/a            1.249         10.000      8.751      PLLE2_ADV_X0Y0  U_clkgen/inst/plle2_adv_inst/CLKIN1
Max Period        n/a     PLLE2_ADV/CLKIN1  n/a            52.633        10.000      42.633     PLLE2_ADV_X0Y0  U_clkgen/inst/plle2_adv_inst/CLKIN1
Low Pulse Width   Slow    PLLE2_ADV/CLKIN1  n/a            2.000         5.000       3.000      PLLE2_ADV_X0Y0  U_clkgen/inst/plle2_adv_inst/CLKIN1
Low Pulse Width   Fast    PLLE2_ADV/CLKIN1  n/a            2.000         5.000       3.000      PLLE2_ADV_X0Y0  U_clkgen/inst/plle2_adv_inst/CLKIN1
High Pulse Width  Slow    PLLE2_ADV/CLKIN1  n/a            2.000         5.000       3.000      PLLE2_ADV_X0Y0  U_clkgen/inst/plle2_adv_inst/CLKIN1
High Pulse Width  Fast    PLLE2_ADV/CLKIN1  n/a            2.000         5.000       3.000      PLLE2_ADV_X0Y0  U_clkgen/inst/plle2_adv_inst/CLKIN1



---------------------------------------------------------------------------------------------------
From Clock:  clk_out1_clk_wiz_0
  To Clock:  clk_out1_clk_wiz_0

Setup :            0  Failing Endpoints,  Worst Slack        4.446ns,  Total Violation        0.000ns
Hold  :            0  Failing Endpoints,  Worst Slack        0.019ns,  Total Violation        0.000ns
PW    :            0  Failing Endpoints,  Worst Slack        8.750ns,  Total Violation        0.000ns
---------------------------------------------------------------------------------------------------


Max Delay Paths
--------------------------------------------------------------------------------------
Slack (MET) :             4.446ns  (required time - arrival time)
  Source:                 U_cpu/U_core/ex_mem_rd_reg[0]/C
                            (rising edge-triggered cell FDCE clocked by clk_out1_clk_wiz_0  {rise@0.000ns fall@10.000ns period=20.000ns})
  Destination:            U_cpu/U_core/pc_reg[28]/CE
                            (rising edge-triggered cell FDCE clocked by clk_out1_clk_wiz_0  {rise@0.000ns fall@10.000ns period=20.000ns})
  Path Group:             clk_out1_clk_wiz_0
  Path Type:              Setup (Max at Slow Process Corner)
  Requirement:            20.000ns  (clk_out1_clk_wiz_0 rise@20.000ns - clk_out1_clk_wiz_0 rise@0.000ns)
  Data Path Delay:        14.936ns  (logic 2.940ns (19.683%)  route 11.996ns (80.317%))
  Logic Levels:           16  (CARRY4=4 LUT4=3 LUT5=2 LUT6=7)
  Clock Path Skew:        -0.103ns (DCD - SCD + CPR)
    Destination Clock Delay (DCD):    -2.065ns = ( 17.935 - 20.000 ) 
    Source Clock Delay      (SCD):    -2.390ns
    Clock Pessimism Removal (CPR):    -0.428ns
  Clock Uncertainty:      0.108ns  ((TSJ^2 + DJ^2)^1/2) / 2 + PE
    Total System Jitter     (TSJ):    0.071ns
    Discrete Jitter          (DJ):    0.203ns
    Phase Error              (PE):    0.000ns

    Location             Delay type                Incr(ns)  Path(ns)    Netlist Resource(s)
  -------------------------------------------------------------------    -------------------
                         (clock clk_out1_clk_wiz_0 rise edge)
                                                      0.000     0.000 r  
    P17                                               0.000     0.000 r  fpga_clk (IN)
                         net (fo=0)                   0.000     0.000    U_clkgen/inst/clk_in1
    P17                  IBUF (Prop_ibuf_I_O)         1.478     1.478 r  U_clkgen/inst/clkin1_ibufg/O
                         net (fo=1, routed)           1.253     2.731    U_clkgen/inst/clk_in1_clk_wiz_0
    PLLE2_ADV_X0Y0       PLLE2_ADV (Prop_plle2_adv_CLKIN1_CLKOUT0)
                                                     -8.486    -5.754 r  U_clkgen/inst/plle2_adv_inst/CLKOUT0
                         net (fo=1, routed)           1.660    -4.094    U_clkgen/inst/clk_out1_clk_wiz_0
    BUFGCTRL_X0Y0        BUFG (Prop_bufg_I_O)         0.096    -3.998 r  U_clkgen/inst/clkout1_buf/O
                         net (fo=4776, routed)        1.608    -2.390    U_cpu/U_core/clk_out1
    SLICE_X62Y76         FDCE                                         r  U_cpu/U_core/ex_mem_rd_reg[0]/C
  -------------------------------------------------------------------    -------------------
    SLICE_X62Y76         FDCE (Prop_fdce_C_Q)         0.456    -1.934 r  U_cpu/U_core/ex_mem_rd_reg[0]/Q
                         net (fo=7, routed)           1.191    -0.743    U_cpu/U_core/U_ALU/U_div/divisor[0]_i_2_0[0]
    SLICE_X62Y79         LUT6 (Prop_lut6_I0_O)        0.124    -0.619 f  U_cpu/U_core/U_ALU/U_div/divisor[0]_i_5/O
                         net (fo=1, routed)           0.655     0.036    U_cpu/U_core/U_ALU/U_div/divisor[0]_i_5_n_0
    SLICE_X63Y79         LUT6 (Prop_lut6_I4_O)        0.124     0.160 f  U_cpu/U_core/U_ALU/U_div/divisor[0]_i_2/O
                         net (fo=34, routed)          0.733     0.893    U_cpu/U_core/U_ALU/U_div/forward_b[0]
    SLICE_X62Y79         LUT4 (Prop_lut4_I3_O)        0.152     1.045 r  U_cpu/U_core/U_ALU/U_div/divisor[4]_i_6__0/O
                         net (fo=32, routed)          1.599     2.644    U_cpu/U_core/U_ALU/U_div/divisor[4]_i_6__0_n_0
    SLICE_X58Y63         LUT6 (Prop_lut6_I0_O)        0.326     2.970 r  U_cpu/U_core/U_ALU/U_div/divisor[5]_i_2/O
                         net (fo=1, routed)           0.444     3.414    U_cpu/U_core/U_ALU/U_div/divisor[5]_i_2_n_0
    SLICE_X58Y63         LUT6 (Prop_lut6_I5_O)        0.124     3.538 r  U_cpu/U_core/U_ALU/U_div/divisor[5]_i_1__0/O
                         net (fo=18, routed)          1.446     4.984    U_cpu/U_core/ex_alu_b[5]
    SLICE_X48Y74         LUT4 (Prop_lut4_I1_O)        0.124     5.108 r  U_cpu/U_core/ex_mem_alu_c[0]_i_82/O
                         net (fo=1, routed)           0.000     5.108    U_cpu/U_core/ex_mem_alu_c[0]_i_82_n_0
    SLICE_X48Y74         CARRY4 (Prop_carry4_S[2]_CO[3])
                                                      0.398     5.506 r  U_cpu/U_core/ex_mem_alu_c_reg[0]_i_60/CO[3]
                         net (fo=1, routed)           0.009     5.515    U_cpu/U_core/ex_mem_alu_c_reg[0]_i_60_n_0
    SLICE_X48Y75         CARRY4 (Prop_carry4_CI_CO[3])
                                                      0.114     5.629 r  U_cpu/U_core/ex_mem_alu_c_reg[0]_i_40/CO[3]
                         net (fo=1, routed)           0.000     5.629    U_cpu/U_core/ex_mem_alu_c_reg[0]_i_40_n_0
    SLICE_X48Y76         CARRY4 (Prop_carry4_CI_CO[3])
                                                      0.114     5.743 r  U_cpu/U_core/ex_mem_alu_c_reg[0]_i_20/CO[3]
                         net (fo=1, routed)           0.000     5.743    U_cpu/U_core/ex_mem_alu_c_reg[0]_i_20_n_0
    SLICE_X48Y77         CARRY4 (Prop_carry4_CI_CO[3])
                                                      0.114     5.857 r  U_cpu/U_core/ex_mem_alu_c_reg[0]_i_6/CO[3]
                         net (fo=3, routed)           1.003     6.860    U_cpu/U_core/ex_mem_alu_c_reg[0]_i_6_n_0
    SLICE_X50Y77         LUT6 (Prop_lut6_I0_O)        0.124     6.984 r  U_cpu/U_core/pc[31]_i_15/O
                         net (fo=1, routed)           0.575     7.559    U_cpu/U_core/pc[31]_i_15_n_0
    SLICE_X51Y78         LUT6 (Prop_lut6_I4_O)        0.124     7.683 r  U_cpu/U_core/pc[31]_i_7/O
                         net (fo=1, routed)           0.435     8.119    U_cpu/U_core/pc[31]_i_7_n_0
    SLICE_X52Y77         LUT6 (Prop_lut6_I3_O)        0.124     8.243 r  U_cpu/U_core/pc[31]_i_3/O
                         net (fo=66, routed)          0.831     9.074    U_cpu/U_core/U_ALU/U_divu/ex_br_taken
    SLICE_X55Y73         LUT5 (Prop_lut5_I3_O)        0.124     9.198 r  U_cpu/U_core/U_ALU/U_divu/fetch_inst_r[31]_i_6/O
                         net (fo=103, routed)         0.690     9.888    U_cpu/U_core/U_ALU/U_divu/mul_div_stall_d_reg
    SLICE_X55Y67         LUT4 (Prop_lut4_I1_O)        0.124    10.012 f  U_cpu/U_core/U_ALU/U_divu/fetch_inst_r[31]_i_5/O
                         net (fo=5, routed)           1.104    11.116    U_cpu/U_core/U_ALU/U_divu/dc_dev_rvalid_reg
    SLICE_X47Y61         LUT5 (Prop_lut5_I1_O)        0.150    11.266 r  U_cpu/U_core/U_ALU/U_divu/pc[31]_i_1/O
                         net (fo=32, routed)          1.281    12.546    U_cpu/U_core/U_ALU_n_223
    SLICE_X51Y73         FDCE                                         r  U_cpu/U_core/pc_reg[28]/CE
  -------------------------------------------------------------------    -------------------

                         (clock clk_out1_clk_wiz_0 rise edge)
                                                     20.000    20.000 r  
    P17                                               0.000    20.000 r  fpga_clk (IN)
                         net (fo=0)                   0.000    20.000    U_clkgen/inst/clk_in1
    P17                  IBUF (Prop_ibuf_I_O)         1.408    21.408 r  U_clkgen/inst/clkin1_ibufg/O
                         net (fo=1, routed)           1.181    22.589    U_clkgen/inst/clk_in1_clk_wiz_0
    PLLE2_ADV_X0Y0       PLLE2_ADV (Prop_plle2_adv_CLKIN1_CLKOUT0)
                                                     -7.753    14.835 r  U_clkgen/inst/plle2_adv_inst/CLKOUT0
                         net (fo=1, routed)           1.582    16.417    U_clkgen/inst/clk_out1_clk_wiz_0
    BUFGCTRL_X0Y0        BUFG (Prop_bufg_I_O)         0.091    16.508 r  U_clkgen/inst/clkout1_buf/O
                         net (fo=4776, routed)        1.427    17.935    U_cpu/U_core/clk_out1
    SLICE_X51Y73         FDCE                                         r  U_cpu/U_core/pc_reg[28]/C
                         clock pessimism             -0.428    17.507    
                         clock uncertainty           -0.108    17.399    
    SLICE_X51Y73         FDCE (Setup_fdce_C_CE)      -0.407    16.992    U_cpu/U_core/pc_reg[28]
  -------------------------------------------------------------------
                         required time                         16.992    
                         arrival time                         -12.546    
  -------------------------------------------------------------------
                         slack                                  4.446    

Slack (MET) :             4.606ns  (required time - arrival time)
  Source:                 U_cpu/U_core/ex_mem_rd_reg[0]/C
                            (rising edge-triggered cell FDCE clocked by clk_out1_clk_wiz_0  {rise@0.000ns fall@10.000ns period=20.000ns})
  Destination:            U_cpu/U_core/pc_reg[31]/CE
                            (rising edge-triggered cell FDCE clocked by clk_out1_clk_wiz_0  {rise@0.000ns fall@10.000ns period=20.000ns})
  Path Group:             clk_out1_clk_wiz_0
  Path Type:              Setup (Max at Slow Process Corner)
  Requirement:            20.000ns  (clk_out1_clk_wiz_0 rise@20.000ns - clk_out1_clk_wiz_0 rise@0.000ns)
  Data Path Delay:        14.776ns  (logic 2.940ns (19.897%)  route 11.836ns (80.103%))
  Logic Levels:           16  (CARRY4=4 LUT4=3 LUT5=2 LUT6=7)
  Clock Path Skew:        -0.103ns (DCD - SCD + CPR)
    Destination Clock Delay (DCD):    -2.065ns = ( 17.935 - 20.000 ) 
    Source Clock Delay      (SCD):    -2.390ns
    Clock Pessimism Removal (CPR):    -0.428ns
  Clock Uncertainty:      0.108ns  ((TSJ^2 + DJ^2)^1/2) / 2 + PE
    Total System Jitter     (TSJ):    0.071ns
    Discrete Jitter          (DJ):    0.203ns
    Phase Error              (PE):    0.000ns

    Location             Delay type                Incr(ns)  Path(ns)    Netlist Resource(s)
  -------------------------------------------------------------------    -------------------
                         (clock clk_out1_clk_wiz_0 rise edge)
                                                      0.000     0.000 r  
    P17                                               0.000     0.000 r  fpga_clk (IN)
                         net (fo=0)                   0.000     0.000    U_clkgen/inst/clk_in1
    P17                  IBUF (Prop_ibuf_I_O)         1.478     1.478 r  U_clkgen/inst/clkin1_ibufg/O
                         net (fo=1, routed)           1.253     2.731    U_clkgen/inst/clk_in1_clk_wiz_0
    PLLE2_ADV_X0Y0       PLLE2_ADV (Prop_plle2_adv_CLKIN1_CLKOUT0)
                                                     -8.486    -5.754 r  U_clkgen/inst/plle2_adv_inst/CLKOUT0
                         net (fo=1, routed)           1.660    -4.094    U_clkgen/inst/clk_out1_clk_wiz_0
    BUFGCTRL_X0Y0        BUFG (Prop_bufg_I_O)         0.096    -3.998 r  U_clkgen/inst/clkout1_buf/O
                         net (fo=4776, routed)        1.608    -2.390    U_cpu/U_core/clk_out1
    SLICE_X62Y76         FDCE                                         r  U_cpu/U_core/ex_mem_rd_reg[0]/C
  -------------------------------------------------------------------    -------------------
    SLICE_X62Y76         FDCE (Prop_fdce_C_Q)         0.456    -1.934 r  U_cpu/U_core/ex_mem_rd_reg[0]/Q
                         net (fo=7, routed)           1.191    -0.743    U_cpu/U_core/U_ALU/U_div/divisor[0]_i_2_0[0]
    SLICE_X62Y79         LUT6 (Prop_lut6_I0_O)        0.124    -0.619 f  U_cpu/U_core/U_ALU/U_div/divisor[0]_i_5/O
                         net (fo=1, routed)           0.655     0.036    U_cpu/U_core/U_ALU/U_div/divisor[0]_i_5_n_0
    SLICE_X63Y79         LUT6 (Prop_lut6_I4_O)        0.124     0.160 f  U_cpu/U_core/U_ALU/U_div/divisor[0]_i_2/O
                         net (fo=34, routed)          0.733     0.893    U_cpu/U_core/U_ALU/U_div/forward_b[0]
    SLICE_X62Y79         LUT4 (Prop_lut4_I3_O)        0.152     1.045 r  U_cpu/U_core/U_ALU/U_div/divisor[4]_i_6__0/O
                         net (fo=32, routed)          1.599     2.644    U_cpu/U_core/U_ALU/U_div/divisor[4]_i_6__0_n_0
    SLICE_X58Y63         LUT6 (Prop_lut6_I0_O)        0.326     2.970 r  U_cpu/U_core/U_ALU/U_div/divisor[5]_i_2/O
                         net (fo=1, routed)           0.444     3.414    U_cpu/U_core/U_ALU/U_div/divisor[5]_i_2_n_0
    SLICE_X58Y63         LUT6 (Prop_lut6_I5_O)        0.124     3.538 r  U_cpu/U_core/U_ALU/U_div/divisor[5]_i_1__0/O
                         net (fo=18, routed)          1.446     4.984    U_cpu/U_core/ex_alu_b[5]
    SLICE_X48Y74         LUT4 (Prop_lut4_I1_O)        0.124     5.108 r  U_cpu/U_core/ex_mem_alu_c[0]_i_82/O
                         net (fo=1, routed)           0.000     5.108    U_cpu/U_core/ex_mem_alu_c[0]_i_82_n_0
    SLICE_X48Y74         CARRY4 (Prop_carry4_S[2]_CO[3])
                                                      0.398     5.506 r  U_cpu/U_core/ex_mem_alu_c_reg[0]_i_60/CO[3]
                         net (fo=1, routed)           0.009     5.515    U_cpu/U_core/ex_mem_alu_c_reg[0]_i_60_n_0
    SLICE_X48Y75         CARRY4 (Prop_carry4_CI_CO[3])
                                                      0.114     5.629 r  U_cpu/U_core/ex_mem_alu_c_reg[0]_i_40/CO[3]
                         net (fo=1, routed)           0.000     5.629    U_cpu/U_core/ex_mem_alu_c_reg[0]_i_40_n_0
    SLICE_X48Y76         CARRY4 (Prop_carry4_CI_CO[3])
                                                      0.114     5.743 r  U_cpu/U_core/ex_mem_alu_c_reg[0]_i_20/CO[3]
                         net (fo=1, routed)           0.000     5.743    U_cpu/U_core/ex_mem_alu_c_reg[0]_i_20_n_0
    SLICE_X48Y77         CARRY4 (Prop_carry4_CI_CO[3])
                                                      0.114     5.857 r  U_cpu/U_core/ex_mem_alu_c_reg[0]_i_6/CO[3]
                         net (fo=3, routed)           1.003     6.860    U_cpu/U_core/ex_mem_alu_c_reg[0]_i_6_n_0
    SLICE_X50Y77         LUT6 (Prop_lut6_I0_O)        0.124     6.984 r  U_cpu/U_core/pc[31]_i_15/O
                         net (fo=1, routed)           0.575     7.559    U_cpu/U_core/pc[31]_i_15_n_0
    SLICE_X51Y78         LUT6 (Prop_lut6_I4_O)        0.124     7.683 r  U_cpu/U_core/pc[31]_i_7/O
                         net (fo=1, routed)           0.435     8.119    U_cpu/U_core/pc[31]_i_7_n_0
    SLICE_X52Y77         LUT6 (Prop_lut6_I3_O)        0.124     8.243 r  U_cpu/U_core/pc[31]_i_3/O
                         net (fo=66, routed)          0.831     9.074    U_cpu/U_core/U_ALU/U_divu/ex_br_taken
    SLICE_X55Y73         LUT5 (Prop_lut5_I3_O)        0.124     9.198 r  U_cpu/U_core/U_ALU/U_divu/fetch_inst_r[31]_i_6/O
                         net (fo=103, routed)         0.690     9.888    U_cpu/U_core/U_ALU/U_divu/mul_div_stall_d_reg
    SLICE_X55Y67         LUT4 (Prop_lut4_I1_O)        0.124    10.012 f  U_cpu/U_core/U_ALU/U_divu/fetch_inst_r[31]_i_5/O
                         net (fo=5, routed)           1.104    11.116    U_cpu/U_core/U_ALU/U_divu/dc_dev_rvalid_reg
    SLICE_X47Y61         LUT5 (Prop_lut5_I1_O)        0.150    11.266 r  U_cpu/U_core/U_ALU/U_divu/pc[31]_i_1/O
                         net (fo=32, routed)          1.121    12.386    U_cpu/U_core/U_ALU_n_223
    SLICE_X49Y72         FDCE                                         r  U_cpu/U_core/pc_reg[31]/CE
  -------------------------------------------------------------------    -------------------

                         (clock clk_out1_clk_wiz_0 rise edge)
                                                     20.000    20.000 r  
    P17                                               0.000    20.000 r  fpga_clk (IN)
                         net (fo=0)                   0.000    20.000    U_clkgen/inst/clk_in1
    P17                  IBUF (Prop_ibuf_I_O)         1.408    21.408 r  U_clkgen/inst/clkin1_ibufg/O
                         net (fo=1, routed)           1.181    22.589    U_clkgen/inst/clk_in1_clk_wiz_0
    PLLE2_ADV_X0Y0       PLLE2_ADV (Prop_plle2_adv_CLKIN1_CLKOUT0)
                                                     -7.753    14.835 r  U_clkgen/inst/plle2_adv_inst/CLKOUT0
                         net (fo=1, routed)           1.582    16.417    U_clkgen/inst/clk_out1_clk_wiz_0
    BUFGCTRL_X0Y0        BUFG (Prop_bufg_I_O)         0.091    16.508 r  U_clkgen/inst/clkout1_buf/O
                         net (fo=4776, routed)        1.427    17.935    U_cpu/U_core/clk_out1
    SLICE_X49Y72         FDCE                                         r  U_cpu/U_core/pc_reg[31]/C
                         clock pessimism             -0.428    17.507    
                         clock uncertainty           -0.108    17.399    
    SLICE_X49Y72         FDCE (Setup_fdce_C_CE)      -0.407    16.992    U_cpu/U_core/pc_reg[31]
  -------------------------------------------------------------------
                         required time                         16.992    
                         arrival time                         -12.386    
  -------------------------------------------------------------------
                         slack                                  4.606    

Slack (MET) :             4.629ns  (required time - arrival time)
  Source:                 U_cpu/U_core/ex_mem_rd_reg[0]/C
                            (rising edge-triggered cell FDCE clocked by clk_out1_clk_wiz_0  {rise@0.000ns fall@10.000ns period=20.000ns})
  Destination:            U_cpu/U_core/pc_reg[30]/CE
                            (rising edge-triggered cell FDCE clocked by clk_out1_clk_wiz_0  {rise@0.000ns fall@10.000ns period=20.000ns})
  Path Group:             clk_out1_clk_wiz_0
  Path Type:              Setup (Max at Slow Process Corner)
  Requirement:            20.000ns  (clk_out1_clk_wiz_0 rise@20.000ns - clk_out1_clk_wiz_0 rise@0.000ns)
  Data Path Delay:        14.789ns  (logic 2.940ns (19.879%)  route 11.849ns (80.121%))
  Logic Levels:           16  (CARRY4=4 LUT4=3 LUT5=2 LUT6=7)
  Clock Path Skew:        -0.103ns (DCD - SCD + CPR)
    Destination Clock Delay (DCD):    -2.065ns = ( 17.935 - 20.000 ) 
    Source Clock Delay      (SCD):    -2.390ns
    Clock Pessimism Removal (CPR):    -0.428ns
  Clock Uncertainty:      0.108ns  ((TSJ^2 + DJ^2)^1/2) / 2 + PE
    Total System Jitter     (TSJ):    0.071ns
    Discrete Jitter          (DJ):    0.203ns
    Phase Error              (PE):    0.000ns

    Location             Delay type                Incr(ns)  Path(ns)    Netlist Resource(s)
  -------------------------------------------------------------------    -------------------
                         (clock clk_out1_clk_wiz_0 rise edge)
                                                      0.000     0.000 r  
    P17                                               0.000     0.000 r  fpga_clk (IN)
                         net (fo=0)                   0.000     0.000    U_clkgen/inst/clk_in1
    P17                  IBUF (Prop_ibuf_I_O)         1.478     1.478 r  U_clkgen/inst/clkin1_ibufg/O
                         net (fo=1, routed)           1.253     2.731    U_clkgen/inst/clk_in1_clk_wiz_0
    PLLE2_ADV_X0Y0       PLLE2_ADV (Prop_plle2_adv_CLKIN1_CLKOUT0)
                                                     -8.486    -5.754 r  U_clkgen/inst/plle2_adv_inst/CLKOUT0
                         net (fo=1, routed)           1.660    -4.094    U_clkgen/inst/clk_out1_clk_wiz_0
    BUFGCTRL_X0Y0        BUFG (Prop_bufg_I_O)         0.096    -3.998 r  U_clkgen/inst/clkout1_buf/O
                         net (fo=4776, routed)        1.608    -2.390    U_cpu/U_core/clk_out1
    SLICE_X62Y76         FDCE                                         r  U_cpu/U_core/ex_mem_rd_reg[0]/C
  -------------------------------------------------------------------    -------------------
    SLICE_X62Y76         FDCE (Prop_fdce_C_Q)         0.456    -1.934 r  U_cpu/U_core/ex_mem_rd_reg[0]/Q
                         net (fo=7, routed)           1.191    -0.743    U_cpu/U_core/U_ALU/U_div/divisor[0]_i_2_0[0]
    SLICE_X62Y79         LUT6 (Prop_lut6_I0_O)        0.124    -0.619 f  U_cpu/U_core/U_ALU/U_div/divisor[0]_i_5/O
                         net (fo=1, routed)           0.655     0.036    U_cpu/U_core/U_ALU/U_div/divisor[0]_i_5_n_0
    SLICE_X63Y79         LUT6 (Prop_lut6_I4_O)        0.124     0.160 f  U_cpu/U_core/U_ALU/U_div/divisor[0]_i_2/O
                         net (fo=34, routed)          0.733     0.893    U_cpu/U_core/U_ALU/U_div/forward_b[0]
    SLICE_X62Y79         LUT4 (Prop_lut4_I3_O)        0.152     1.045 r  U_cpu/U_core/U_ALU/U_div/divisor[4]_i_6__0/O
                         net (fo=32, routed)          1.599     2.644    U_cpu/U_core/U_ALU/U_div/divisor[4]_i_6__0_n_0
    SLICE_X58Y63         LUT6 (Prop_lut6_I0_O)        0.326     2.970 r  U_cpu/U_core/U_ALU/U_div/divisor[5]_i_2/O
                         net (fo=1, routed)           0.444     3.414    U_cpu/U_core/U_ALU/U_div/divisor[5]_i_2_n_0
    SLICE_X58Y63         LUT6 (Prop_lut6_I5_O)        0.124     3.538 r  U_cpu/U_core/U_ALU/U_div/divisor[5]_i_1__0/O
                         net (fo=18, routed)          1.446     4.984    U_cpu/U_core/ex_alu_b[5]
    SLICE_X48Y74         LUT4 (Prop_lut4_I1_O)        0.124     5.108 r  U_cpu/U_core/ex_mem_alu_c[0]_i_82/O
                         net (fo=1, routed)           0.000     5.108    U_cpu/U_core/ex_mem_alu_c[0]_i_82_n_0
    SLICE_X48Y74         CARRY4 (Prop_carry4_S[2]_CO[3])
                                                      0.398     5.506 r  U_cpu/U_core/ex_mem_alu_c_reg[0]_i_60/CO[3]
                         net (fo=1, routed)           0.009     5.515    U_cpu/U_core/ex_mem_alu_c_reg[0]_i_60_n_0
    SLICE_X48Y75         CARRY4 (Prop_carry4_CI_CO[3])
                                                      0.114     5.629 r  U_cpu/U_core/ex_mem_alu_c_reg[0]_i_40/CO[3]
                         net (fo=1, routed)           0.000     5.629    U_cpu/U_core/ex_mem_alu_c_reg[0]_i_40_n_0
    SLICE_X48Y76         CARRY4 (Prop_carry4_CI_CO[3])
                                                      0.114     5.743 r  U_cpu/U_core/ex_mem_alu_c_reg[0]_i_20/CO[3]
                         net (fo=1, routed)           0.000     5.743    U_cpu/U_core/ex_mem_alu_c_reg[0]_i_20_n_0
    SLICE_X48Y77         CARRY4 (Prop_carry4_CI_CO[3])
                                                      0.114     5.857 r  U_cpu/U_core/ex_mem_alu_c_reg[0]_i_6/CO[3]
                         net (fo=3, routed)           1.003     6.860    U_cpu/U_core/ex_mem_alu_c_reg[0]_i_6_n_0
    SLICE_X50Y77         LUT6 (Prop_lut6_I0_O)        0.124     6.984 r  U_cpu/U_core/pc[31]_i_15/O
                         net (fo=1, routed)           0.575     7.559    U_cpu/U_core/pc[31]_i_15_n_0
    SLICE_X51Y78         LUT6 (Prop_lut6_I4_O)        0.124     7.683 r  U_cpu/U_core/pc[31]_i_7/O
                         net (fo=1, routed)           0.435     8.119    U_cpu/U_core/pc[31]_i_7_n_0
    SLICE_X52Y77         LUT6 (Prop_lut6_I3_O)        0.124     8.243 r  U_cpu/U_core/pc[31]_i_3/O
                         net (fo=66, routed)          0.831     9.074    U_cpu/U_core/U_ALU/U_divu/ex_br_taken
    SLICE_X55Y73         LUT5 (Prop_lut5_I3_O)        0.124     9.198 r  U_cpu/U_core/U_ALU/U_divu/fetch_inst_r[31]_i_6/O
                         net (fo=103, routed)         0.690     9.888    U_cpu/U_core/U_ALU/U_divu/mul_div_stall_d_reg
    SLICE_X55Y67         LUT4 (Prop_lut4_I1_O)        0.124    10.012 f  U_cpu/U_core/U_ALU/U_divu/fetch_inst_r[31]_i_5/O
                         net (fo=5, routed)           1.104    11.116    U_cpu/U_core/U_ALU/U_divu/dc_dev_rvalid_reg
    SLICE_X47Y61         LUT5 (Prop_lut5_I1_O)        0.150    11.266 r  U_cpu/U_core/U_ALU/U_divu/pc[31]_i_1/O
                         net (fo=32, routed)          1.134    12.400    U_cpu/U_core/U_ALU_n_223
    SLICE_X50Y73         FDCE                                         r  U_cpu/U_core/pc_reg[30]/CE
  -------------------------------------------------------------------    -------------------

                         (clock clk_out1_clk_wiz_0 rise edge)
                                                     20.000    20.000 r  
    P17                                               0.000    20.000 r  fpga_clk (IN)
                         net (fo=0)                   0.000    20.000    U_clkgen/inst/clk_in1
    P17                  IBUF (Prop_ibuf_I_O)         1.408    21.408 r  U_clkgen/inst/clkin1_ibufg/O
                         net (fo=1, routed)           1.181    22.589    U_clkgen/inst/clk_in1_clk_wiz_0
    PLLE2_ADV_X0Y0       PLLE2_ADV (Prop_plle2_adv_CLKIN1_CLKOUT0)
                                                     -7.753    14.835 r  U_clkgen/inst/plle2_adv_inst/CLKOUT0
                         net (fo=1, routed)           1.582    16.417    U_clkgen/inst/clk_out1_clk_wiz_0
    BUFGCTRL_X0Y0        BUFG (Prop_bufg_I_O)         0.091    16.508 r  U_clkgen/inst/clkout1_buf/O
                         net (fo=4776, routed)        1.427    17.935    U_cpu/U_core/clk_out1
    SLICE_X50Y73         FDCE                                         r  U_cpu/U_core/pc_reg[30]/C
                         clock pessimism             -0.428    17.507    
                         clock uncertainty           -0.108    17.399    
    SLICE_X50Y73         FDCE (Setup_fdce_C_CE)      -0.371    17.028    U_cpu/U_core/pc_reg[30]
  -------------------------------------------------------------------
                         required time                         17.028    
                         arrival time                         -12.400    
  -------------------------------------------------------------------
                         slack                                  4.629    

Slack (MET) :             4.650ns  (required time - arrival time)
  Source:                 U_cpu/U_core/ex_mem_rd_reg[0]/C
                            (rising edge-triggered cell FDCE clocked by clk_out1_clk_wiz_0  {rise@0.000ns fall@10.000ns period=20.000ns})
  Destination:            U_cpu/U_core/pc_reg[20]/CE
                            (rising edge-triggered cell FDCE clocked by clk_out1_clk_wiz_0  {rise@0.000ns fall@10.000ns period=20.000ns})
  Path Group:             clk_out1_clk_wiz_0
  Path Type:              Setup (Max at Slow Process Corner)
  Requirement:            20.000ns  (clk_out1_clk_wiz_0 rise@20.000ns - clk_out1_clk_wiz_0 rise@0.000ns)
  Data Path Delay:        14.735ns  (logic 2.940ns (19.953%)  route 11.795ns (80.047%))
  Logic Levels:           16  (CARRY4=4 LUT4=3 LUT5=2 LUT6=7)
  Clock Path Skew:        -0.101ns (DCD - SCD + CPR)
    Destination Clock Delay (DCD):    -2.063ns = ( 17.937 - 20.000 ) 
    Source Clock Delay      (SCD):    -2.390ns
    Clock Pessimism Removal (CPR):    -0.428ns
  Clock Uncertainty:      0.108ns  ((TSJ^2 + DJ^2)^1/2) / 2 + PE
    Total System Jitter     (TSJ):    0.071ns
    Discrete Jitter          (DJ):    0.203ns
    Phase Error              (PE):    0.000ns

    Location             Delay type                Incr(ns)  Path(ns)    Netlist Resource(s)
  -------------------------------------------------------------------    -------------------
                         (clock clk_out1_clk_wiz_0 rise edge)
                                                      0.000     0.000 r  
    P17                                               0.000     0.000 r  fpga_clk (IN)
                         net (fo=0)                   0.000     0.000    U_clkgen/inst/clk_in1
    P17                  IBUF (Prop_ibuf_I_O)         1.478     1.478 r  U_clkgen/inst/clkin1_ibufg/O
                         net (fo=1, routed)           1.253     2.731    U_clkgen/inst/clk_in1_clk_wiz_0
    PLLE2_ADV_X0Y0       PLLE2_ADV (Prop_plle2_adv_CLKIN1_CLKOUT0)
                                                     -8.486    -5.754 r  U_clkgen/inst/plle2_adv_inst/CLKOUT0
                         net (fo=1, routed)           1.660    -4.094    U_clkgen/inst/clk_out1_clk_wiz_0
    BUFGCTRL_X0Y0        BUFG (Prop_bufg_I_O)         0.096    -3.998 r  U_clkgen/inst/clkout1_buf/O
                         net (fo=4776, routed)        1.608    -2.390    U_cpu/U_core/clk_out1
    SLICE_X62Y76         FDCE                                         r  U_cpu/U_core/ex_mem_rd_reg[0]/C
  -------------------------------------------------------------------    -------------------
    SLICE_X62Y76         FDCE (Prop_fdce_C_Q)         0.456    -1.934 r  U_cpu/U_core/ex_mem_rd_reg[0]/Q
                         net (fo=7, routed)           1.191    -0.743    U_cpu/U_core/U_ALU/U_div/divisor[0]_i_2_0[0]
    SLICE_X62Y79         LUT6 (Prop_lut6_I0_O)        0.124    -0.619 f  U_cpu/U_core/U_ALU/U_div/divisor[0]_i_5/O
                         net (fo=1, routed)           0.655     0.036    U_cpu/U_core/U_ALU/U_div/divisor[0]_i_5_n_0
    SLICE_X63Y79         LUT6 (Prop_lut6_I4_O)        0.124     0.160 f  U_cpu/U_core/U_ALU/U_div/divisor[0]_i_2/O
                         net (fo=34, routed)          0.733     0.893    U_cpu/U_core/U_ALU/U_div/forward_b[0]
    SLICE_X62Y79         LUT4 (Prop_lut4_I3_O)        0.152     1.045 r  U_cpu/U_core/U_ALU/U_div/divisor[4]_i_6__0/O
                         net (fo=32, routed)          1.599     2.644    U_cpu/U_core/U_ALU/U_div/divisor[4]_i_6__0_n_0
    SLICE_X58Y63         LUT6 (Prop_lut6_I0_O)        0.326     2.970 r  U_cpu/U_core/U_ALU/U_div/divisor[5]_i_2/O
                         net (fo=1, routed)           0.444     3.414    U_cpu/U_core/U_ALU/U_div/divisor[5]_i_2_n_0
    SLICE_X58Y63         LUT6 (Prop_lut6_I5_O)        0.124     3.538 r  U_cpu/U_core/U_ALU/U_div/divisor[5]_i_1__0/O
                         net (fo=18, routed)          1.446     4.984    U_cpu/U_core/ex_alu_b[5]
    SLICE_X48Y74         LUT4 (Prop_lut4_I1_O)        0.124     5.108 r  U_cpu/U_core/ex_mem_alu_c[0]_i_82/O
                         net (fo=1, routed)           0.000     5.108    U_cpu/U_core/ex_mem_alu_c[0]_i_82_n_0
    SLICE_X48Y74         CARRY4 (Prop_carry4_S[2]_CO[3])
                                                      0.398     5.506 r  U_cpu/U_core/ex_mem_alu_c_reg[0]_i_60/CO[3]
                         net (fo=1, routed)           0.009     5.515    U_cpu/U_core/ex_mem_alu_c_reg[0]_i_60_n_0
    SLICE_X48Y75         CARRY4 (Prop_carry4_CI_CO[3])
                                                      0.114     5.629 r  U_cpu/U_core/ex_mem_alu_c_reg[0]_i_40/CO[3]
                         net (fo=1, routed)           0.000     5.629    U_cpu/U_core/ex_mem_alu_c_reg[0]_i_40_n_0
    SLICE_X48Y76         CARRY4 (Prop_carry4_CI_CO[3])
                                                      0.114     5.743 r  U_cpu/U_core/ex_mem_alu_c_reg[0]_i_20/CO[3]
                         net (fo=1, routed)           0.000     5.743    U_cpu/U_core/ex_mem_alu_c_reg[0]_i_20_n_0
    SLICE_X48Y77         CARRY4 (Prop_carry4_CI_CO[3])
                                                      0.114     5.857 r  U_cpu/U_core/ex_mem_alu_c_reg[0]_i_6/CO[3]
                         net (fo=3, routed)           1.003     6.860    U_cpu/U_core/ex_mem_alu_c_reg[0]_i_6_n_0
    SLICE_X50Y77         LUT6 (Prop_lut6_I0_O)        0.124     6.984 r  U_cpu/U_core/pc[31]_i_15/O
                         net (fo=1, routed)           0.575     7.559    U_cpu/U_core/pc[31]_i_15_n_0
    SLICE_X51Y78         LUT6 (Prop_lut6_I4_O)        0.124     7.683 r  U_cpu/U_core/pc[31]_i_7/O
                         net (fo=1, routed)           0.435     8.119    U_cpu/U_core/pc[31]_i_7_n_0
    SLICE_X52Y77         LUT6 (Prop_lut6_I3_O)        0.124     8.243 r  U_cpu/U_core/pc[31]_i_3/O
                         net (fo=66, routed)          0.831     9.074    U_cpu/U_core/U_ALU/U_divu/ex_br_taken
    SLICE_X55Y73         LUT5 (Prop_lut5_I3_O)        0.124     9.198 r  U_cpu/U_core/U_ALU/U_divu/fetch_inst_r[31]_i_6/O
                         net (fo=103, routed)         0.690     9.888    U_cpu/U_core/U_ALU/U_divu/mul_div_stall_d_reg
    SLICE_X55Y67         LUT4 (Prop_lut4_I1_O)        0.124    10.012 f  U_cpu/U_core/U_ALU/U_divu/fetch_inst_r[31]_i_5/O
                         net (fo=5, routed)           1.104    11.116    U_cpu/U_core/U_ALU/U_divu/dc_dev_rvalid_reg
    SLICE_X47Y61         LUT5 (Prop_lut5_I1_O)        0.150    11.266 r  U_cpu/U_core/U_ALU/U_divu/pc[31]_i_1/O
                         net (fo=32, routed)          1.079    12.345    U_cpu/U_core/U_ALU_n_223
    SLICE_X49Y71         FDCE                                         r  U_cpu/U_core/pc_reg[20]/CE
  -------------------------------------------------------------------    -------------------

                         (clock clk_out1_clk_wiz_0 rise edge)
                                                     20.000    20.000 r  
    P17                                               0.000    20.000 r  fpga_clk (IN)
                         net (fo=0)                   0.000    20.000    U_clkgen/inst/clk_in1
    P17                  IBUF (Prop_ibuf_I_O)         1.408    21.408 r  U_clkgen/inst/clkin1_ibufg/O
                         net (fo=1, routed)           1.181    22.589    U_clkgen/inst/clk_in1_clk_wiz_0
    PLLE2_ADV_X0Y0       PLLE2_ADV (Prop_plle2_adv_CLKIN1_CLKOUT0)
                                                     -7.753    14.835 r  U_clkgen/inst/plle2_adv_inst/CLKOUT0
                         net (fo=1, routed)           1.582    16.417    U_clkgen/inst/clk_out1_clk_wiz_0
    BUFGCTRL_X0Y0        BUFG (Prop_bufg_I_O)         0.091    16.508 r  U_clkgen/inst/clkout1_buf/O
                         net (fo=4776, routed)        1.429    17.937    U_cpu/U_core/clk_out1
    SLICE_X49Y71         FDCE                                         r  U_cpu/U_core/pc_reg[20]/C
                         clock pessimism             -0.428    17.509    
                         clock uncertainty           -0.108    17.401    
    SLICE_X49Y71         FDCE (Setup_fdce_C_CE)      -0.407    16.994    U_cpu/U_core/pc_reg[20]
  -------------------------------------------------------------------
                         required time                         16.994    
                         arrival time                         -12.345    
  -------------------------------------------------------------------
                         slack                                  4.650    

Slack (MET) :             4.650ns  (required time - arrival time)
  Source:                 U_cpu/U_core/ex_mem_rd_reg[0]/C
                            (rising edge-triggered cell FDCE clocked by clk_out1_clk_wiz_0  {rise@0.000ns fall@10.000ns period=20.000ns})
  Destination:            U_cpu/U_core/pc_reg[21]/CE
                            (rising edge-triggered cell FDCE clocked by clk_out1_clk_wiz_0  {rise@0.000ns fall@10.000ns period=20.000ns})
  Path Group:             clk_out1_clk_wiz_0
  Path Type:              Setup (Max at Slow Process Corner)
  Requirement:            20.000ns  (clk_out1_clk_wiz_0 rise@20.000ns - clk_out1_clk_wiz_0 rise@0.000ns)
  Data Path Delay:        14.735ns  (logic 2.940ns (19.953%)  route 11.795ns (80.047%))
  Logic Levels:           16  (CARRY4=4 LUT4=3 LUT5=2 LUT6=7)
  Clock Path Skew:        -0.101ns (DCD - SCD + CPR)
    Destination Clock Delay (DCD):    -2.063ns = ( 17.937 - 20.000 ) 
    Source Clock Delay      (SCD):    -2.390ns
    Clock Pessimism Removal (CPR):    -0.428ns
  Clock Uncertainty:      0.108ns  ((TSJ^2 + DJ^2)^1/2) / 2 + PE
    Total System Jitter     (TSJ):    0.071ns
    Discrete Jitter          (DJ):    0.203ns
    Phase Error              (PE):    0.000ns

    Location             Delay type                Incr(ns)  Path(ns)    Netlist Resource(s)
  -------------------------------------------------------------------    -------------------
                         (clock clk_out1_clk_wiz_0 rise edge)
                                                      0.000     0.000 r  
    P17                                               0.000     0.000 r  fpga_clk (IN)
                         net (fo=0)                   0.000     0.000    U_clkgen/inst/clk_in1
    P17                  IBUF (Prop_ibuf_I_O)         1.478     1.478 r  U_clkgen/inst/clkin1_ibufg/O
                         net (fo=1, routed)           1.253     2.731    U_clkgen/inst/clk_in1_clk_wiz_0
    PLLE2_ADV_X0Y0       PLLE2_ADV (Prop_plle2_adv_CLKIN1_CLKOUT0)
                                                     -8.486    -5.754 r  U_clkgen/inst/plle2_adv_inst/CLKOUT0
                         net (fo=1, routed)           1.660    -4.094    U_clkgen/inst/clk_out1_clk_wiz_0
    BUFGCTRL_X0Y0        BUFG (Prop_bufg_I_O)         0.096    -3.998 r  U_clkgen/inst/clkout1_buf/O
                         net (fo=4776, routed)        1.608    -2.390    U_cpu/U_core/clk_out1
    SLICE_X62Y76         FDCE                                         r  U_cpu/U_core/ex_mem_rd_reg[0]/C
  -------------------------------------------------------------------    -------------------
    SLICE_X62Y76         FDCE (Prop_fdce_C_Q)         0.456    -1.934 r  U_cpu/U_core/ex_mem_rd_reg[0]/Q
                         net (fo=7, routed)           1.191    -0.743    U_cpu/U_core/U_ALU/U_div/divisor[0]_i_2_0[0]
    SLICE_X62Y79         LUT6 (Prop_lut6_I0_O)        0.124    -0.619 f  U_cpu/U_core/U_ALU/U_div/divisor[0]_i_5/O
                         net (fo=1, routed)           0.655     0.036    U_cpu/U_core/U_ALU/U_div/divisor[0]_i_5_n_0
    SLICE_X63Y79         LUT6 (Prop_lut6_I4_O)        0.124     0.160 f  U_cpu/U_core/U_ALU/U_div/divisor[0]_i_2/O
                         net (fo=34, routed)          0.733     0.893    U_cpu/U_core/U_ALU/U_div/forward_b[0]
    SLICE_X62Y79         LUT4 (Prop_lut4_I3_O)        0.152     1.045 r  U_cpu/U_core/U_ALU/U_div/divisor[4]_i_6__0/O
                         net (fo=32, routed)          1.599     2.644    U_cpu/U_core/U_ALU/U_div/divisor[4]_i_6__0_n_0
    SLICE_X58Y63         LUT6 (Prop_lut6_I0_O)        0.326     2.970 r  U_cpu/U_core/U_ALU/U_div/divisor[5]_i_2/O
                         net (fo=1, routed)           0.444     3.414    U_cpu/U_core/U_ALU/U_div/divisor[5]_i_2_n_0
    SLICE_X58Y63         LUT6 (Prop_lut6_I5_O)        0.124     3.538 r  U_cpu/U_core/U_ALU/U_div/divisor[5]_i_1__0/O
                         net (fo=18, routed)          1.446     4.984    U_cpu/U_core/ex_alu_b[5]
    SLICE_X48Y74         LUT4 (Prop_lut4_I1_O)        0.124     5.108 r  U_cpu/U_core/ex_mem_alu_c[0]_i_82/O
                         net (fo=1, routed)           0.000     5.108    U_cpu/U_core/ex_mem_alu_c[0]_i_82_n_0
    SLICE_X48Y74         CARRY4 (Prop_carry4_S[2]_CO[3])
                                                      0.398     5.506 r  U_cpu/U_core/ex_mem_alu_c_reg[0]_i_60/CO[3]
                         net (fo=1, routed)           0.009     5.515    U_cpu/U_core/ex_mem_alu_c_reg[0]_i_60_n_0
    SLICE_X48Y75         CARRY4 (Prop_carry4_CI_CO[3])
                                                      0.114     5.629 r  U_cpu/U_core/ex_mem_alu_c_reg[0]_i_40/CO[3]
                         net (fo=1, routed)           0.000     5.629    U_cpu/U_core/ex_mem_alu_c_reg[0]_i_40_n_0
    SLICE_X48Y76         CARRY4 (Prop_carry4_CI_CO[3])
                                                      0.114     5.743 r  U_cpu/U_core/ex_mem_alu_c_reg[0]_i_20/CO[3]
                         net (fo=1, routed)           0.000     5.743    U_cpu/U_core/ex_mem_alu_c_reg[0]_i_20_n_0
    SLICE_X48Y77         CARRY4 (Prop_carry4_CI_CO[3])
                                                      0.114     5.857 r  U_cpu/U_core/ex_mem_alu_c_reg[0]_i_6/CO[3]
                         net (fo=3, routed)           1.003     6.860    U_cpu/U_core/ex_mem_alu_c_reg[0]_i_6_n_0
    SLICE_X50Y77         LUT6 (Prop_lut6_I0_O)        0.124     6.984 r  U_cpu/U_core/pc[31]_i_15/O
                         net (fo=1, routed)           0.575     7.559    U_cpu/U_core/pc[31]_i_15_n_0
    SLICE_X51Y78         LUT6 (Prop_lut6_I4_O)        0.124     7.683 r  U_cpu/U_core/pc[31]_i_7/O
                         net (fo=1, routed)           0.435     8.119    U_cpu/U_core/pc[31]_i_7_n_0
    SLICE_X52Y77         LUT6 (Prop_lut6_I3_O)        0.124     8.243 r  U_cpu/U_core/pc[31]_i_3/O
                         net (fo=66, routed)          0.831     9.074    U_cpu/U_core/U_ALU/U_divu/ex_br_taken
    SLICE_X55Y73         LUT5 (Prop_lut5_I3_O)        0.124     9.198 r  U_cpu/U_core/U_ALU/U_divu/fetch_inst_r[31]_i_6/O
                         net (fo=103, routed)         0.690     9.888    U_cpu/U_core/U_ALU/U_divu/mul_div_stall_d_reg
    SLICE_X55Y67         LUT4 (Prop_lut4_I1_O)        0.124    10.012 f  U_cpu/U_core/U_ALU/U_divu/fetch_inst_r[31]_i_5/O
                         net (fo=5, routed)           1.104    11.116    U_cpu/U_core/U_ALU/U_divu/dc_dev_rvalid_reg
    SLICE_X47Y61         LUT5 (Prop_lut5_I1_O)        0.150    11.266 r  U_cpu/U_core/U_ALU/U_divu/pc[31]_i_1/O
                         net (fo=32, routed)          1.079    12.345    U_cpu/U_core/U_ALU_n_223
    SLICE_X49Y71         FDCE                                         r  U_cpu/U_core/pc_reg[21]/CE
  -------------------------------------------------------------------    -------------------

                         (clock clk_out1_clk_wiz_0 rise edge)
                                                     20.000    20.000 r  
    P17                                               0.000    20.000 r  fpga_clk (IN)
                         net (fo=0)                   0.000    20.000    U_clkgen/inst/clk_in1
    P17                  IBUF (Prop_ibuf_I_O)         1.408    21.408 r  U_clkgen/inst/clkin1_ibufg/O
                         net (fo=1, routed)           1.181    22.589    U_clkgen/inst/clk_in1_clk_wiz_0
    PLLE2_ADV_X0Y0       PLLE2_ADV (Prop_plle2_adv_CLKIN1_CLKOUT0)
                                                     -7.753    14.835 r  U_clkgen/inst/plle2_adv_inst/CLKOUT0
                         net (fo=1, routed)           1.582    16.417    U_clkgen/inst/clk_out1_clk_wiz_0
    BUFGCTRL_X0Y0        BUFG (Prop_bufg_I_O)         0.091    16.508 r  U_clkgen/inst/clkout1_buf/O
                         net (fo=4776, routed)        1.429    17.937    U_cpu/U_core/clk_out1
    SLICE_X49Y71         FDCE                                         r  U_cpu/U_core/pc_reg[21]/C
                         clock pessimism             -0.428    17.509    
                         clock uncertainty           -0.108    17.401    
    SLICE_X49Y71         FDCE (Setup_fdce_C_CE)      -0.407    16.994    U_cpu/U_core/pc_reg[21]
  -------------------------------------------------------------------
                         required time                         16.994    
                         arrival time                         -12.345    
  -------------------------------------------------------------------
                         slack                                  4.650    

Slack (MET) :             4.650ns  (required time - arrival time)
  Source:                 U_cpu/U_core/ex_mem_rd_reg[0]/C
                            (rising edge-triggered cell FDCE clocked by clk_out1_clk_wiz_0  {rise@0.000ns fall@10.000ns period=20.000ns})
  Destination:            U_cpu/U_core/pc_reg[24]/CE
                            (rising edge-triggered cell FDCE clocked by clk_out1_clk_wiz_0  {rise@0.000ns fall@10.000ns period=20.000ns})
  Path Group:             clk_out1_clk_wiz_0
  Path Type:              Setup (Max at Slow Process Corner)
  Requirement:            20.000ns  (clk_out1_clk_wiz_0 rise@20.000ns - clk_out1_clk_wiz_0 rise@0.000ns)
  Data Path Delay:        14.735ns  (logic 2.940ns (19.953%)  route 11.795ns (80.047%))
  Logic Levels:           16  (CARRY4=4 LUT4=3 LUT5=2 LUT6=7)
  Clock Path Skew:        -0.101ns (DCD - SCD + CPR)
    Destination Clock Delay (DCD):    -2.063ns = ( 17.937 - 20.000 ) 
    Source Clock Delay      (SCD):    -2.390ns
    Clock Pessimism Removal (CPR):    -0.428ns
  Clock Uncertainty:      0.108ns  ((TSJ^2 + DJ^2)^1/2) / 2 + PE
    Total System Jitter     (TSJ):    0.071ns
    Discrete Jitter          (DJ):    0.203ns
    Phase Error              (PE):    0.000ns

    Location             Delay type                Incr(ns)  Path(ns)    Netlist Resource(s)
  -------------------------------------------------------------------    -------------------
                         (clock clk_out1_clk_wiz_0 rise edge)
                                                      0.000     0.000 r  
    P17                                               0.000     0.000 r  fpga_clk (IN)
                         net (fo=0)                   0.000     0.000    U_clkgen/inst/clk_in1
    P17                  IBUF (Prop_ibuf_I_O)         1.478     1.478 r  U_clkgen/inst/clkin1_ibufg/O
                         net (fo=1, routed)           1.253     2.731    U_clkgen/inst/clk_in1_clk_wiz_0
    PLLE2_ADV_X0Y0       PLLE2_ADV (Prop_plle2_adv_CLKIN1_CLKOUT0)
                                                     -8.486    -5.754 r  U_clkgen/inst/plle2_adv_inst/CLKOUT0
                         net (fo=1, routed)           1.660    -4.094    U_clkgen/inst/clk_out1_clk_wiz_0
    BUFGCTRL_X0Y0        BUFG (Prop_bufg_I_O)         0.096    -3.998 r  U_clkgen/inst/clkout1_buf/O
                         net (fo=4776, routed)        1.608    -2.390    U_cpu/U_core/clk_out1
    SLICE_X62Y76         FDCE                                         r  U_cpu/U_core/ex_mem_rd_reg[0]/C
  -------------------------------------------------------------------    -------------------
    SLICE_X62Y76         FDCE (Prop_fdce_C_Q)         0.456    -1.934 r  U_cpu/U_core/ex_mem_rd_reg[0]/Q
                         net (fo=7, routed)           1.191    -0.743    U_cpu/U_core/U_ALU/U_div/divisor[0]_i_2_0[0]
    SLICE_X62Y79         LUT6 (Prop_lut6_I0_O)        0.124    -0.619 f  U_cpu/U_core/U_ALU/U_div/divisor[0]_i_5/O
                         net (fo=1, routed)           0.655     0.036    U_cpu/U_core/U_ALU/U_div/divisor[0]_i_5_n_0
    SLICE_X63Y79         LUT6 (Prop_lut6_I4_O)        0.124     0.160 f  U_cpu/U_core/U_ALU/U_div/divisor[0]_i_2/O
                         net (fo=34, routed)          0.733     0.893    U_cpu/U_core/U_ALU/U_div/forward_b[0]
    SLICE_X62Y79         LUT4 (Prop_lut4_I3_O)        0.152     1.045 r  U_cpu/U_core/U_ALU/U_div/divisor[4]_i_6__0/O
                         net (fo=32, routed)          1.599     2.644    U_cpu/U_core/U_ALU/U_div/divisor[4]_i_6__0_n_0
    SLICE_X58Y63         LUT6 (Prop_lut6_I0_O)        0.326     2.970 r  U_cpu/U_core/U_ALU/U_div/divisor[5]_i_2/O
                         net (fo=1, routed)           0.444     3.414    U_cpu/U_core/U_ALU/U_div/divisor[5]_i_2_n_0
    SLICE_X58Y63         LUT6 (Prop_lut6_I5_O)        0.124     3.538 r  U_cpu/U_core/U_ALU/U_div/divisor[5]_i_1__0/O
                         net (fo=18, routed)          1.446     4.984    U_cpu/U_core/ex_alu_b[5]
    SLICE_X48Y74         LUT4 (Prop_lut4_I1_O)        0.124     5.108 r  U_cpu/U_core/ex_mem_alu_c[0]_i_82/O
                         net (fo=1, routed)           0.000     5.108    U_cpu/U_core/ex_mem_alu_c[0]_i_82_n_0
    SLICE_X48Y74         CARRY4 (Prop_carry4_S[2]_CO[3])
                                                      0.398     5.506 r  U_cpu/U_core/ex_mem_alu_c_reg[0]_i_60/CO[3]
                         net (fo=1, routed)           0.009     5.515    U_cpu/U_core/ex_mem_alu_c_reg[0]_i_60_n_0
    SLICE_X48Y75         CARRY4 (Prop_carry4_CI_CO[3])
                                                      0.114     5.629 r  U_cpu/U_core/ex_mem_alu_c_reg[0]_i_40/CO[3]
                         net (fo=1, routed)           0.000     5.629    U_cpu/U_core/ex_mem_alu_c_reg[0]_i_40_n_0
    SLICE_X48Y76         CARRY4 (Prop_carry4_CI_CO[3])
                                                      0.114     5.743 r  U_cpu/U_core/ex_mem_alu_c_reg[0]_i_20/CO[3]
                         net (fo=1, routed)           0.000     5.743    U_cpu/U_core/ex_mem_alu_c_reg[0]_i_20_n_0
    SLICE_X48Y77         CARRY4 (Prop_carry4_CI_CO[3])
                                                      0.114     5.857 r  U_cpu/U_core/ex_mem_alu_c_reg[0]_i_6/CO[3]
                         net (fo=3, routed)           1.003     6.860    U_cpu/U_core/ex_mem_alu_c_reg[0]_i_6_n_0
    SLICE_X50Y77         LUT6 (Prop_lut6_I0_O)        0.124     6.984 r  U_cpu/U_core/pc[31]_i_15/O
                         net (fo=1, routed)           0.575     7.559    U_cpu/U_core/pc[31]_i_15_n_0
    SLICE_X51Y78         LUT6 (Prop_lut6_I4_O)        0.124     7.683 r  U_cpu/U_core/pc[31]_i_7/O
                         net (fo=1, routed)           0.435     8.119    U_cpu/U_core/pc[31]_i_7_n_0
    SLICE_X52Y77         LUT6 (Prop_lut6_I3_O)        0.124     8.243 r  U_cpu/U_core/pc[31]_i_3/O
                         net (fo=66, routed)          0.831     9.074    U_cpu/U_core/U_ALU/U_divu/ex_br_taken
    SLICE_X55Y73         LUT5 (Prop_lut5_I3_O)        0.124     9.198 r  U_cpu/U_core/U_ALU/U_divu/fetch_inst_r[31]_i_6/O
                         net (fo=103, routed)         0.690     9.888    U_cpu/U_core/U_ALU/U_divu/mul_div_stall_d_reg
    SLICE_X55Y67         LUT4 (Prop_lut4_I1_O)        0.124    10.012 f  U_cpu/U_core/U_ALU/U_divu/fetch_inst_r[31]_i_5/O
                         net (fo=5, routed)           1.104    11.116    U_cpu/U_core/U_ALU/U_divu/dc_dev_rvalid_reg
    SLICE_X47Y61         LUT5 (Prop_lut5_I1_O)        0.150    11.266 r  U_cpu/U_core/U_ALU/U_divu/pc[31]_i_1/O
                         net (fo=32, routed)          1.079    12.345    U_cpu/U_core/U_ALU_n_223
    SLICE_X49Y71         FDCE                                         r  U_cpu/U_core/pc_reg[24]/CE
  -------------------------------------------------------------------    -------------------

                         (clock clk_out1_clk_wiz_0 rise edge)
                                                     20.000    20.000 r  
    P17                                               0.000    20.000 r  fpga_clk (IN)
                         net (fo=0)                   0.000    20.000    U_clkgen/inst/clk_in1
    P17                  IBUF (Prop_ibuf_I_O)         1.408    21.408 r  U_clkgen/inst/clkin1_ibufg/O
                         net (fo=1, routed)           1.181    22.589    U_clkgen/inst/clk_in1_clk_wiz_0
    PLLE2_ADV_X0Y0       PLLE2_ADV (Prop_plle2_adv_CLKIN1_CLKOUT0)
                                                     -7.753    14.835 r  U_clkgen/inst/plle2_adv_inst/CLKOUT0
                         net (fo=1, routed)           1.582    16.417    U_clkgen/inst/clk_out1_clk_wiz_0
    BUFGCTRL_X0Y0        BUFG (Prop_bufg_I_O)         0.091    16.508 r  U_clkgen/inst/clkout1_buf/O
                         net (fo=4776, routed)        1.429    17.937    U_cpu/U_core/clk_out1
    SLICE_X49Y71         FDCE                                         r  U_cpu/U_core/pc_reg[24]/C
                         clock pessimism             -0.428    17.509    
                         clock uncertainty           -0.108    17.401    
    SLICE_X49Y71         FDCE (Setup_fdce_C_CE)      -0.407    16.994    U_cpu/U_core/pc_reg[24]
  -------------------------------------------------------------------
                         required time                         16.994    
                         arrival time                         -12.345    
  -------------------------------------------------------------------
                         slack                                  4.650    

Slack (MET) :             4.650ns  (required time - arrival time)
  Source:                 U_cpu/U_core/ex_mem_rd_reg[0]/C
                            (rising edge-triggered cell FDCE clocked by clk_out1_clk_wiz_0  {rise@0.000ns fall@10.000ns period=20.000ns})
  Destination:            U_cpu/U_core/pc_reg[25]/CE
                            (rising edge-triggered cell FDCE clocked by clk_out1_clk_wiz_0  {rise@0.000ns fall@10.000ns period=20.000ns})
  Path Group:             clk_out1_clk_wiz_0
  Path Type:              Setup (Max at Slow Process Corner)
  Requirement:            20.000ns  (clk_out1_clk_wiz_0 rise@20.000ns - clk_out1_clk_wiz_0 rise@0.000ns)
  Data Path Delay:        14.735ns  (logic 2.940ns (19.953%)  route 11.795ns (80.047%))
  Logic Levels:           16  (CARRY4=4 LUT4=3 LUT5=2 LUT6=7)
  Clock Path Skew:        -0.101ns (DCD - SCD + CPR)
    Destination Clock Delay (DCD):    -2.063ns = ( 17.937 - 20.000 ) 
    Source Clock Delay      (SCD):    -2.390ns
    Clock Pessimism Removal (CPR):    -0.428ns
  Clock Uncertainty:      0.108ns  ((TSJ^2 + DJ^2)^1/2) / 2 + PE
    Total System Jitter     (TSJ):    0.071ns
    Discrete Jitter          (DJ):    0.203ns
    Phase Error              (PE):    0.000ns

    Location             Delay type                Incr(ns)  Path(ns)    Netlist Resource(s)
  -------------------------------------------------------------------    -------------------
                         (clock clk_out1_clk_wiz_0 rise edge)
                                                      0.000     0.000 r  
    P17                                               0.000     0.000 r  fpga_clk (IN)
                         net (fo=0)                   0.000     0.000    U_clkgen/inst/clk_in1
    P17                  IBUF (Prop_ibuf_I_O)         1.478     1.478 r  U_clkgen/inst/clkin1_ibufg/O
                         net (fo=1, routed)           1.253     2.731    U_clkgen/inst/clk_in1_clk_wiz_0
    PLLE2_ADV_X0Y0       PLLE2_ADV (Prop_plle2_adv_CLKIN1_CLKOUT0)
                                                     -8.486    -5.754 r  U_clkgen/inst/plle2_adv_inst/CLKOUT0
                         net (fo=1, routed)           1.660    -4.094    U_clkgen/inst/clk_out1_clk_wiz_0
    BUFGCTRL_X0Y0        BUFG (Prop_bufg_I_O)         0.096    -3.998 r  U_clkgen/inst/clkout1_buf/O
                         net (fo=4776, routed)        1.608    -2.390    U_cpu/U_core/clk_out1
    SLICE_X62Y76         FDCE                                         r  U_cpu/U_core/ex_mem_rd_reg[0]/C
  -------------------------------------------------------------------    -------------------
    SLICE_X62Y76         FDCE (Prop_fdce_C_Q)         0.456    -1.934 r  U_cpu/U_core/ex_mem_rd_reg[0]/Q
                         net (fo=7, routed)           1.191    -0.743    U_cpu/U_core/U_ALU/U_div/divisor[0]_i_2_0[0]
    SLICE_X62Y79         LUT6 (Prop_lut6_I0_O)        0.124    -0.619 f  U_cpu/U_core/U_ALU/U_div/divisor[0]_i_5/O
                         net (fo=1, routed)           0.655     0.036    U_cpu/U_core/U_ALU/U_div/divisor[0]_i_5_n_0
    SLICE_X63Y79         LUT6 (Prop_lut6_I4_O)        0.124     0.160 f  U_cpu/U_core/U_ALU/U_div/divisor[0]_i_2/O
                         net (fo=34, routed)          0.733     0.893    U_cpu/U_core/U_ALU/U_div/forward_b[0]
    SLICE_X62Y79         LUT4 (Prop_lut4_I3_O)        0.152     1.045 r  U_cpu/U_core/U_ALU/U_div/divisor[4]_i_6__0/O
                         net (fo=32, routed)          1.599     2.644    U_cpu/U_core/U_ALU/U_div/divisor[4]_i_6__0_n_0
    SLICE_X58Y63         LUT6 (Prop_lut6_I0_O)        0.326     2.970 r  U_cpu/U_core/U_ALU/U_div/divisor[5]_i_2/O
                         net (fo=1, routed)           0.444     3.414    U_cpu/U_core/U_ALU/U_div/divisor[5]_i_2_n_0
    SLICE_X58Y63         LUT6 (Prop_lut6_I5_O)        0.124     3.538 r  U_cpu/U_core/U_ALU/U_div/divisor[5]_i_1__0/O
                         net (fo=18, routed)          1.446     4.984    U_cpu/U_core/ex_alu_b[5]
    SLICE_X48Y74         LUT4 (Prop_lut4_I1_O)        0.124     5.108 r  U_cpu/U_core/ex_mem_alu_c[0]_i_82/O
                         net (fo=1, routed)           0.000     5.108    U_cpu/U_core/ex_mem_alu_c[0]_i_82_n_0
    SLICE_X48Y74         CARRY4 (Prop_carry4_S[2]_CO[3])
                                                      0.398     5.506 r  U_cpu/U_core/ex_mem_alu_c_reg[0]_i_60/CO[3]
                         net (fo=1, routed)           0.009     5.515    U_cpu/U_core/ex_mem_alu_c_reg[0]_i_60_n_0
    SLICE_X48Y75         CARRY4 (Prop_carry4_CI_CO[3])
                                                      0.114     5.629 r  U_cpu/U_core/ex_mem_alu_c_reg[0]_i_40/CO[3]
                         net (fo=1, routed)           0.000     5.629    U_cpu/U_core/ex_mem_alu_c_reg[0]_i_40_n_0
    SLICE_X48Y76         CARRY4 (Prop_carry4_CI_CO[3])
                                                      0.114     5.743 r  U_cpu/U_core/ex_mem_alu_c_reg[0]_i_20/CO[3]
                         net (fo=1, routed)           0.000     5.743    U_cpu/U_core/ex_mem_alu_c_reg[0]_i_20_n_0
    SLICE_X48Y77         CARRY4 (Prop_carry4_CI_CO[3])
                                                      0.114     5.857 r  U_cpu/U_core/ex_mem_alu_c_reg[0]_i_6/CO[3]
                         net (fo=3, routed)           1.003     6.860    U_cpu/U_core/ex_mem_alu_c_reg[0]_i_6_n_0
    SLICE_X50Y77         LUT6 (Prop_lut6_I0_O)        0.124     6.984 r  U_cpu/U_core/pc[31]_i_15/O
                         net (fo=1, routed)           0.575     7.559    U_cpu/U_core/pc[31]_i_15_n_0
    SLICE_X51Y78         LUT6 (Prop_lut6_I4_O)        0.124     7.683 r  U_cpu/U_core/pc[31]_i_7/O
                         net (fo=1, routed)           0.435     8.119    U_cpu/U_core/pc[31]_i_7_n_0
    SLICE_X52Y77         LUT6 (Prop_lut6_I3_O)        0.124     8.243 r  U_cpu/U_core/pc[31]_i_3/O
                         net (fo=66, routed)          0.831     9.074    U_cpu/U_core/U_ALU/U_divu/ex_br_taken
    SLICE_X55Y73         LUT5 (Prop_lut5_I3_O)        0.124     9.198 r  U_cpu/U_core/U_ALU/U_divu/fetch_inst_r[31]_i_6/O
                         net (fo=103, routed)         0.690     9.888    U_cpu/U_core/U_ALU/U_divu/mul_div_stall_d_reg
    SLICE_X55Y67         LUT4 (Prop_lut4_I1_O)        0.124    10.012 f  U_cpu/U_core/U_ALU/U_divu/fetch_inst_r[31]_i_5/O
                         net (fo=5, routed)           1.104    11.116    U_cpu/U_core/U_ALU/U_divu/dc_dev_rvalid_reg
    SLICE_X47Y61         LUT5 (Prop_lut5_I1_O)        0.150    11.266 r  U_cpu/U_core/U_ALU/U_divu/pc[31]_i_1/O
                         net (fo=32, routed)          1.079    12.345    U_cpu/U_core/U_ALU_n_223
    SLICE_X49Y71         FDCE                                         r  U_cpu/U_core/pc_reg[25]/CE
  -------------------------------------------------------------------    -------------------

                         (clock clk_out1_clk_wiz_0 rise edge)
                                                     20.000    20.000 r  
    P17                                               0.000    20.000 r  fpga_clk (IN)
                         net (fo=0)                   0.000    20.000    U_clkgen/inst/clk_in1
    P17                  IBUF (Prop_ibuf_I_O)         1.408    21.408 r  U_clkgen/inst/clkin1_ibufg/O
                         net (fo=1, routed)           1.181    22.589    U_clkgen/inst/clk_in1_clk_wiz_0
    PLLE2_ADV_X0Y0       PLLE2_ADV (Prop_plle2_adv_CLKIN1_CLKOUT0)
                                                     -7.753    14.835 r  U_clkgen/inst/plle2_adv_inst/CLKOUT0
                         net (fo=1, routed)           1.582    16.417    U_clkgen/inst/clk_out1_clk_wiz_0
    BUFGCTRL_X0Y0        BUFG (Prop_bufg_I_O)         0.091    16.508 r  U_clkgen/inst/clkout1_buf/O
                         net (fo=4776, routed)        1.429    17.937    U_cpu/U_core/clk_out1
    SLICE_X49Y71         FDCE                                         r  U_cpu/U_core/pc_reg[25]/C
                         clock pessimism             -0.428    17.509    
                         clock uncertainty           -0.108    17.401    
    SLICE_X49Y71         FDCE (Setup_fdce_C_CE)      -0.407    16.994    U_cpu/U_core/pc_reg[25]
  -------------------------------------------------------------------
                         required time                         16.994    
                         arrival time                         -12.345    
  -------------------------------------------------------------------
                         slack                                  4.650    

Slack (MET) :             4.665ns  (required time - arrival time)
  Source:                 U_cpu/U_core/ex_mem_rd_reg[0]/C
                            (rising edge-triggered cell FDCE clocked by clk_out1_clk_wiz_0  {rise@0.000ns fall@10.000ns period=20.000ns})
  Destination:            U_cpu/U_core/pc_reg[26]/CE
                            (rising edge-triggered cell FDCE clocked by clk_out1_clk_wiz_0  {rise@0.000ns fall@10.000ns period=20.000ns})
  Path Group:             clk_out1_clk_wiz_0
  Path Type:              Setup (Max at Slow Process Corner)
  Requirement:            20.000ns  (clk_out1_clk_wiz_0 rise@20.000ns - clk_out1_clk_wiz_0 rise@0.000ns)
  Data Path Delay:        14.716ns  (logic 2.940ns (19.978%)  route 11.776ns (80.022%))
  Logic Levels:           16  (CARRY4=4 LUT4=3 LUT5=2 LUT6=7)
  Clock Path Skew:        -0.104ns (DCD - SCD + CPR)
    Destination Clock Delay (DCD):    -2.066ns = ( 17.934 - 20.000 ) 
    Source Clock Delay      (SCD):    -2.390ns
    Clock Pessimism Removal (CPR):    -0.428ns
  Clock Uncertainty:      0.108ns  ((TSJ^2 + DJ^2)^1/2) / 2 + PE
    Total System Jitter     (TSJ):    0.071ns
    Discrete Jitter          (DJ):    0.203ns
    Phase Error              (PE):    0.000ns

    Location             Delay type                Incr(ns)  Path(ns)    Netlist Resource(s)
  -------------------------------------------------------------------    -------------------
                         (clock clk_out1_clk_wiz_0 rise edge)
                                                      0.000     0.000 r  
    P17                                               0.000     0.000 r  fpga_clk (IN)
                         net (fo=0)                   0.000     0.000    U_clkgen/inst/clk_in1
    P17                  IBUF (Prop_ibuf_I_O)         1.478     1.478 r  U_clkgen/inst/clkin1_ibufg/O
                         net (fo=1, routed)           1.253     2.731    U_clkgen/inst/clk_in1_clk_wiz_0
    PLLE2_ADV_X0Y0       PLLE2_ADV (Prop_plle2_adv_CLKIN1_CLKOUT0)
                                                     -8.486    -5.754 r  U_clkgen/inst/plle2_adv_inst/CLKOUT0
                         net (fo=1, routed)           1.660    -4.094    U_clkgen/inst/clk_out1_clk_wiz_0
    BUFGCTRL_X0Y0        BUFG (Prop_bufg_I_O)         0.096    -3.998 r  U_clkgen/inst/clkout1_buf/O
                         net (fo=4776, routed)        1.608    -2.390    U_cpu/U_core/clk_out1
    SLICE_X62Y76         FDCE                                         r  U_cpu/U_core/ex_mem_rd_reg[0]/C
  -------------------------------------------------------------------    -------------------
    SLICE_X62Y76         FDCE (Prop_fdce_C_Q)         0.456    -1.934 r  U_cpu/U_core/ex_mem_rd_reg[0]/Q
                         net (fo=7, routed)           1.191    -0.743    U_cpu/U_core/U_ALU/U_div/divisor[0]_i_2_0[0]
    SLICE_X62Y79         LUT6 (Prop_lut6_I0_O)        0.124    -0.619 f  U_cpu/U_core/U_ALU/U_div/divisor[0]_i_5/O
                         net (fo=1, routed)           0.655     0.036    U_cpu/U_core/U_ALU/U_div/divisor[0]_i_5_n_0
    SLICE_X63Y79         LUT6 (Prop_lut6_I4_O)        0.124     0.160 f  U_cpu/U_core/U_ALU/U_div/divisor[0]_i_2/O
                         net (fo=34, routed)          0.733     0.893    U_cpu/U_core/U_ALU/U_div/forward_b[0]
    SLICE_X62Y79         LUT4 (Prop_lut4_I3_O)        0.152     1.045 r  U_cpu/U_core/U_ALU/U_div/divisor[4]_i_6__0/O
                         net (fo=32, routed)          1.599     2.644    U_cpu/U_core/U_ALU/U_div/divisor[4]_i_6__0_n_0
    SLICE_X58Y63         LUT6 (Prop_lut6_I0_O)        0.326     2.970 r  U_cpu/U_core/U_ALU/U_div/divisor[5]_i_2/O
                         net (fo=1, routed)           0.444     3.414    U_cpu/U_core/U_ALU/U_div/divisor[5]_i_2_n_0
    SLICE_X58Y63         LUT6 (Prop_lut6_I5_O)        0.124     3.538 r  U_cpu/U_core/U_ALU/U_div/divisor[5]_i_1__0/O
                         net (fo=18, routed)          1.446     4.984    U_cpu/U_core/ex_alu_b[5]
    SLICE_X48Y74         LUT4 (Prop_lut4_I1_O)        0.124     5.108 r  U_cpu/U_core/ex_mem_alu_c[0]_i_82/O
                         net (fo=1, routed)           0.000     5.108    U_cpu/U_core/ex_mem_alu_c[0]_i_82_n_0
    SLICE_X48Y74         CARRY4 (Prop_carry4_S[2]_CO[3])
                                                      0.398     5.506 r  U_cpu/U_core/ex_mem_alu_c_reg[0]_i_60/CO[3]
                         net (fo=1, routed)           0.009     5.515    U_cpu/U_core/ex_mem_alu_c_reg[0]_i_60_n_0
    SLICE_X48Y75         CARRY4 (Prop_carry4_CI_CO[3])
                                                      0.114     5.629 r  U_cpu/U_core/ex_mem_alu_c_reg[0]_i_40/CO[3]
                         net (fo=1, routed)           0.000     5.629    U_cpu/U_core/ex_mem_alu_c_reg[0]_i_40_n_0
    SLICE_X48Y76         CARRY4 (Prop_carry4_CI_CO[3])
                                                      0.114     5.743 r  U_cpu/U_core/ex_mem_alu_c_reg[0]_i_20/CO[3]
                         net (fo=1, routed)           0.000     5.743    U_cpu/U_core/ex_mem_alu_c_reg[0]_i_20_n_0
    SLICE_X48Y77         CARRY4 (Prop_carry4_CI_CO[3])
                                                      0.114     5.857 r  U_cpu/U_core/ex_mem_alu_c_reg[0]_i_6/CO[3]
                         net (fo=3, routed)           1.003     6.860    U_cpu/U_core/ex_mem_alu_c_reg[0]_i_6_n_0
    SLICE_X50Y77         LUT6 (Prop_lut6_I0_O)        0.124     6.984 r  U_cpu/U_core/pc[31]_i_15/O
                         net (fo=1, routed)           0.575     7.559    U_cpu/U_core/pc[31]_i_15_n_0
    SLICE_X51Y78         LUT6 (Prop_lut6_I4_O)        0.124     7.683 r  U_cpu/U_core/pc[31]_i_7/O
                         net (fo=1, routed)           0.435     8.119    U_cpu/U_core/pc[31]_i_7_n_0
    SLICE_X52Y77         LUT6 (Prop_lut6_I3_O)        0.124     8.243 r  U_cpu/U_core/pc[31]_i_3/O
                         net (fo=66, routed)          0.831     9.074    U_cpu/U_core/U_ALU/U_divu/ex_br_taken
    SLICE_X55Y73         LUT5 (Prop_lut5_I3_O)        0.124     9.198 r  U_cpu/U_core/U_ALU/U_divu/fetch_inst_r[31]_i_6/O
                         net (fo=103, routed)         0.690     9.888    U_cpu/U_core/U_ALU/U_divu/mul_div_stall_d_reg
    SLICE_X55Y67         LUT4 (Prop_lut4_I1_O)        0.124    10.012 f  U_cpu/U_core/U_ALU/U_divu/fetch_inst_r[31]_i_5/O
                         net (fo=5, routed)           1.104    11.116    U_cpu/U_core/U_ALU/U_divu/dc_dev_rvalid_reg
    SLICE_X47Y61         LUT5 (Prop_lut5_I1_O)        0.150    11.266 r  U_cpu/U_core/U_ALU/U_divu/pc[31]_i_1/O
                         net (fo=32, routed)          1.060    12.326    U_cpu/U_core/U_ALU_n_223
    SLICE_X47Y71         FDCE                                         r  U_cpu/U_core/pc_reg[26]/CE
  -------------------------------------------------------------------    -------------------

                         (clock clk_out1_clk_wiz_0 rise edge)
                                                     20.000    20.000 r  
    P17                                               0.000    20.000 r  fpga_clk (IN)
                         net (fo=0)                   0.000    20.000    U_clkgen/inst/clk_in1
    P17                  IBUF (Prop_ibuf_I_O)         1.408    21.408 r  U_clkgen/inst/clkin1_ibufg/O
                         net (fo=1, routed)           1.181    22.589    U_clkgen/inst/clk_in1_clk_wiz_0
    PLLE2_ADV_X0Y0       PLLE2_ADV (Prop_plle2_adv_CLKIN1_CLKOUT0)
                                                     -7.753    14.835 r  U_clkgen/inst/plle2_adv_inst/CLKOUT0
                         net (fo=1, routed)           1.582    16.417    U_clkgen/inst/clk_out1_clk_wiz_0
    BUFGCTRL_X0Y0        BUFG (Prop_bufg_I_O)         0.091    16.508 r  U_clkgen/inst/clkout1_buf/O
                         net (fo=4776, routed)        1.426    17.934    U_cpu/U_core/clk_out1
    SLICE_X47Y71         FDCE                                         r  U_cpu/U_core/pc_reg[26]/C
                         clock pessimism             -0.428    17.506    
                         clock uncertainty           -0.108    17.398    
    SLICE_X47Y71         FDCE (Setup_fdce_C_CE)      -0.407    16.991    U_cpu/U_core/pc_reg[26]
  -------------------------------------------------------------------
                         required time                         16.991    
                         arrival time                         -12.326    
  -------------------------------------------------------------------
                         slack                                  4.665    

Slack (MET) :             4.756ns  (required time - arrival time)
  Source:                 U_cpu/U_core/ex_mem_rd_reg[0]/C
                            (rising edge-triggered cell FDCE clocked by clk_out1_clk_wiz_0  {rise@0.000ns fall@10.000ns period=20.000ns})
  Destination:            U_cpu/U_core/pc_reg[27]/CE
                            (rising edge-triggered cell FDCE clocked by clk_out1_clk_wiz_0  {rise@0.000ns fall@10.000ns period=20.000ns})
  Path Group:             clk_out1_clk_wiz_0
  Path Type:              Setup (Max at Slow Process Corner)
  Requirement:            20.000ns  (clk_out1_clk_wiz_0 rise@20.000ns - clk_out1_clk_wiz_0 rise@0.000ns)
  Data Path Delay:        14.625ns  (logic 2.940ns (20.102%)  route 11.685ns (79.898%))
  Logic Levels:           16  (CARRY4=4 LUT4=3 LUT5=2 LUT6=7)
  Clock Path Skew:        -0.104ns (DCD - SCD + CPR)
    Destination Clock Delay (DCD):    -2.066ns = ( 17.934 - 20.000 ) 
    Source Clock Delay      (SCD):    -2.390ns
    Clock Pessimism Removal (CPR):    -0.428ns
  Clock Uncertainty:      0.108ns  ((TSJ^2 + DJ^2)^1/2) / 2 + PE
    Total System Jitter     (TSJ):    0.071ns
    Discrete Jitter          (DJ):    0.203ns
    Phase Error              (PE):    0.000ns

    Location             Delay type                Incr(ns)  Path(ns)    Netlist Resource(s)
  -------------------------------------------------------------------    -------------------
                         (clock clk_out1_clk_wiz_0 rise edge)
                                                      0.000     0.000 r  
    P17                                               0.000     0.000 r  fpga_clk (IN)
                         net (fo=0)                   0.000     0.000    U_clkgen/inst/clk_in1
    P17                  IBUF (Prop_ibuf_I_O)         1.478     1.478 r  U_clkgen/inst/clkin1_ibufg/O
                         net (fo=1, routed)           1.253     2.731    U_clkgen/inst/clk_in1_clk_wiz_0
    PLLE2_ADV_X0Y0       PLLE2_ADV (Prop_plle2_adv_CLKIN1_CLKOUT0)
                                                     -8.486    -5.754 r  U_clkgen/inst/plle2_adv_inst/CLKOUT0
                         net (fo=1, routed)           1.660    -4.094    U_clkgen/inst/clk_out1_clk_wiz_0
    BUFGCTRL_X0Y0        BUFG (Prop_bufg_I_O)         0.096    -3.998 r  U_clkgen/inst/clkout1_buf/O
                         net (fo=4776, routed)        1.608    -2.390    U_cpu/U_core/clk_out1
    SLICE_X62Y76         FDCE                                         r  U_cpu/U_core/ex_mem_rd_reg[0]/C
  -------------------------------------------------------------------    -------------------
    SLICE_X62Y76         FDCE (Prop_fdce_C_Q)         0.456    -1.934 r  U_cpu/U_core/ex_mem_rd_reg[0]/Q
                         net (fo=7, routed)           1.191    -0.743    U_cpu/U_core/U_ALU/U_div/divisor[0]_i_2_0[0]
    SLICE_X62Y79         LUT6 (Prop_lut6_I0_O)        0.124    -0.619 f  U_cpu/U_core/U_ALU/U_div/divisor[0]_i_5/O
                         net (fo=1, routed)           0.655     0.036    U_cpu/U_core/U_ALU/U_div/divisor[0]_i_5_n_0
    SLICE_X63Y79         LUT6 (Prop_lut6_I4_O)        0.124     0.160 f  U_cpu/U_core/U_ALU/U_div/divisor[0]_i_2/O
                         net (fo=34, routed)          0.733     0.893    U_cpu/U_core/U_ALU/U_div/forward_b[0]
    SLICE_X62Y79         LUT4 (Prop_lut4_I3_O)        0.152     1.045 r  U_cpu/U_core/U_ALU/U_div/divisor[4]_i_6__0/O
                         net (fo=32, routed)          1.599     2.644    U_cpu/U_core/U_ALU/U_div/divisor[4]_i_6__0_n_0
    SLICE_X58Y63         LUT6 (Prop_lut6_I0_O)        0.326     2.970 r  U_cpu/U_core/U_ALU/U_div/divisor[5]_i_2/O
                         net (fo=1, routed)           0.444     3.414    U_cpu/U_core/U_ALU/U_div/divisor[5]_i_2_n_0
    SLICE_X58Y63         LUT6 (Prop_lut6_I5_O)        0.124     3.538 r  U_cpu/U_core/U_ALU/U_div/divisor[5]_i_1__0/O
                         net (fo=18, routed)          1.446     4.984    U_cpu/U_core/ex_alu_b[5]
    SLICE_X48Y74         LUT4 (Prop_lut4_I1_O)        0.124     5.108 r  U_cpu/U_core/ex_mem_alu_c[0]_i_82/O
                         net (fo=1, routed)           0.000     5.108    U_cpu/U_core/ex_mem_alu_c[0]_i_82_n_0
    SLICE_X48Y74         CARRY4 (Prop_carry4_S[2]_CO[3])
                                                      0.398     5.506 r  U_cpu/U_core/ex_mem_alu_c_reg[0]_i_60/CO[3]
                         net (fo=1, routed)           0.009     5.515    U_cpu/U_core/ex_mem_alu_c_reg[0]_i_60_n_0
    SLICE_X48Y75         CARRY4 (Prop_carry4_CI_CO[3])
                                                      0.114     5.629 r  U_cpu/U_core/ex_mem_alu_c_reg[0]_i_40/CO[3]
                         net (fo=1, routed)           0.000     5.629    U_cpu/U_core/ex_mem_alu_c_reg[0]_i_40_n_0
    SLICE_X48Y76         CARRY4 (Prop_carry4_CI_CO[3])
                                                      0.114     5.743 r  U_cpu/U_core/ex_mem_alu_c_reg[0]_i_20/CO[3]
                         net (fo=1, routed)           0.000     5.743    U_cpu/U_core/ex_mem_alu_c_reg[0]_i_20_n_0
    SLICE_X48Y77         CARRY4 (Prop_carry4_CI_CO[3])
                                                      0.114     5.857 r  U_cpu/U_core/ex_mem_alu_c_reg[0]_i_6/CO[3]
                         net (fo=3, routed)           1.003     6.860    U_cpu/U_core/ex_mem_alu_c_reg[0]_i_6_n_0
    SLICE_X50Y77         LUT6 (Prop_lut6_I0_O)        0.124     6.984 r  U_cpu/U_core/pc[31]_i_15/O
                         net (fo=1, routed)           0.575     7.559    U_cpu/U_core/pc[31]_i_15_n_0
    SLICE_X51Y78         LUT6 (Prop_lut6_I4_O)        0.124     7.683 r  U_cpu/U_core/pc[31]_i_7/O
                         net (fo=1, routed)           0.435     8.119    U_cpu/U_core/pc[31]_i_7_n_0
    SLICE_X52Y77         LUT6 (Prop_lut6_I3_O)        0.124     8.243 r  U_cpu/U_core/pc[31]_i_3/O
                         net (fo=66, routed)          0.831     9.074    U_cpu/U_core/U_ALU/U_divu/ex_br_taken
    SLICE_X55Y73         LUT5 (Prop_lut5_I3_O)        0.124     9.198 r  U_cpu/U_core/U_ALU/U_divu/fetch_inst_r[31]_i_6/O
                         net (fo=103, routed)         0.690     9.888    U_cpu/U_core/U_ALU/U_divu/mul_div_stall_d_reg
    SLICE_X55Y67         LUT4 (Prop_lut4_I1_O)        0.124    10.012 f  U_cpu/U_core/U_ALU/U_divu/fetch_inst_r[31]_i_5/O
                         net (fo=5, routed)           1.104    11.116    U_cpu/U_core/U_ALU/U_divu/dc_dev_rvalid_reg
    SLICE_X47Y61         LUT5 (Prop_lut5_I1_O)        0.150    11.266 r  U_cpu/U_core/U_ALU/U_divu/pc[31]_i_1/O
                         net (fo=32, routed)          0.970    12.236    U_cpu/U_core/U_ALU_n_223
    SLICE_X48Y73         FDCE                                         r  U_cpu/U_core/pc_reg[27]/CE
  -------------------------------------------------------------------    -------------------

                         (clock clk_out1_clk_wiz_0 rise edge)
                                                     20.000    20.000 r  
    P17                                               0.000    20.000 r  fpga_clk (IN)
                         net (fo=0)                   0.000    20.000    U_clkgen/inst/clk_in1
    P17                  IBUF (Prop_ibuf_I_O)         1.408    21.408 r  U_clkgen/inst/clkin1_ibufg/O
                         net (fo=1, routed)           1.181    22.589    U_clkgen/inst/clk_in1_clk_wiz_0
    PLLE2_ADV_X0Y0       PLLE2_ADV (Prop_plle2_adv_CLKIN1_CLKOUT0)
                                                     -7.753    14.835 r  U_clkgen/inst/plle2_adv_inst/CLKOUT0
                         net (fo=1, routed)           1.582    16.417    U_clkgen/inst/clk_out1_clk_wiz_0
    BUFGCTRL_X0Y0        BUFG (Prop_bufg_I_O)         0.091    16.508 r  U_clkgen/inst/clkout1_buf/O
                         net (fo=4776, routed)        1.426    17.934    U_cpu/U_core/clk_out1
    SLICE_X48Y73         FDCE                                         r  U_cpu/U_core/pc_reg[27]/C
                         clock pessimism             -0.428    17.506    
                         clock uncertainty           -0.108    17.398    
    SLICE_X48Y73         FDCE (Setup_fdce_C_CE)      -0.407    16.991    U_cpu/U_core/pc_reg[27]
  -------------------------------------------------------------------
                         required time                         16.991    
                         arrival time                         -12.236    
  -------------------------------------------------------------------
                         slack                                  4.756    

Slack (MET) :             4.756ns  (required time - arrival time)
  Source:                 U_cpu/U_core/ex_mem_rd_reg[0]/C
                            (rising edge-triggered cell FDCE clocked by clk_out1_clk_wiz_0  {rise@0.000ns fall@10.000ns period=20.000ns})
  Destination:            U_cpu/U_core/pc_reg[29]/CE
                            (rising edge-triggered cell FDCE clocked by clk_out1_clk_wiz_0  {rise@0.000ns fall@10.000ns period=20.000ns})
  Path Group:             clk_out1_clk_wiz_0
  Path Type:              Setup (Max at Slow Process Corner)
  Requirement:            20.000ns  (clk_out1_clk_wiz_0 rise@20.000ns - clk_out1_clk_wiz_0 rise@0.000ns)
  Data Path Delay:        14.625ns  (logic 2.940ns (20.102%)  route 11.685ns (79.898%))
  Logic Levels:           16  (CARRY4=4 LUT4=3 LUT5=2 LUT6=7)
  Clock Path Skew:        -0.104ns (DCD - SCD + CPR)
    Destination Clock Delay (DCD):    -2.066ns = ( 17.934 - 20.000 ) 
    Source Clock Delay      (SCD):    -2.390ns
    Clock Pessimism Removal (CPR):    -0.428ns
  Clock Uncertainty:      0.108ns  ((TSJ^2 + DJ^2)^1/2) / 2 + PE
    Total System Jitter     (TSJ):    0.071ns
    Discrete Jitter          (DJ):    0.203ns
    Phase Error              (PE):    0.000ns

    Location             Delay type                Incr(ns)  Path(ns)    Netlist Resource(s)
  -------------------------------------------------------------------    -------------------
                         (clock clk_out1_clk_wiz_0 rise edge)
                                                      0.000     0.000 r  
    P17                                               0.000     0.000 r  fpga_clk (IN)
                         net (fo=0)                   0.000     0.000    U_clkgen/inst/clk_in1
    P17                  IBUF (Prop_ibuf_I_O)         1.478     1.478 r  U_clkgen/inst/clkin1_ibufg/O
                         net (fo=1, routed)           1.253     2.731    U_clkgen/inst/clk_in1_clk_wiz_0
    PLLE2_ADV_X0Y0       PLLE2_ADV (Prop_plle2_adv_CLKIN1_CLKOUT0)
                                                     -8.486    -5.754 r  U_clkgen/inst/plle2_adv_inst/CLKOUT0
                         net (fo=1, routed)           1.660    -4.094    U_clkgen/inst/clk_out1_clk_wiz_0
    BUFGCTRL_X0Y0        BUFG (Prop_bufg_I_O)         0.096    -3.998 r  U_clkgen/inst/clkout1_buf/O
                         net (fo=4776, routed)        1.608    -2.390    U_cpu/U_core/clk_out1
    SLICE_X62Y76         FDCE                                         r  U_cpu/U_core/ex_mem_rd_reg[0]/C
  -------------------------------------------------------------------    -------------------
    SLICE_X62Y76         FDCE (Prop_fdce_C_Q)         0.456    -1.934 r  U_cpu/U_core/ex_mem_rd_reg[0]/Q
                         net (fo=7, routed)           1.191    -0.743    U_cpu/U_core/U_ALU/U_div/divisor[0]_i_2_0[0]
    SLICE_X62Y79         LUT6 (Prop_lut6_I0_O)        0.124    -0.619 f  U_cpu/U_core/U_ALU/U_div/divisor[0]_i_5/O
                         net (fo=1, routed)           0.655     0.036    U_cpu/U_core/U_ALU/U_div/divisor[0]_i_5_n_0
    SLICE_X63Y79         LUT6 (Prop_lut6_I4_O)        0.124     0.160 f  U_cpu/U_core/U_ALU/U_div/divisor[0]_i_2/O
                         net (fo=34, routed)          0.733     0.893    U_cpu/U_core/U_ALU/U_div/forward_b[0]
    SLICE_X62Y79         LUT4 (Prop_lut4_I3_O)        0.152     1.045 r  U_cpu/U_core/U_ALU/U_div/divisor[4]_i_6__0/O
                         net (fo=32, routed)          1.599     2.644    U_cpu/U_core/U_ALU/U_div/divisor[4]_i_6__0_n_0
    SLICE_X58Y63         LUT6 (Prop_lut6_I0_O)        0.326     2.970 r  U_cpu/U_core/U_ALU/U_div/divisor[5]_i_2/O
                         net (fo=1, routed)           0.444     3.414    U_cpu/U_core/U_ALU/U_div/divisor[5]_i_2_n_0
    SLICE_X58Y63         LUT6 (Prop_lut6_I5_O)        0.124     3.538 r  U_cpu/U_core/U_ALU/U_div/divisor[5]_i_1__0/O
                         net (fo=18, routed)          1.446     4.984    U_cpu/U_core/ex_alu_b[5]
    SLICE_X48Y74         LUT4 (Prop_lut4_I1_O)        0.124     5.108 r  U_cpu/U_core/ex_mem_alu_c[0]_i_82/O
                         net (fo=1, routed)           0.000     5.108    U_cpu/U_core/ex_mem_alu_c[0]_i_82_n_0
    SLICE_X48Y74         CARRY4 (Prop_carry4_S[2]_CO[3])
                                                      0.398     5.506 r  U_cpu/U_core/ex_mem_alu_c_reg[0]_i_60/CO[3]
                         net (fo=1, routed)           0.009     5.515    U_cpu/U_core/ex_mem_alu_c_reg[0]_i_60_n_0
    SLICE_X48Y75         CARRY4 (Prop_carry4_CI_CO[3])
                                                      0.114     5.629 r  U_cpu/U_core/ex_mem_alu_c_reg[0]_i_40/CO[3]
                         net (fo=1, routed)           0.000     5.629    U_cpu/U_core/ex_mem_alu_c_reg[0]_i_40_n_0
    SLICE_X48Y76         CARRY4 (Prop_carry4_CI_CO[3])
                                                      0.114     5.743 r  U_cpu/U_core/ex_mem_alu_c_reg[0]_i_20/CO[3]
                         net (fo=1, routed)           0.000     5.743    U_cpu/U_core/ex_mem_alu_c_reg[0]_i_20_n_0
    SLICE_X48Y77         CARRY4 (Prop_carry4_CI_CO[3])
                                                      0.114     5.857 r  U_cpu/U_core/ex_mem_alu_c_reg[0]_i_6/CO[3]
                         net (fo=3, routed)           1.003     6.860    U_cpu/U_core/ex_mem_alu_c_reg[0]_i_6_n_0
    SLICE_X50Y77         LUT6 (Prop_lut6_I0_O)        0.124     6.984 r  U_cpu/U_core/pc[31]_i_15/O
                         net (fo=1, routed)           0.575     7.559    U_cpu/U_core/pc[31]_i_15_n_0
    SLICE_X51Y78         LUT6 (Prop_lut6_I4_O)        0.124     7.683 r  U_cpu/U_core/pc[31]_i_7/O
                         net (fo=1, routed)           0.435     8.119    U_cpu/U_core/pc[31]_i_7_n_0
    SLICE_X52Y77         LUT6 (Prop_lut6_I3_O)        0.124     8.243 r  U_cpu/U_core/pc[31]_i_3/O
                         net (fo=66, routed)          0.831     9.074    U_cpu/U_core/U_ALU/U_divu/ex_br_taken
    SLICE_X55Y73         LUT5 (Prop_lut5_I3_O)        0.124     9.198 r  U_cpu/U_core/U_ALU/U_divu/fetch_inst_r[31]_i_6/O
                         net (fo=103, routed)         0.690     9.888    U_cpu/U_core/U_ALU/U_divu/mul_div_stall_d_reg
    SLICE_X55Y67         LUT4 (Prop_lut4_I1_O)        0.124    10.012 f  U_cpu/U_core/U_ALU/U_divu/fetch_inst_r[31]_i_5/O
                         net (fo=5, routed)           1.104    11.116    U_cpu/U_core/U_ALU/U_divu/dc_dev_rvalid_reg
    SLICE_X47Y61         LUT5 (Prop_lut5_I1_O)        0.150    11.266 r  U_cpu/U_core/U_ALU/U_divu/pc[31]_i_1/O
                         net (fo=32, routed)          0.970    12.236    U_cpu/U_core/U_ALU_n_223
    SLICE_X48Y73         FDCE                                         r  U_cpu/U_core/pc_reg[29]/CE
  -------------------------------------------------------------------    -------------------

                         (clock clk_out1_clk_wiz_0 rise edge)
                                                     20.000    20.000 r  
    P17                                               0.000    20.000 r  fpga_clk (IN)
                         net (fo=0)                   0.000    20.000    U_clkgen/inst/clk_in1
    P17                  IBUF (Prop_ibuf_I_O)         1.408    21.408 r  U_clkgen/inst/clkin1_ibufg/O
                         net (fo=1, routed)           1.181    22.589    U_clkgen/inst/clk_in1_clk_wiz_0
    PLLE2_ADV_X0Y0       PLLE2_ADV (Prop_plle2_adv_CLKIN1_CLKOUT0)
                                                     -7.753    14.835 r  U_clkgen/inst/plle2_adv_inst/CLKOUT0
                         net (fo=1, routed)           1.582    16.417    U_clkgen/inst/clk_out1_clk_wiz_0
    BUFGCTRL_X0Y0        BUFG (Prop_bufg_I_O)         0.091    16.508 r  U_clkgen/inst/clkout1_buf/O
                         net (fo=4776, routed)        1.426    17.934    U_cpu/U_core/clk_out1
    SLICE_X48Y73         FDCE                                         r  U_cpu/U_core/pc_reg[29]/C
                         clock pessimism             -0.428    17.506    
                         clock uncertainty           -0.108    17.398    
    SLICE_X48Y73         FDCE (Setup_fdce_C_CE)      -0.407    16.991    U_cpu/U_core/pc_reg[29]
  -------------------------------------------------------------------
                         required time                         16.991    
                         arrival time                         -12.236    
  -------------------------------------------------------------------
                         slack                                  4.756    





Min Delay Paths
--------------------------------------------------------------------------------------
Slack (MET) :             0.019ns  (arrival time - required time)
  Source:                 U_led/U_led_converter/inst/gen_axilite.gen_b2s_conv.axilite_b2s/SI_REG/r.r_pipe/m_payload_i_reg[19]/C
                            (rising edge-triggered cell FDRE clocked by clk_out1_clk_wiz_0  {rise@0.000ns fall@10.000ns period=20.000ns})
  Destination:            U_bridge/inst/gen_samd.crossbar_samd/gen_master_slots[2].reg_slice_mi/r.r_pipe/skid_buffer_reg[19]/D
                            (rising edge-triggered cell FDRE clocked by clk_out1_clk_wiz_0  {rise@0.000ns fall@10.000ns period=20.000ns})
  Path Group:             clk_out1_clk_wiz_0
  Path Type:              Hold (Min at Fast Process Corner)
  Requirement:            0.000ns  (clk_out1_clk_wiz_0 rise@0.000ns - clk_out1_clk_wiz_0 rise@0.000ns)
  Data Path Delay:        0.356ns  (logic 0.141ns (39.562%)  route 0.215ns (60.438%))
  Logic Levels:           0  
  Clock Path Skew:        0.268ns (DCD - SCD - CPR)
    Destination Clock Delay (DCD):    -0.316ns
    Source Clock Delay      (SCD):    -0.546ns
    Clock Pessimism Removal (CPR):    -0.038ns

    Location             Delay type                Incr(ns)  Path(ns)    Netlist Resource(s)
  -------------------------------------------------------------------    -------------------
                         (clock clk_out1_clk_wiz_0 rise edge)
                                                      0.000     0.000 r  
    P17                                               0.000     0.000 r  fpga_clk (IN)
                         net (fo=0)                   0.000     0.000    U_clkgen/inst/clk_in1
    P17                  IBUF (Prop_ibuf_I_O)         0.246     0.246 r  U_clkgen/inst/clkin1_ibufg/O
                         net (fo=1, routed)           0.440     0.686    U_clkgen/inst/clk_in1_clk_wiz_0
    PLLE2_ADV_X0Y0       PLLE2_ADV (Prop_plle2_adv_CLKIN1_CLKOUT0)
                                                     -2.326    -1.639 r  U_clkgen/inst/plle2_adv_inst/CLKOUT0
                         net (fo=1, routed)           0.504    -1.135    U_clkgen/inst/clk_out1_clk_wiz_0
    BUFGCTRL_X0Y0        BUFG (Prop_bufg_I_O)         0.026    -1.109 r  U_clkgen/inst/clkout1_buf/O
                         net (fo=4776, routed)        0.564    -0.546    U_led/U_led_converter/inst/gen_axilite.gen_b2s_conv.axilite_b2s/SI_REG/r.r_pipe/aclk
    SLICE_X41Y49         FDRE                                         r  U_led/U_led_converter/inst/gen_axilite.gen_b2s_conv.axilite_b2s/SI_REG/r.r_pipe/m_payload_i_reg[19]/C
  -------------------------------------------------------------------    -------------------
    SLICE_X41Y49         FDRE (Prop_fdre_C_Q)         0.141    -0.405 r  U_led/U_led_converter/inst/gen_axilite.gen_b2s_conv.axilite_b2s/SI_REG/r.r_pipe/m_payload_i_reg[19]/Q
                         net (fo=2, routed)           0.215    -0.189    U_bridge/inst/gen_samd.crossbar_samd/gen_master_slots[2].reg_slice_mi/r.r_pipe/m_axi_rdata[19]
    SLICE_X40Y50         FDRE                                         r  U_bridge/inst/gen_samd.crossbar_samd/gen_master_slots[2].reg_slice_mi/r.r_pipe/skid_buffer_reg[19]/D
  -------------------------------------------------------------------    -------------------

                         (clock clk_out1_clk_wiz_0 rise edge)
                                                      0.000     0.000 r  
    P17                                               0.000     0.000 r  fpga_clk (IN)
                         net (fo=0)                   0.000     0.000    U_clkgen/inst/clk_in1
    P17                  IBUF (Prop_ibuf_I_O)         0.434     0.434 r  U_clkgen/inst/clkin1_ibufg/O
                         net (fo=1, routed)           0.481     0.915    U_clkgen/inst/clk_in1_clk_wiz_0
    PLLE2_ADV_X0Y0       PLLE2_ADV (Prop_plle2_adv_CLKIN1_CLKOUT0)
                                                     -2.641    -1.726 r  U_clkgen/inst/plle2_adv_inst/CLKOUT0
                         net (fo=1, routed)           0.550    -1.176    U_clkgen/inst/clk_out1_clk_wiz_0
    BUFGCTRL_X0Y0        BUFG (Prop_bufg_I_O)         0.029    -1.147 r  U_clkgen/inst/clkout1_buf/O
                         net (fo=4776, routed)        0.832    -0.316    U_bridge/inst/gen_samd.crossbar_samd/gen_master_slots[2].reg_slice_mi/r.r_pipe/aclk
    SLICE_X40Y50         FDRE                                         r  U_bridge/inst/gen_samd.crossbar_samd/gen_master_slots[2].reg_slice_mi/r.r_pipe/skid_buffer_reg[19]/C
                         clock pessimism              0.038    -0.278    
    SLICE_X40Y50         FDRE (Hold_fdre_C_D)         0.070    -0.208    U_bridge/inst/gen_samd.crossbar_samd/gen_master_slots[2].reg_slice_mi/r.r_pipe/skid_buffer_reg[19]
  -------------------------------------------------------------------
                         required time                          0.208    
                         arrival time                          -0.189    
  -------------------------------------------------------------------
                         slack                                  0.019    

Slack (MET) :             0.022ns  (arrival time - required time)
  Source:                 U_uart/U_uart_converter/inst/gen_axilite.gen_b2s_conv.axilite_b2s/SI_REG/r.r_pipe/skid_buffer_reg[1]/C
                            (rising edge-triggered cell FDRE clocked by clk_out1_clk_wiz_0  {rise@0.000ns fall@10.000ns period=20.000ns})
  Destination:            U_uart/U_uart_converter/inst/gen_axilite.gen_b2s_conv.axilite_b2s/SI_REG/r.r_pipe/m_payload_i_reg[1]/D
                            (rising edge-triggered cell FDRE clocked by clk_out1_clk_wiz_0  {rise@0.000ns fall@10.000ns period=20.000ns})
  Path Group:             clk_out1_clk_wiz_0
  Path Type:              Hold (Min at Fast Process Corner)
  Requirement:            0.000ns  (clk_out1_clk_wiz_0 rise@0.000ns - clk_out1_clk_wiz_0 rise@0.000ns)
  Data Path Delay:        0.387ns  (logic 0.186ns (48.055%)  route 0.201ns (51.945%))
  Logic Levels:           1  (LUT3=1)
  Clock Path Skew:        0.273ns (DCD - SCD - CPR)
    Destination Clock Delay (DCD):    -0.310ns
    Source Clock Delay      (SCD):    -0.544ns
    Clock Pessimism Removal (CPR):    -0.038ns

    Location             Delay type                Incr(ns)  Path(ns)    Netlist Resource(s)
  -------------------------------------------------------------------    -------------------
                         (clock clk_out1_clk_wiz_0 rise edge)
                                                      0.000     0.000 r  
    P17                                               0.000     0.000 r  fpga_clk (IN)
                         net (fo=0)                   0.000     0.000    U_clkgen/inst/clk_in1
    P17                  IBUF (Prop_ibuf_I_O)         0.246     0.246 r  U_clkgen/inst/clkin1_ibufg/O
                         net (fo=1, routed)           0.440     0.686    U_clkgen/inst/clk_in1_clk_wiz_0
    PLLE2_ADV_X0Y0       PLLE2_ADV (Prop_plle2_adv_CLKIN1_CLKOUT0)
                                                     -2.326    -1.639 r  U_clkgen/inst/plle2_adv_inst/CLKOUT0
                         net (fo=1, routed)           0.504    -1.135    U_clkgen/inst/clk_out1_clk_wiz_0
    BUFGCTRL_X0Y0        BUFG (Prop_bufg_I_O)         0.026    -1.109 r  U_clkgen/inst/clkout1_buf/O
                         net (fo=4776, routed)        0.565    -0.544    U_uart/U_uart_converter/inst/gen_axilite.gen_b2s_conv.axilite_b2s/SI_REG/r.r_pipe/aclk
    SLICE_X55Y50         FDRE                                         r  U_uart/U_uart_converter/inst/gen_axilite.gen_b2s_conv.axilite_b2s/SI_REG/r.r_pipe/skid_buffer_reg[1]/C
  -------------------------------------------------------------------    -------------------
    SLICE_X55Y50         FDRE (Prop_fdre_C_Q)         0.141    -0.403 r  U_uart/U_uart_converter/inst/gen_axilite.gen_b2s_conv.axilite_b2s/SI_REG/r.r_pipe/skid_buffer_reg[1]/Q
                         net (fo=1, routed)           0.201    -0.202    U_uart/U_uart_converter/inst/gen_axilite.gen_b2s_conv.axilite_b2s/SI_REG/r.r_pipe/skid_buffer_reg_n_0_[1]
    SLICE_X55Y49         LUT3 (Prop_lut3_I2_O)        0.045    -0.157 r  U_uart/U_uart_converter/inst/gen_axilite.gen_b2s_conv.axilite_b2s/SI_REG/r.r_pipe/m_payload_i[1]_i_1__1/O
                         net (fo=1, routed)           0.000    -0.157    U_uart/U_uart_converter/inst/gen_axilite.gen_b2s_conv.axilite_b2s/SI_REG/r.r_pipe/m_payload_i[1]_i_1__1_n_0
    SLICE_X55Y49         FDRE                                         r  U_uart/U_uart_converter/inst/gen_axilite.gen_b2s_conv.axilite_b2s/SI_REG/r.r_pipe/m_payload_i_reg[1]/D
  -------------------------------------------------------------------    -------------------

                         (clock clk_out1_clk_wiz_0 rise edge)
                                                      0.000     0.000 r  
    P17                                               0.000     0.000 r  fpga_clk (IN)
                         net (fo=0)                   0.000     0.000    U_clkgen/inst/clk_in1
    P17                  IBUF (Prop_ibuf_I_O)         0.434     0.434 r  U_clkgen/inst/clkin1_ibufg/O
                         net (fo=1, routed)           0.481     0.915    U_clkgen/inst/clk_in1_clk_wiz_0
    PLLE2_ADV_X0Y0       PLLE2_ADV (Prop_plle2_adv_CLKIN1_CLKOUT0)
                                                     -2.641    -1.726 r  U_clkgen/inst/plle2_adv_inst/CLKOUT0
                         net (fo=1, routed)           0.550    -1.176    U_clkgen/inst/clk_out1_clk_wiz_0
    BUFGCTRL_X0Y0        BUFG (Prop_bufg_I_O)         0.029    -1.147 r  U_clkgen/inst/clkout1_buf/O
                         net (fo=4776, routed)        0.838    -0.310    U_uart/U_uart_converter/inst/gen_axilite.gen_b2s_conv.axilite_b2s/SI_REG/r.r_pipe/aclk
    SLICE_X55Y49         FDRE                                         r  U_uart/U_uart_converter/inst/gen_axilite.gen_b2s_conv.axilite_b2s/SI_REG/r.r_pipe/m_payload_i_reg[1]/C
                         clock pessimism              0.038    -0.272    
    SLICE_X55Y49         FDRE (Hold_fdre_C_D)         0.092    -0.180    U_uart/U_uart_converter/inst/gen_axilite.gen_b2s_conv.axilite_b2s/SI_REG/r.r_pipe/m_payload_i_reg[1]
  -------------------------------------------------------------------
                         required time                          0.180    
                         arrival time                          -0.157    
  -------------------------------------------------------------------
                         slack                                  0.022    

Slack (MET) :             0.027ns  (arrival time - required time)
  Source:                 U_cpu/U_aximaster/ic_dev_rdata_reg[18]/C
                            (rising edge-triggered cell FDCE clocked by clk_out1_clk_wiz_0  {rise@0.000ns fall@10.000ns period=20.000ns})
  Destination:            <hidden>
                            (rising edge-triggered cell RAMB36E1 clocked by clk_out1_clk_wiz_0  {rise@0.000ns fall@10.000ns period=20.000ns})
  Path Group:             clk_out1_clk_wiz_0
  Path Type:              Hold (Min at Fast Process Corner)
  Requirement:            0.000ns  (clk_out1_clk_wiz_0 rise@0.000ns - clk_out1_clk_wiz_0 rise@0.000ns)
  Data Path Delay:        0.382ns  (logic 0.141ns (36.956%)  route 0.241ns (63.044%))
  Logic Levels:           0  
  Clock Path Skew:        0.058ns (DCD - SCD - CPR)
    Destination Clock Delay (DCD):    -0.272ns
    Source Clock Delay      (SCD):    -0.546ns
    Clock Pessimism Removal (CPR):    0.216ns

    Location             Delay type                Incr(ns)  Path(ns)    Netlist Resource(s)
  -------------------------------------------------------------------    -------------------
                         (clock clk_out1_clk_wiz_0 rise edge)
                                                      0.000     0.000 r  
    P17                                               0.000     0.000 r  fpga_clk (IN)
                         net (fo=0)                   0.000     0.000    U_clkgen/inst/clk_in1
    P17                  IBUF (Prop_ibuf_I_O)         0.246     0.246 r  U_clkgen/inst/clkin1_ibufg/O
                         net (fo=1, routed)           0.440     0.686    U_clkgen/inst/clk_in1_clk_wiz_0
    PLLE2_ADV_X0Y0       PLLE2_ADV (Prop_plle2_adv_CLKIN1_CLKOUT0)
                                                     -2.326    -1.639 r  U_clkgen/inst/plle2_adv_inst/CLKOUT0
                         net (fo=1, routed)           0.504    -1.135    U_clkgen/inst/clk_out1_clk_wiz_0
    BUFGCTRL_X0Y0        BUFG (Prop_bufg_I_O)         0.026    -1.109 r  U_clkgen/inst/clkout1_buf/O
                         net (fo=4776, routed)        0.563    -0.546    U_cpu/U_aximaster/clk_out1
    SLICE_X48Y58         FDCE                                         r  U_cpu/U_aximaster/ic_dev_rdata_reg[18]/C
  -------------------------------------------------------------------    -------------------
    SLICE_X48Y58         FDCE (Prop_fdce_C_Q)         0.141    -0.405 r  U_cpu/U_aximaster/ic_dev_rdata_reg[18]/Q
                         net (fo=2, routed)           0.241    -0.165    <hidden>
    RAMB36_X1Y11         RAMB36E1                                     r  <hidden>
  -------------------------------------------------------------------    -------------------

                         (clock clk_out1_clk_wiz_0 rise edge)
                                                      0.000     0.000 r  
    P17                                               0.000     0.000 r  fpga_clk (IN)
                         net (fo=0)                   0.000     0.000    U_clkgen/inst/clk_in1
    P17                  IBUF (Prop_ibuf_I_O)         0.434     0.434 r  U_clkgen/inst/clkin1_ibufg/O
                         net (fo=1, routed)           0.481     0.915    U_clkgen/inst/clk_in1_clk_wiz_0
    PLLE2_ADV_X0Y0       PLLE2_ADV (Prop_plle2_adv_CLKIN1_CLKOUT0)
                                                     -2.641    -1.726 r  U_clkgen/inst/plle2_adv_inst/CLKOUT0
                         net (fo=1, routed)           0.550    -1.176    U_clkgen/inst/clk_out1_clk_wiz_0
    BUFGCTRL_X0Y0        BUFG (Prop_bufg_I_O)         0.029    -1.147 r  U_clkgen/inst/clkout1_buf/O
                         net (fo=4776, routed)        0.875    -0.272    <hidden>
    RAMB36_X1Y11         RAMB36E1                                     r  <hidden>
                         clock pessimism             -0.216    -0.488    
    RAMB36_X1Y11         RAMB36E1 (Hold_ramb36e1_CLKARDCLK_DIADI[16])
                                                      0.296    -0.192    <hidden>
  -------------------------------------------------------------------
                         required time                          0.192    
                         arrival time                          -0.165    
  -------------------------------------------------------------------
                         slack                                  0.027    

Slack (MET) :             0.030ns  (arrival time - required time)
  Source:                 U_display/U_display_converter/inst/gen_axilite.gen_b2s_conv.axilite_b2s/SI_REG/r.r_pipe/m_payload_i_reg[31]/C
                            (rising edge-triggered cell FDRE clocked by clk_out1_clk_wiz_0  {rise@0.000ns fall@10.000ns period=20.000ns})
  Destination:            U_bridge/inst/gen_samd.crossbar_samd/gen_master_slots[3].reg_slice_mi/r.r_pipe/skid_buffer_reg[31]/D
                            (rising edge-triggered cell FDRE clocked by clk_out1_clk_wiz_0  {rise@0.000ns fall@10.000ns period=20.000ns})
  Path Group:             clk_out1_clk_wiz_0
  Path Type:              Hold (Min at Fast Process Corner)
  Requirement:            0.000ns  (clk_out1_clk_wiz_0 rise@0.000ns - clk_out1_clk_wiz_0 rise@0.000ns)
  Data Path Delay:        0.364ns  (logic 0.141ns (38.784%)  route 0.223ns (61.216%))
  Logic Levels:           0  
  Clock Path Skew:        0.264ns (DCD - SCD - CPR)
    Destination Clock Delay (DCD):    -0.315ns
    Source Clock Delay      (SCD):    -0.546ns
    Clock Pessimism Removal (CPR):    -0.033ns

    Location             Delay type                Incr(ns)  Path(ns)    Netlist Resource(s)
  -------------------------------------------------------------------    -------------------
                         (clock clk_out1_clk_wiz_0 rise edge)
                                                      0.000     0.000 r  
    P17                                               0.000     0.000 r  fpga_clk (IN)
                         net (fo=0)                   0.000     0.000    U_clkgen/inst/clk_in1
    P17                  IBUF (Prop_ibuf_I_O)         0.246     0.246 r  U_clkgen/inst/clkin1_ibufg/O
                         net (fo=1, routed)           0.440     0.686    U_clkgen/inst/clk_in1_clk_wiz_0
    PLLE2_ADV_X0Y0       PLLE2_ADV (Prop_plle2_adv_CLKIN1_CLKOUT0)
                                                     -2.326    -1.639 r  U_clkgen/inst/plle2_adv_inst/CLKOUT0
                         net (fo=1, routed)           0.504    -1.135    U_clkgen/inst/clk_out1_clk_wiz_0
    BUFGCTRL_X0Y0        BUFG (Prop_bufg_I_O)         0.026    -1.109 r  U_clkgen/inst/clkout1_buf/O
                         net (fo=4776, routed)        0.564    -0.546    U_display/U_display_converter/inst/gen_axilite.gen_b2s_conv.axilite_b2s/SI_REG/r.r_pipe/aclk
    SLICE_X37Y49         FDRE                                         r  U_display/U_display_converter/inst/gen_axilite.gen_b2s_conv.axilite_b2s/SI_REG/r.r_pipe/m_payload_i_reg[31]/C
  -------------------------------------------------------------------    -------------------
    SLICE_X37Y49         FDRE (Prop_fdre_C_Q)         0.141    -0.405 r  U_display/U_display_converter/inst/gen_axilite.gen_b2s_conv.axilite_b2s/SI_REG/r.r_pipe/m_payload_i_reg[31]/Q
                         net (fo=2, routed)           0.223    -0.182    U_bridge/inst/gen_samd.crossbar_samd/gen_master_slots[3].reg_slice_mi/r.r_pipe/m_axi_rdata[31]
    SLICE_X32Y47         FDRE                                         r  U_bridge/inst/gen_samd.crossbar_samd/gen_master_slots[3].reg_slice_mi/r.r_pipe/skid_buffer_reg[31]/D
  -------------------------------------------------------------------    -------------------

                         (clock clk_out1_clk_wiz_0 rise edge)
                                                      0.000     0.000 r  
    P17                                               0.000     0.000 r  fpga_clk (IN)
                         net (fo=0)                   0.000     0.000    U_clkgen/inst/clk_in1
    P17                  IBUF (Prop_ibuf_I_O)         0.434     0.434 r  U_clkgen/inst/clkin1_ibufg/O
                         net (fo=1, routed)           0.481     0.915    U_clkgen/inst/clk_in1_clk_wiz_0
    PLLE2_ADV_X0Y0       PLLE2_ADV (Prop_plle2_adv_CLKIN1_CLKOUT0)
                                                     -2.641    -1.726 r  U_clkgen/inst/plle2_adv_inst/CLKOUT0
                         net (fo=1, routed)           0.550    -1.176    U_clkgen/inst/clk_out1_clk_wiz_0
    BUFGCTRL_X0Y0        BUFG (Prop_bufg_I_O)         0.029    -1.147 r  U_clkgen/inst/clkout1_buf/O
                         net (fo=4776, routed)        0.833    -0.315    U_bridge/inst/gen_samd.crossbar_samd/gen_master_slots[3].reg_slice_mi/r.r_pipe/aclk
    SLICE_X32Y47         FDRE                                         r  U_bridge/inst/gen_samd.crossbar_samd/gen_master_slots[3].reg_slice_mi/r.r_pipe/skid_buffer_reg[31]/C
                         clock pessimism              0.033    -0.282    
    SLICE_X32Y47         FDRE (Hold_fdre_C_D)         0.070    -0.212    U_bridge/inst/gen_samd.crossbar_samd/gen_master_slots[3].reg_slice_mi/r.r_pipe/skid_buffer_reg[31]
  -------------------------------------------------------------------
                         required time                          0.212    
                         arrival time                          -0.182    
  -------------------------------------------------------------------
                         slack                                  0.030    

Slack (MET) :             0.030ns  (arrival time - required time)
  Source:                 U_display/U_display_converter/inst/gen_axilite.gen_b2s_conv.axilite_b2s/SI_REG/r.r_pipe/m_payload_i_reg[34]/C
                            (rising edge-triggered cell FDRE clocked by clk_out1_clk_wiz_0  {rise@0.000ns fall@10.000ns period=20.000ns})
  Destination:            U_bridge/inst/gen_samd.crossbar_samd/gen_master_slots[3].reg_slice_mi/r.r_pipe/m_payload_i_reg[34]/D
                            (rising edge-triggered cell FDRE clocked by clk_out1_clk_wiz_0  {rise@0.000ns fall@10.000ns period=20.000ns})
  Path Group:             clk_out1_clk_wiz_0
  Path Type:              Hold (Min at Fast Process Corner)
  Requirement:            0.000ns  (clk_out1_clk_wiz_0 rise@0.000ns - clk_out1_clk_wiz_0 rise@0.000ns)
  Data Path Delay:        0.387ns  (logic 0.186ns (48.054%)  route 0.201ns (51.946%))
  Logic Levels:           1  (LUT3=1)
  Clock Path Skew:        0.265ns (DCD - SCD - CPR)
    Destination Clock Delay (DCD):    -0.318ns
    Source Clock Delay      (SCD):    -0.549ns
    Clock Pessimism Removal (CPR):    -0.033ns

    Location             Delay type                Incr(ns)  Path(ns)    Netlist Resource(s)
  -------------------------------------------------------------------    -------------------
                         (clock clk_out1_clk_wiz_0 rise edge)
                                                      0.000     0.000 r  
    P17                                               0.000     0.000 r  fpga_clk (IN)
                         net (fo=0)                   0.000     0.000    U_clkgen/inst/clk_in1
    P17                  IBUF (Prop_ibuf_I_O)         0.246     0.246 r  U_clkgen/inst/clkin1_ibufg/O
                         net (fo=1, routed)           0.440     0.686    U_clkgen/inst/clk_in1_clk_wiz_0
    PLLE2_ADV_X0Y0       PLLE2_ADV (Prop_plle2_adv_CLKIN1_CLKOUT0)
                                                     -2.326    -1.639 r  U_clkgen/inst/plle2_adv_inst/CLKOUT0
                         net (fo=1, routed)           0.504    -1.135    U_clkgen/inst/clk_out1_clk_wiz_0
    BUFGCTRL_X0Y0        BUFG (Prop_bufg_I_O)         0.026    -1.109 r  U_clkgen/inst/clkout1_buf/O
                         net (fo=4776, routed)        0.560    -0.549    U_display/U_display_converter/inst/gen_axilite.gen_b2s_conv.axilite_b2s/SI_REG/r.r_pipe/aclk
    SLICE_X35Y55         FDRE                                         r  U_display/U_display_converter/inst/gen_axilite.gen_b2s_conv.axilite_b2s/SI_REG/r.r_pipe/m_payload_i_reg[34]/C
  -------------------------------------------------------------------    -------------------
    SLICE_X35Y55         FDRE (Prop_fdre_C_Q)         0.141    -0.408 r  U_display/U_display_converter/inst/gen_axilite.gen_b2s_conv.axilite_b2s/SI_REG/r.r_pipe/m_payload_i_reg[34]/Q
                         net (fo=2, routed)           0.201    -0.207    U_bridge/inst/gen_samd.crossbar_samd/gen_master_slots[3].reg_slice_mi/r.r_pipe/m_axi_rlast[0]
    SLICE_X39Y53         LUT3 (Prop_lut3_I0_O)        0.045    -0.162 r  U_bridge/inst/gen_samd.crossbar_samd/gen_master_slots[3].reg_slice_mi/r.r_pipe/m_payload_i[34]_i_2__3/O
                         net (fo=1, routed)           0.000    -0.162    U_bridge/inst/gen_samd.crossbar_samd/gen_master_slots[3].reg_slice_mi/r.r_pipe/skid_buffer[34]
    SLICE_X39Y53         FDRE                                         r  U_bridge/inst/gen_samd.crossbar_samd/gen_master_slots[3].reg_slice_mi/r.r_pipe/m_payload_i_reg[34]/D
  -------------------------------------------------------------------    -------------------

                         (clock clk_out1_clk_wiz_0 rise edge)
                                                      0.000     0.000 r  
    P17                                               0.000     0.000 r  fpga_clk (IN)
                         net (fo=0)                   0.000     0.000    U_clkgen/inst/clk_in1
    P17                  IBUF (Prop_ibuf_I_O)         0.434     0.434 r  U_clkgen/inst/clkin1_ibufg/O
                         net (fo=1, routed)           0.481     0.915    U_clkgen/inst/clk_in1_clk_wiz_0
    PLLE2_ADV_X0Y0       PLLE2_ADV (Prop_plle2_adv_CLKIN1_CLKOUT0)
                                                     -2.641    -1.726 r  U_clkgen/inst/plle2_adv_inst/CLKOUT0
                         net (fo=1, routed)           0.550    -1.176    U_clkgen/inst/clk_out1_clk_wiz_0
    BUFGCTRL_X0Y0        BUFG (Prop_bufg_I_O)         0.029    -1.147 r  U_clkgen/inst/clkout1_buf/O
                         net (fo=4776, routed)        0.829    -0.318    U_bridge/inst/gen_samd.crossbar_samd/gen_master_slots[3].reg_slice_mi/r.r_pipe/aclk
    SLICE_X39Y53         FDRE                                         r  U_bridge/inst/gen_samd.crossbar_samd/gen_master_slots[3].reg_slice_mi/r.r_pipe/m_payload_i_reg[34]/C
                         clock pessimism              0.033    -0.285    
    SLICE_X39Y53         FDRE (Hold_fdre_C_D)         0.092    -0.193    U_bridge/inst/gen_samd.crossbar_samd/gen_master_slots[3].reg_slice_mi/r.r_pipe/m_payload_i_reg[34]
  -------------------------------------------------------------------
                         required time                          0.193    
                         arrival time                          -0.162    
  -------------------------------------------------------------------
                         slack                                  0.030    

Slack (MET) :             0.031ns  (arrival time - required time)
  Source:                 U_timer/U_timer/U0/ip2bus_data_i_D1_reg[22]/C
                            (rising edge-triggered cell FDRE clocked by clk_out1_clk_wiz_0  {rise@0.000ns fall@10.000ns period=20.000ns})
  Destination:            U_timer/U_timer/U0/AXI_LITE_IPIF_I/I_SLAVE_ATTACHMENT/s_axi_rdata_i_reg[9]/D
                            (rising edge-triggered cell FDRE clocked by clk_out1_clk_wiz_0  {rise@0.000ns fall@10.000ns period=20.000ns})
  Path Group:             clk_out1_clk_wiz_0
  Path Type:              Hold (Min at Fast Process Corner)
  Requirement:            0.000ns  (clk_out1_clk_wiz_0 rise@0.000ns - clk_out1_clk_wiz_0 rise@0.000ns)
  Data Path Delay:        0.360ns  (logic 0.164ns (45.540%)  route 0.196ns (54.460%))
  Logic Levels:           0  
  Clock Path Skew:        0.265ns (DCD - SCD - CPR)
    Destination Clock Delay (DCD):    -0.320ns
    Source Clock Delay      (SCD):    -0.552ns
    Clock Pessimism Removal (CPR):    -0.033ns

    Location             Delay type                Incr(ns)  Path(ns)    Netlist Resource(s)
  -------------------------------------------------------------------    -------------------
                         (clock clk_out1_clk_wiz_0 rise edge)
                                                      0.000     0.000 r  
    P17                                               0.000     0.000 r  fpga_clk (IN)
                         net (fo=0)                   0.000     0.000    U_clkgen/inst/clk_in1
    P17                  IBUF (Prop_ibuf_I_O)         0.246     0.246 r  U_clkgen/inst/clkin1_ibufg/O
                         net (fo=1, routed)           0.440     0.686    U_clkgen/inst/clk_in1_clk_wiz_0
    PLLE2_ADV_X0Y0       PLLE2_ADV (Prop_plle2_adv_CLKIN1_CLKOUT0)
                                                     -2.326    -1.639 r  U_clkgen/inst/plle2_adv_inst/CLKOUT0
                         net (fo=1, routed)           0.504    -1.135    U_clkgen/inst/clk_out1_clk_wiz_0
    BUFGCTRL_X0Y0        BUFG (Prop_bufg_I_O)         0.026    -1.109 r  U_clkgen/inst/clkout1_buf/O
                         net (fo=4776, routed)        0.558    -0.552    U_timer/U_timer/U0/s_axi_aclk
    SLICE_X34Y36         FDRE                                         r  U_timer/U_timer/U0/ip2bus_data_i_D1_reg[22]/C
  -------------------------------------------------------------------    -------------------
    SLICE_X34Y36         FDRE (Prop_fdre_C_Q)         0.164    -0.388 r  U_timer/U_timer/U0/ip2bus_data_i_D1_reg[22]/Q
                         net (fo=1, routed)           0.196    -0.191    U_timer/U_timer/U0/AXI_LITE_IPIF_I/I_SLAVE_ATTACHMENT/s_axi_rdata_i_reg[31]_0[9]
    SLICE_X38Y37         FDRE                                         r  U_timer/U_timer/U0/AXI_LITE_IPIF_I/I_SLAVE_ATTACHMENT/s_axi_rdata_i_reg[9]/D
  -------------------------------------------------------------------    -------------------

                         (clock clk_out1_clk_wiz_0 rise edge)
                                                      0.000     0.000 r  
    P17                                               0.000     0.000 r  fpga_clk (IN)
                         net (fo=0)                   0.000     0.000    U_clkgen/inst/clk_in1
    P17                  IBUF (Prop_ibuf_I_O)         0.434     0.434 r  U_clkgen/inst/clkin1_ibufg/O
                         net (fo=1, routed)           0.481     0.915    U_clkgen/inst/clk_in1_clk_wiz_0
    PLLE2_ADV_X0Y0       PLLE2_ADV (Prop_plle2_adv_CLKIN1_CLKOUT0)
                                                     -2.641    -1.726 r  U_clkgen/inst/plle2_adv_inst/CLKOUT0
                         net (fo=1, routed)           0.550    -1.176    U_clkgen/inst/clk_out1_clk_wiz_0
    BUFGCTRL_X0Y0        BUFG (Prop_bufg_I_O)         0.029    -1.147 r  U_clkgen/inst/clkout1_buf/O
                         net (fo=4776, routed)        0.828    -0.320    U_timer/U_timer/U0/AXI_LITE_IPIF_I/I_SLAVE_ATTACHMENT/s_axi_aclk
    SLICE_X38Y37         FDRE                                         r  U_timer/U_timer/U0/AXI_LITE_IPIF_I/I_SLAVE_ATTACHMENT/s_axi_rdata_i_reg[9]/C
                         clock pessimism              0.033    -0.287    
    SLICE_X38Y37         FDRE (Hold_fdre_C_D)         0.064    -0.223    U_timer/U_timer/U0/AXI_LITE_IPIF_I/I_SLAVE_ATTACHMENT/s_axi_rdata_i_reg[9]
  -------------------------------------------------------------------
                         required time                          0.223    
                         arrival time                          -0.191    
  -------------------------------------------------------------------
                         slack                                  0.031    

Slack (MET) :             0.036ns  (arrival time - required time)
  Source:                 U_uart/U_uart_converter/inst/gen_axilite.gen_b2s_conv.axilite_b2s/SI_REG/r.r_pipe/m_payload_i_reg[4]/C
                            (rising edge-triggered cell FDRE clocked by clk_out1_clk_wiz_0  {rise@0.000ns fall@10.000ns period=20.000ns})
  Destination:            U_bridge/inst/gen_samd.crossbar_samd/gen_master_slots[4].reg_slice_mi/r.r_pipe/skid_buffer_reg[4]/D
                            (rising edge-triggered cell FDRE clocked by clk_out1_clk_wiz_0  {rise@0.000ns fall@10.000ns period=20.000ns})
  Path Group:             clk_out1_clk_wiz_0
  Path Type:              Hold (Min at Fast Process Corner)
  Requirement:            0.000ns  (clk_out1_clk_wiz_0 rise@0.000ns - clk_out1_clk_wiz_0 rise@0.000ns)
  Data Path Delay:        0.336ns  (logic 0.148ns (44.089%)  route 0.188ns (55.911%))
  Logic Levels:           0  
  Clock Path Skew:        0.269ns (DCD - SCD - CPR)
    Destination Clock Delay (DCD):    -0.312ns
    Source Clock Delay      (SCD):    -0.543ns
    Clock Pessimism Removal (CPR):    -0.038ns

    Location             Delay type                Incr(ns)  Path(ns)    Netlist Resource(s)
  -------------------------------------------------------------------    -------------------
                         (clock clk_out1_clk_wiz_0 rise edge)
                                                      0.000     0.000 r  
    P17                                               0.000     0.000 r  fpga_clk (IN)
                         net (fo=0)                   0.000     0.000    U_clkgen/inst/clk_in1
    P17                  IBUF (Prop_ibuf_I_O)         0.246     0.246 r  U_clkgen/inst/clkin1_ibufg/O
                         net (fo=1, routed)           0.440     0.686    U_clkgen/inst/clk_in1_clk_wiz_0
    PLLE2_ADV_X0Y0       PLLE2_ADV (Prop_plle2_adv_CLKIN1_CLKOUT0)
                                                     -2.326    -1.639 r  U_clkgen/inst/plle2_adv_inst/CLKOUT0
                         net (fo=1, routed)           0.504    -1.135    U_clkgen/inst/clk_out1_clk_wiz_0
    BUFGCTRL_X0Y0        BUFG (Prop_bufg_I_O)         0.026    -1.109 r  U_clkgen/inst/clkout1_buf/O
                         net (fo=4776, routed)        0.567    -0.543    U_uart/U_uart_converter/inst/gen_axilite.gen_b2s_conv.axilite_b2s/SI_REG/r.r_pipe/aclk
    SLICE_X52Y49         FDRE                                         r  U_uart/U_uart_converter/inst/gen_axilite.gen_b2s_conv.axilite_b2s/SI_REG/r.r_pipe/m_payload_i_reg[4]/C
  -------------------------------------------------------------------    -------------------
    SLICE_X52Y49         FDRE (Prop_fdre_C_Q)         0.148    -0.395 r  U_uart/U_uart_converter/inst/gen_axilite.gen_b2s_conv.axilite_b2s/SI_REG/r.r_pipe/m_payload_i_reg[4]/Q
                         net (fo=2, routed)           0.188    -0.207    U_bridge/inst/gen_samd.crossbar_samd/gen_master_slots[4].reg_slice_mi/r.r_pipe/m_axi_rdata[4]
    SLICE_X50Y50         FDRE                                         r  U_bridge/inst/gen_samd.crossbar_samd/gen_master_slots[4].reg_slice_mi/r.r_pipe/skid_buffer_reg[4]/D
  -------------------------------------------------------------------    -------------------

                         (clock clk_out1_clk_wiz_0 rise edge)
                                                      0.000     0.000 r  
    P17                                               0.000     0.000 r  fpga_clk (IN)
                         net (fo=0)                   0.000     0.000    U_clkgen/inst/clk_in1
    P17                  IBUF (Prop_ibuf_I_O)         0.434     0.434 r  U_clkgen/inst/clkin1_ibufg/O
                         net (fo=1, routed)           0.481     0.915    U_clkgen/inst/clk_in1_clk_wiz_0
    PLLE2_ADV_X0Y0       PLLE2_ADV (Prop_plle2_adv_CLKIN1_CLKOUT0)
                                                     -2.641    -1.726 r  U_clkgen/inst/plle2_adv_inst/CLKOUT0
                         net (fo=1, routed)           0.550    -1.176    U_clkgen/inst/clk_out1_clk_wiz_0
    BUFGCTRL_X0Y0        BUFG (Prop_bufg_I_O)         0.029    -1.147 r  U_clkgen/inst/clkout1_buf/O
                         net (fo=4776, routed)        0.835    -0.312    U_bridge/inst/gen_samd.crossbar_samd/gen_master_slots[4].reg_slice_mi/r.r_pipe/aclk
    SLICE_X50Y50         FDRE                                         r  U_bridge/inst/gen_samd.crossbar_samd/gen_master_slots[4].reg_slice_mi/r.r_pipe/skid_buffer_reg[4]/C
                         clock pessimism              0.038    -0.274    
    SLICE_X50Y50         FDRE (Hold_fdre_C_D)         0.031    -0.243    U_bridge/inst/gen_samd.crossbar_samd/gen_master_slots[4].reg_slice_mi/r.r_pipe/skid_buffer_reg[4]
  -------------------------------------------------------------------
                         required time                          0.243    
                         arrival time                          -0.207    
  -------------------------------------------------------------------
                         slack                                  0.036    

Slack (MET) :             0.041ns  (arrival time - required time)
  Source:                 U_display/U_display_gpio/U0/AXI_LITE_IPIF_I/I_SLAVE_ATTACHMENT/s_axi_rdata_i_reg[9]/C
                            (rising edge-triggered cell FDRE clocked by clk_out1_clk_wiz_0  {rise@0.000ns fall@10.000ns period=20.000ns})
  Destination:            U_display/U_display_converter/inst/gen_axilite.gen_b2s_conv.axilite_b2s/RD.r_channel_0/rd_data_fifo_0/memory_reg[31][9]_srl32/D
                            (rising edge-triggered cell SRLC32E clocked by clk_out1_clk_wiz_0  {rise@0.000ns fall@10.000ns period=20.000ns})
  Path Group:             clk_out1_clk_wiz_0
  Path Type:              Hold (Min at Fast Process Corner)
  Requirement:            0.000ns  (clk_out1_clk_wiz_0 rise@0.000ns - clk_out1_clk_wiz_0 rise@0.000ns)
  Data Path Delay:        0.258ns  (logic 0.141ns (54.701%)  route 0.117ns (45.299%))
  Logic Levels:           0  
  Clock Path Skew:        0.034ns (DCD - SCD - CPR)
    Destination Clock Delay (DCD):    -0.316ns
    Source Clock Delay      (SCD):    -0.546ns
    Clock Pessimism Removal (CPR):    0.196ns

    Location             Delay type                Incr(ns)  Path(ns)    Netlist Resource(s)
  -------------------------------------------------------------------    -------------------
                         (clock clk_out1_clk_wiz_0 rise edge)
                                                      0.000     0.000 r  
    P17                                               0.000     0.000 r  fpga_clk (IN)
                         net (fo=0)                   0.000     0.000    U_clkgen/inst/clk_in1
    P17                  IBUF (Prop_ibuf_I_O)         0.246     0.246 r  U_clkgen/inst/clkin1_ibufg/O
                         net (fo=1, routed)           0.440     0.686    U_clkgen/inst/clk_in1_clk_wiz_0
    PLLE2_ADV_X0Y0       PLLE2_ADV (Prop_plle2_adv_CLKIN1_CLKOUT0)
                                                     -2.326    -1.639 r  U_clkgen/inst/plle2_adv_inst/CLKOUT0
                         net (fo=1, routed)           0.504    -1.135    U_clkgen/inst/clk_out1_clk_wiz_0
    BUFGCTRL_X0Y0        BUFG (Prop_bufg_I_O)         0.026    -1.109 r  U_clkgen/inst/clkout1_buf/O
                         net (fo=4776, routed)        0.564    -0.546    U_display/U_display_gpio/U0/AXI_LITE_IPIF_I/I_SLAVE_ATTACHMENT/s_axi_aclk
    SLICE_X28Y47         FDRE                                         r  U_display/U_display_gpio/U0/AXI_LITE_IPIF_I/I_SLAVE_ATTACHMENT/s_axi_rdata_i_reg[9]/C
  -------------------------------------------------------------------    -------------------
    SLICE_X28Y47         FDRE (Prop_fdre_C_Q)         0.141    -0.405 r  U_display/U_display_gpio/U0/AXI_LITE_IPIF_I/I_SLAVE_ATTACHMENT/s_axi_rdata_i_reg[9]/Q
                         net (fo=1, routed)           0.117    -0.288    U_display/U_display_converter/inst/gen_axilite.gen_b2s_conv.axilite_b2s/RD.r_channel_0/rd_data_fifo_0/in[9]
    SLICE_X30Y46         SRLC32E                                      r  U_display/U_display_converter/inst/gen_axilite.gen_b2s_conv.axilite_b2s/RD.r_channel_0/rd_data_fifo_0/memory_reg[31][9]_srl32/D
  -------------------------------------------------------------------    -------------------

                         (clock clk_out1_clk_wiz_0 rise edge)
                                                      0.000     0.000 r  
    P17                                               0.000     0.000 r  fpga_clk (IN)
                         net (fo=0)                   0.000     0.000    U_clkgen/inst/clk_in1
    P17                  IBUF (Prop_ibuf_I_O)         0.434     0.434 r  U_clkgen/inst/clkin1_ibufg/O
                         net (fo=1, routed)           0.481     0.915    U_clkgen/inst/clk_in1_clk_wiz_0
    PLLE2_ADV_X0Y0       PLLE2_ADV (Prop_plle2_adv_CLKIN1_CLKOUT0)
                                                     -2.641    -1.726 r  U_clkgen/inst/plle2_adv_inst/CLKOUT0
                         net (fo=1, routed)           0.550    -1.176    U_clkgen/inst/clk_out1_clk_wiz_0
    BUFGCTRL_X0Y0        BUFG (Prop_bufg_I_O)         0.029    -1.147 r  U_clkgen/inst/clkout1_buf/O
                         net (fo=4776, routed)        0.832    -0.316    U_display/U_display_converter/inst/gen_axilite.gen_b2s_conv.axilite_b2s/RD.r_channel_0/rd_data_fifo_0/aclk
    SLICE_X30Y46         SRLC32E                                      r  U_display/U_display_converter/inst/gen_axilite.gen_b2s_conv.axilite_b2s/RD.r_channel_0/rd_data_fifo_0/memory_reg[31][9]_srl32/CLK
                         clock pessimism             -0.196    -0.512    
    SLICE_X30Y46         SRLC32E (Hold_srlc32e_CLK_D)
                                                      0.183    -0.329    U_display/U_display_converter/inst/gen_axilite.gen_b2s_conv.axilite_b2s/RD.r_channel_0/rd_data_fifo_0/memory_reg[31][9]_srl32
  -------------------------------------------------------------------
                         required time                          0.329    
                         arrival time                          -0.288    
  -------------------------------------------------------------------
                         slack                                  0.041    

Slack (MET) :             0.044ns  (arrival time - required time)
  Source:                 U_bridge/inst/gen_samd.crossbar_samd/gen_master_slots[4].reg_slice_mi/r.r_pipe/skid_buffer_reg[3]/C
                            (rising edge-triggered cell FDRE clocked by clk_out1_clk_wiz_0  {rise@0.000ns fall@10.000ns period=20.000ns})
  Destination:            U_bridge/inst/gen_samd.crossbar_samd/gen_master_slots[4].reg_slice_mi/r.r_pipe/m_payload_i_reg[3]/D
                            (rising edge-triggered cell FDRE clocked by clk_out1_clk_wiz_0  {rise@0.000ns fall@10.000ns period=20.000ns})
  Path Group:             clk_out1_clk_wiz_0
  Path Type:              Hold (Min at Fast Process Corner)
  Requirement:            0.000ns  (clk_out1_clk_wiz_0 rise@0.000ns - clk_out1_clk_wiz_0 rise@0.000ns)
  Data Path Delay:        0.438ns  (logic 0.209ns (47.768%)  route 0.229ns (52.232%))
  Logic Levels:           1  (LUT3=1)
  Clock Path Skew:        0.273ns (DCD - SCD - CPR)
    Destination Clock Delay (DCD):    -0.310ns
    Source Clock Delay      (SCD):    -0.544ns
    Clock Pessimism Removal (CPR):    -0.038ns

    Location             Delay type                Incr(ns)  Path(ns)    Netlist Resource(s)
  -------------------------------------------------------------------    -------------------
                         (clock clk_out1_clk_wiz_0 rise edge)
                                                      0.000     0.000 r  
    P17                                               0.000     0.000 r  fpga_clk (IN)
                         net (fo=0)                   0.000     0.000    U_clkgen/inst/clk_in1
    P17                  IBUF (Prop_ibuf_I_O)         0.246     0.246 r  U_clkgen/inst/clkin1_ibufg/O
                         net (fo=1, routed)           0.440     0.686    U_clkgen/inst/clk_in1_clk_wiz_0
    PLLE2_ADV_X0Y0       PLLE2_ADV (Prop_plle2_adv_CLKIN1_CLKOUT0)
                                                     -2.326    -1.639 r  U_clkgen/inst/plle2_adv_inst/CLKOUT0
                         net (fo=1, routed)           0.504    -1.135    U_clkgen/inst/clk_out1_clk_wiz_0
    BUFGCTRL_X0Y0        BUFG (Prop_bufg_I_O)         0.026    -1.109 r  U_clkgen/inst/clkout1_buf/O
                         net (fo=4776, routed)        0.565    -0.544    U_bridge/inst/gen_samd.crossbar_samd/gen_master_slots[4].reg_slice_mi/r.r_pipe/aclk
    SLICE_X50Y50         FDRE                                         r  U_bridge/inst/gen_samd.crossbar_samd/gen_master_slots[4].reg_slice_mi/r.r_pipe/skid_buffer_reg[3]/C
  -------------------------------------------------------------------    -------------------
    SLICE_X50Y50         FDRE (Prop_fdre_C_Q)         0.164    -0.380 r  U_bridge/inst/gen_samd.crossbar_samd/gen_master_slots[4].reg_slice_mi/r.r_pipe/skid_buffer_reg[3]/Q
                         net (fo=1, routed)           0.229    -0.152    U_bridge/inst/gen_samd.crossbar_samd/gen_master_slots[4].reg_slice_mi/r.r_pipe/skid_buffer_reg_n_0_[3]
    SLICE_X50Y49         LUT3 (Prop_lut3_I2_O)        0.045    -0.107 r  U_bridge/inst/gen_samd.crossbar_samd/gen_master_slots[4].reg_slice_mi/r.r_pipe/m_payload_i[3]_i_1__3/O
                         net (fo=1, routed)           0.000    -0.107    U_bridge/inst/gen_samd.crossbar_samd/gen_master_slots[4].reg_slice_mi/r.r_pipe/skid_buffer[3]
    SLICE_X50Y49         FDRE                                         r  U_bridge/inst/gen_samd.crossbar_samd/gen_master_slots[4].reg_slice_mi/r.r_pipe/m_payload_i_reg[3]/D
  -------------------------------------------------------------------    -------------------

                         (clock clk_out1_clk_wiz_0 rise edge)
                                                      0.000     0.000 r  
    P17                                               0.000     0.000 r  fpga_clk (IN)
                         net (fo=0)                   0.000     0.000    U_clkgen/inst/clk_in1
    P17                  IBUF (Prop_ibuf_I_O)         0.434     0.434 r  U_clkgen/inst/clkin1_ibufg/O
                         net (fo=1, routed)           0.481     0.915    U_clkgen/inst/clk_in1_clk_wiz_0
    PLLE2_ADV_X0Y0       PLLE2_ADV (Prop_plle2_adv_CLKIN1_CLKOUT0)
                                                     -2.641    -1.726 r  U_clkgen/inst/plle2_adv_inst/CLKOUT0
                         net (fo=1, routed)           0.550    -1.176    U_clkgen/inst/clk_out1_clk_wiz_0
    BUFGCTRL_X0Y0        BUFG (Prop_bufg_I_O)         0.029    -1.147 r  U_clkgen/inst/clkout1_buf/O
                         net (fo=4776, routed)        0.838    -0.310    U_bridge/inst/gen_samd.crossbar_samd/gen_master_slots[4].reg_slice_mi/r.r_pipe/aclk
    SLICE_X50Y49         FDRE                                         r  U_bridge/inst/gen_samd.crossbar_samd/gen_master_slots[4].reg_slice_mi/r.r_pipe/m_payload_i_reg[3]/C
                         clock pessimism              0.038    -0.272    
    SLICE_X50Y49         FDRE (Hold_fdre_C_D)         0.121    -0.151    U_bridge/inst/gen_samd.crossbar_samd/gen_master_slots[4].reg_slice_mi/r.r_pipe/m_payload_i_reg[3]
  -------------------------------------------------------------------
                         required time                          0.151    
                         arrival time                          -0.107    
  -------------------------------------------------------------------
                         slack                                  0.044    

Slack (MET) :             0.044ns  (arrival time - required time)
  Source:                 U_bridge/inst/gen_samd.crossbar_samd/gen_master_slots[4].reg_slice_mi/r.r_pipe/skid_buffer_reg[2]/C
                            (rising edge-triggered cell FDRE clocked by clk_out1_clk_wiz_0  {rise@0.000ns fall@10.000ns period=20.000ns})
  Destination:            U_bridge/inst/gen_samd.crossbar_samd/gen_master_slots[4].reg_slice_mi/r.r_pipe/m_payload_i_reg[2]/D
                            (rising edge-triggered cell FDRE clocked by clk_out1_clk_wiz_0  {rise@0.000ns fall@10.000ns period=20.000ns})
  Path Group:             clk_out1_clk_wiz_0
  Path Type:              Hold (Min at Fast Process Corner)
  Requirement:            0.000ns  (clk_out1_clk_wiz_0 rise@0.000ns - clk_out1_clk_wiz_0 rise@0.000ns)
  Data Path Delay:        0.448ns  (logic 0.212ns (47.337%)  route 0.236ns (52.663%))
  Logic Levels:           1  (LUT3=1)
  Clock Path Skew:        0.273ns (DCD - SCD - CPR)
    Destination Clock Delay (DCD):    -0.310ns
    Source Clock Delay      (SCD):    -0.544ns
    Clock Pessimism Removal (CPR):    -0.038ns

    Location             Delay type                Incr(ns)  Path(ns)    Netlist Resource(s)
  -------------------------------------------------------------------    -------------------
                         (clock clk_out1_clk_wiz_0 rise edge)
                                                      0.000     0.000 r  
    P17                                               0.000     0.000 r  fpga_clk (IN)
                         net (fo=0)                   0.000     0.000    U_clkgen/inst/clk_in1
    P17                  IBUF (Prop_ibuf_I_O)         0.246     0.246 r  U_clkgen/inst/clkin1_ibufg/O
                         net (fo=1, routed)           0.440     0.686    U_clkgen/inst/clk_in1_clk_wiz_0
    PLLE2_ADV_X0Y0       PLLE2_ADV (Prop_plle2_adv_CLKIN1_CLKOUT0)
                                                     -2.326    -1.639 r  U_clkgen/inst/plle2_adv_inst/CLKOUT0
                         net (fo=1, routed)           0.504    -1.135    U_clkgen/inst/clk_out1_clk_wiz_0
    BUFGCTRL_X0Y0        BUFG (Prop_bufg_I_O)         0.026    -1.109 r  U_clkgen/inst/clkout1_buf/O
                         net (fo=4776, routed)        0.565    -0.544    U_bridge/inst/gen_samd.crossbar_samd/gen_master_slots[4].reg_slice_mi/r.r_pipe/aclk
    SLICE_X50Y50         FDRE                                         r  U_bridge/inst/gen_samd.crossbar_samd/gen_master_slots[4].reg_slice_mi/r.r_pipe/skid_buffer_reg[2]/C
  -------------------------------------------------------------------    -------------------
    SLICE_X50Y50         FDRE (Prop_fdre_C_Q)         0.164    -0.380 r  U_bridge/inst/gen_samd.crossbar_samd/gen_master_slots[4].reg_slice_mi/r.r_pipe/skid_buffer_reg[2]/Q
                         net (fo=1, routed)           0.236    -0.145    U_bridge/inst/gen_samd.crossbar_samd/gen_master_slots[4].reg_slice_mi/r.r_pipe/skid_buffer_reg_n_0_[2]
    SLICE_X50Y49         LUT3 (Prop_lut3_I2_O)        0.048    -0.097 r  U_bridge/inst/gen_samd.crossbar_samd/gen_master_slots[4].reg_slice_mi/r.r_pipe/m_payload_i[2]_i_1__3/O
                         net (fo=1, routed)           0.000    -0.097    U_bridge/inst/gen_samd.crossbar_samd/gen_master_slots[4].reg_slice_mi/r.r_pipe/skid_buffer[2]
    SLICE_X50Y49         FDRE                                         r  U_bridge/inst/gen_samd.crossbar_samd/gen_master_slots[4].reg_slice_mi/r.r_pipe/m_payload_i_reg[2]/D
  -------------------------------------------------------------------    -------------------

                         (clock clk_out1_clk_wiz_0 rise edge)
                                                      0.000     0.000 r  
    P17                                               0.000     0.000 r  fpga_clk (IN)
                         net (fo=0)                   0.000     0.000    U_clkgen/inst/clk_in1
    P17                  IBUF (Prop_ibuf_I_O)         0.434     0.434 r  U_clkgen/inst/clkin1_ibufg/O
                         net (fo=1, routed)           0.481     0.915    U_clkgen/inst/clk_in1_clk_wiz_0
    PLLE2_ADV_X0Y0       PLLE2_ADV (Prop_plle2_adv_CLKIN1_CLKOUT0)
                                                     -2.641    -1.726 r  U_clkgen/inst/plle2_adv_inst/CLKOUT0
                         net (fo=1, routed)           0.550    -1.176    U_clkgen/inst/clk_out1_clk_wiz_0
    BUFGCTRL_X0Y0        BUFG (Prop_bufg_I_O)         0.029    -1.147 r  U_clkgen/inst/clkout1_buf/O
                         net (fo=4776, routed)        0.838    -0.310    U_bridge/inst/gen_samd.crossbar_samd/gen_master_slots[4].reg_slice_mi/r.r_pipe/aclk
    SLICE_X50Y49         FDRE                                         r  U_bridge/inst/gen_samd.crossbar_samd/gen_master_slots[4].reg_slice_mi/r.r_pipe/m_payload_i_reg[2]/C
                         clock pessimism              0.038    -0.272    
    SLICE_X50Y49         FDRE (Hold_fdre_C_D)         0.131    -0.141    U_bridge/inst/gen_samd.crossbar_samd/gen_master_slots[4].reg_slice_mi/r.r_pipe/m_payload_i_reg[2]
  -------------------------------------------------------------------
                         required time                          0.141    
                         arrival time                          -0.097    
  -------------------------------------------------------------------
                         slack                                  0.044    





Pulse Width Checks
--------------------------------------------------------------------------------------
Clock Name:         clk_out1_clk_wiz_0
Waveform(ns):       { 0.000 10.000 }
Period(ns):         20.000
Sources:            { U_clkgen/inst/plle2_adv_inst/CLKOUT0 }

Check Type        Corner  Lib Pin             Reference Pin  Required(ns)  Actual(ns)  Slack(ns)  Location        Pin
Min Period        n/a     RAMB36E1/CLKARDCLK  n/a            2.944         20.000      17.056     RAMB36_X2Y6     <hidden>
Min Period        n/a     RAMB36E1/CLKBWRCLK  n/a            2.944         20.000      17.056     RAMB36_X2Y6     <hidden>
Min Period        n/a     RAMB18E1/CLKARDCLK  n/a            2.944         20.000      17.056     RAMB18_X1Y14    <hidden>
Min Period        n/a     RAMB18E1/CLKBWRCLK  n/a            2.944         20.000      17.056     RAMB18_X1Y14    <hidden>
Min Period        n/a     RAMB36E1/CLKARDCLK  n/a            2.944         20.000      17.056     RAMB36_X2Y1     <hidden>
Min Period        n/a     RAMB36E1/CLKBWRCLK  n/a            2.944         20.000      17.056     RAMB36_X2Y1     <hidden>
Min Period        n/a     RAMB36E1/CLKARDCLK  n/a            2.944         20.000      17.056     RAMB36_X0Y3     <hidden>
Min Period        n/a     RAMB36E1/CLKBWRCLK  n/a            2.944         20.000      17.056     RAMB36_X0Y3     <hidden>
Min Period        n/a     RAMB36E1/CLKARDCLK  n/a            2.944         20.000      17.056     RAMB36_X1Y0     <hidden>
Min Period        n/a     RAMB36E1/CLKBWRCLK  n/a            2.944         20.000      17.056     RAMB36_X1Y0     <hidden>
Max Period        n/a     PLLE2_ADV/CLKOUT0   n/a            160.000       20.000      140.000    PLLE2_ADV_X0Y0  U_clkgen/inst/plle2_adv_inst/CLKOUT0
Low Pulse Width   Slow    RAMD32/CLK          n/a            1.250         10.000      8.750      SLICE_X56Y65    U_cpu/U_core/U_RF/regs_reg_r1_0_31_0_5/RAMA/CLK
Low Pulse Width   Fast    RAMD32/CLK          n/a            1.250         10.000      8.750      SLICE_X56Y65    U_cpu/U_core/U_RF/regs_reg_r1_0_31_0_5/RAMA/CLK
Low Pulse Width   Slow    RAMD32/CLK          n/a            1.250         10.000      8.750      SLICE_X56Y65    U_cpu/U_core/U_RF/regs_reg_r1_0_31_0_5/RAMA_D1/CLK
Low Pulse Width   Fast    RAMD32/CLK          n/a            1.250         10.000      8.750      SLICE_X56Y65    U_cpu/U_core/U_RF/regs_reg_r1_0_31_0_5/RAMA_D1/CLK
Low Pulse Width   Slow    RAMD32/CLK          n/a            1.250         10.000      8.750      SLICE_X56Y65    U_cpu/U_core/U_RF/regs_reg_r1_0_31_0_5/RAMB/CLK
Low Pulse Width   Fast    RAMD32/CLK          n/a            1.250         10.000      8.750      SLICE_X56Y65    U_cpu/U_core/U_RF/regs_reg_r1_0_31_0_5/RAMB/CLK
Low Pulse Width   Slow    RAMD32/CLK          n/a            1.250         10.000      8.750      SLICE_X56Y65    U_cpu/U_core/U_RF/regs_reg_r1_0_31_0_5/RAMB_D1/CLK
Low Pulse Width   Fast    RAMD32/CLK          n/a            1.250         10.000      8.750      SLICE_X56Y65    U_cpu/U_core/U_RF/regs_reg_r1_0_31_0_5/RAMB_D1/CLK
Low Pulse Width   Slow    RAMD32/CLK          n/a            1.250         10.000      8.750      SLICE_X56Y65    U_cpu/U_core/U_RF/regs_reg_r1_0_31_0_5/RAMC/CLK
Low Pulse Width   Fast    RAMD32/CLK          n/a            1.250         10.000      8.750      SLICE_X56Y65    U_cpu/U_core/U_RF/regs_reg_r1_0_31_0_5/RAMC/CLK
High Pulse Width  Slow    RAMD32/CLK          n/a            1.250         10.000      8.750      SLICE_X56Y65    U_cpu/U_core/U_RF/regs_reg_r1_0_31_0_5/RAMA/CLK
High Pulse Width  Fast    RAMD32/CLK          n/a            1.250         10.000      8.750      SLICE_X56Y65    U_cpu/U_core/U_RF/regs_reg_r1_0_31_0_5/RAMA/CLK
High Pulse Width  Slow    RAMD32/CLK          n/a            1.250         10.000      8.750      SLICE_X56Y65    U_cpu/U_core/U_RF/regs_reg_r1_0_31_0_5/RAMA_D1/CLK
High Pulse Width  Fast    RAMD32/CLK          n/a            1.250         10.000      8.750      SLICE_X56Y65    U_cpu/U_core/U_RF/regs_reg_r1_0_31_0_5/RAMA_D1/CLK
High Pulse Width  Slow    RAMD32/CLK          n/a            1.250         10.000      8.750      SLICE_X56Y65    U_cpu/U_core/U_RF/regs_reg_r1_0_31_0_5/RAMB/CLK
High Pulse Width  Fast    RAMD32/CLK          n/a            1.250         10.000      8.750      SLICE_X56Y65    U_cpu/U_core/U_RF/regs_reg_r1_0_31_0_5/RAMB/CLK
High Pulse Width  Slow    RAMD32/CLK          n/a            1.250         10.000      8.750      SLICE_X56Y65    U_cpu/U_core/U_RF/regs_reg_r1_0_31_0_5/RAMB_D1/CLK
High Pulse Width  Fast    RAMD32/CLK          n/a            1.250         10.000      8.750      SLICE_X56Y65    U_cpu/U_core/U_RF/regs_reg_r1_0_31_0_5/RAMB_D1/CLK
High Pulse Width  Slow    RAMD32/CLK          n/a            1.250         10.000      8.750      SLICE_X56Y65    U_cpu/U_core/U_RF/regs_reg_r1_0_31_0_5/RAMC/CLK
High Pulse Width  Fast    RAMD32/CLK          n/a            1.250         10.000      8.750      SLICE_X56Y65    U_cpu/U_core/U_RF/regs_reg_r1_0_31_0_5/RAMC/CLK



---------------------------------------------------------------------------------------------------
From Clock:  clkfbout_clk_wiz_0
  To Clock:  clkfbout_clk_wiz_0

Setup :           NA  Failing Endpoints,  Worst Slack           NA  ,  Total Violation           NA
Hold  :           NA  Failing Endpoints,  Worst Slack           NA  ,  Total Violation           NA
PW    :            0  Failing Endpoints,  Worst Slack       17.845ns,  Total Violation        0.000ns
---------------------------------------------------------------------------------------------------


Pulse Width Checks
--------------------------------------------------------------------------------------
Clock Name:         clkfbout_clk_wiz_0
Waveform(ns):       { 0.000 10.000 }
Period(ns):         20.000
Sources:            { U_clkgen/inst/plle2_adv_inst/CLKFBOUT }

Check Type  Corner  Lib Pin             Reference Pin  Required(ns)  Actual(ns)  Slack(ns)  Location        Pin
Min Period  n/a     BUFG/I              n/a            2.155         20.000      17.845     BUFGCTRL_X0Y1   U_clkgen/inst/clkf_buf/I
Min Period  n/a     PLLE2_ADV/CLKFBOUT  n/a            1.249         20.000      18.751     PLLE2_ADV_X0Y0  U_clkgen/inst/plle2_adv_inst/CLKFBOUT
Min Period  n/a     PLLE2_ADV/CLKFBIN   n/a            1.249         20.000      18.751     PLLE2_ADV_X0Y0  U_clkgen/inst/plle2_adv_inst/CLKFBIN
Max Period  n/a     PLLE2_ADV/CLKFBIN   n/a            52.633        20.000      32.633     PLLE2_ADV_X0Y0  U_clkgen/inst/plle2_adv_inst/CLKFBIN
Max Period  n/a     PLLE2_ADV/CLKFBOUT  n/a            160.000       20.000      140.000    PLLE2_ADV_X0Y0  U_clkgen/inst/plle2_adv_inst/CLKFBOUT



---------------------------------------------------------------------------------------------------
Path Group:  **async_default**
From Clock:  clk_out1_clk_wiz_0
  To Clock:  clk_out1_clk_wiz_0

Setup :            0  Failing Endpoints,  Worst Slack        8.735ns,  Total Violation        0.000ns
Hold  :            0  Failing Endpoints,  Worst Slack        1.305ns,  Total Violation        0.000ns
---------------------------------------------------------------------------------------------------


Max Delay Paths
--------------------------------------------------------------------------------------
Slack (MET) :             8.735ns  (required time - arrival time)
  Source:                 sys_rst_sync_reg[1]/C
                            (rising edge-triggered cell FDPE clocked by clk_out1_clk_wiz_0  {rise@0.000ns fall@10.000ns period=20.000ns})
  Destination:            U_cpu/U_core/U_ALU/U_div/divisor_reg[16]/CLR
                            (recovery check against rising-edge clock clk_out1_clk_wiz_0  {rise@0.000ns fall@10.000ns period=20.000ns})
  Path Group:             **async_default**
  Path Type:              Recovery (Max at Slow Process Corner)
  Requirement:            20.000ns  (clk_out1_clk_wiz_0 rise@20.000ns - clk_out1_clk_wiz_0 rise@0.000ns)
  Data Path Delay:        10.420ns  (logic 0.419ns (4.021%)  route 10.001ns (95.979%))
  Logic Levels:           0  
  Clock Path Skew:        -0.202ns (DCD - SCD + CPR)
    Destination Clock Delay (DCD):    -2.069ns = ( 17.931 - 20.000 ) 
    Source Clock Delay      (SCD):    -2.374ns
    Clock Pessimism Removal (CPR):    -0.506ns
  Clock Uncertainty:      0.108ns  ((TSJ^2 + DJ^2)^1/2) / 2 + PE
    Total System Jitter     (TSJ):    0.071ns
    Discrete Jitter          (DJ):    0.203ns
    Phase Error              (PE):    0.000ns

    Location             Delay type                Incr(ns)  Path(ns)    Netlist Resource(s)
  -------------------------------------------------------------------    -------------------
                         (clock clk_out1_clk_wiz_0 rise edge)
                                                      0.000     0.000 r  
    P17                                               0.000     0.000 r  fpga_clk (IN)
                         net (fo=0)                   0.000     0.000    U_clkgen/inst/clk_in1
    P17                  IBUF (Prop_ibuf_I_O)         1.478     1.478 r  U_clkgen/inst/clkin1_ibufg/O
                         net (fo=1, routed)           1.253     2.731    U_clkgen/inst/clk_in1_clk_wiz_0
    PLLE2_ADV_X0Y0       PLLE2_ADV (Prop_plle2_adv_CLKIN1_CLKOUT0)
                                                     -8.486    -5.754 r  U_clkgen/inst/plle2_adv_inst/CLKOUT0
                         net (fo=1, routed)           1.660    -4.094    U_clkgen/inst/clk_out1_clk_wiz_0
    BUFGCTRL_X0Y0        BUFG (Prop_bufg_I_O)         0.096    -3.998 r  U_clkgen/inst/clkout1_buf/O
                         net (fo=4776, routed)        1.624    -2.374    pll_clk1
    SLICE_X0Y28          FDPE                                         r  sys_rst_sync_reg[1]/C
  -------------------------------------------------------------------    -------------------
    SLICE_X0Y28          FDPE (Prop_fdpe_C_Q)         0.419    -1.955 f  sys_rst_sync_reg[1]/Q
                         net (fo=1989, routed)       10.001     8.046    U_cpu/U_core/U_ALU/U_div/out[0]
    SLICE_X38Y71         FDCE                                         f  U_cpu/U_core/U_ALU/U_div/divisor_reg[16]/CLR
  -------------------------------------------------------------------    -------------------

                         (clock clk_out1_clk_wiz_0 rise edge)
                                                     20.000    20.000 r  
    P17                                               0.000    20.000 r  fpga_clk (IN)
                         net (fo=0)                   0.000    20.000    U_clkgen/inst/clk_in1
    P17                  IBUF (Prop_ibuf_I_O)         1.408    21.408 r  U_clkgen/inst/clkin1_ibufg/O
                         net (fo=1, routed)           1.181    22.589    U_clkgen/inst/clk_in1_clk_wiz_0
    PLLE2_ADV_X0Y0       PLLE2_ADV (Prop_plle2_adv_CLKIN1_CLKOUT0)
                                                     -7.753    14.835 r  U_clkgen/inst/plle2_adv_inst/CLKOUT0
                         net (fo=1, routed)           1.582    16.417    U_clkgen/inst/clk_out1_clk_wiz_0
    BUFGCTRL_X0Y0        BUFG (Prop_bufg_I_O)         0.091    16.508 r  U_clkgen/inst/clkout1_buf/O
                         net (fo=4776, routed)        1.423    17.931    U_cpu/U_core/U_ALU/U_div/clk_out1
    SLICE_X38Y71         FDCE                                         r  U_cpu/U_core/U_ALU/U_div/divisor_reg[16]/C
                         clock pessimism             -0.506    17.425    
                         clock uncertainty           -0.108    17.317    
    SLICE_X38Y71         FDCE (Recov_fdce_C_CLR)     -0.536    16.781    U_cpu/U_core/U_ALU/U_div/divisor_reg[16]
  -------------------------------------------------------------------
                         required time                         16.781    
                         arrival time                          -8.046    
  -------------------------------------------------------------------
                         slack                                  8.735    

Slack (MET) :             8.777ns  (required time - arrival time)
  Source:                 sys_rst_sync_reg[1]/C
                            (rising edge-triggered cell FDPE clocked by clk_out1_clk_wiz_0  {rise@0.000ns fall@10.000ns period=20.000ns})
  Destination:            U_cpu/U_core/U_ALU/U_div/divisor_reg[14]/CLR
                            (recovery check against rising-edge clock clk_out1_clk_wiz_0  {rise@0.000ns fall@10.000ns period=20.000ns})
  Path Group:             **async_default**
  Path Type:              Recovery (Max at Slow Process Corner)
  Requirement:            20.000ns  (clk_out1_clk_wiz_0 rise@20.000ns - clk_out1_clk_wiz_0 rise@0.000ns)
  Data Path Delay:        10.420ns  (logic 0.419ns (4.021%)  route 10.001ns (95.979%))
  Logic Levels:           0  
  Clock Path Skew:        -0.202ns (DCD - SCD + CPR)
    Destination Clock Delay (DCD):    -2.069ns = ( 17.931 - 20.000 ) 
    Source Clock Delay      (SCD):    -2.374ns
    Clock Pessimism Removal (CPR):    -0.506ns
  Clock Uncertainty:      0.108ns  ((TSJ^2 + DJ^2)^1/2) / 2 + PE
    Total System Jitter     (TSJ):    0.071ns
    Discrete Jitter          (DJ):    0.203ns
    Phase Error              (PE):    0.000ns

    Location             Delay type                Incr(ns)  Path(ns)    Netlist Resource(s)
  -------------------------------------------------------------------    -------------------
                         (clock clk_out1_clk_wiz_0 rise edge)
                                                      0.000     0.000 r  
    P17                                               0.000     0.000 r  fpga_clk (IN)
                         net (fo=0)                   0.000     0.000    U_clkgen/inst/clk_in1
    P17                  IBUF (Prop_ibuf_I_O)         1.478     1.478 r  U_clkgen/inst/clkin1_ibufg/O
                         net (fo=1, routed)           1.253     2.731    U_clkgen/inst/clk_in1_clk_wiz_0
    PLLE2_ADV_X0Y0       PLLE2_ADV (Prop_plle2_adv_CLKIN1_CLKOUT0)
                                                     -8.486    -5.754 r  U_clkgen/inst/plle2_adv_inst/CLKOUT0
                         net (fo=1, routed)           1.660    -4.094    U_clkgen/inst/clk_out1_clk_wiz_0
    BUFGCTRL_X0Y0        BUFG (Prop_bufg_I_O)         0.096    -3.998 r  U_clkgen/inst/clkout1_buf/O
                         net (fo=4776, routed)        1.624    -2.374    pll_clk1
    SLICE_X0Y28          FDPE                                         r  sys_rst_sync_reg[1]/C
  -------------------------------------------------------------------    -------------------
    SLICE_X0Y28          FDPE (Prop_fdpe_C_Q)         0.419    -1.955 f  sys_rst_sync_reg[1]/Q
                         net (fo=1989, routed)       10.001     8.046    U_cpu/U_core/U_ALU/U_div/out[0]
    SLICE_X38Y71         FDCE                                         f  U_cpu/U_core/U_ALU/U_div/divisor_reg[14]/CLR
  -------------------------------------------------------------------    -------------------

                         (clock clk_out1_clk_wiz_0 rise edge)
                                                     20.000    20.000 r  
    P17                                               0.000    20.000 r  fpga_clk (IN)
                         net (fo=0)                   0.000    20.000    U_clkgen/inst/clk_in1
    P17                  IBUF (Prop_ibuf_I_O)         1.408    21.408 r  U_clkgen/inst/clkin1_ibufg/O
                         net (fo=1, routed)           1.181    22.589    U_clkgen/inst/clk_in1_clk_wiz_0
    PLLE2_ADV_X0Y0       PLLE2_ADV (Prop_plle2_adv_CLKIN1_CLKOUT0)
                                                     -7.753    14.835 r  U_clkgen/inst/plle2_adv_inst/CLKOUT0
                         net (fo=1, routed)           1.582    16.417    U_clkgen/inst/clk_out1_clk_wiz_0
    BUFGCTRL_X0Y0        BUFG (Prop_bufg_I_O)         0.091    16.508 r  U_clkgen/inst/clkout1_buf/O
                         net (fo=4776, routed)        1.423    17.931    U_cpu/U_core/U_ALU/U_div/clk_out1
    SLICE_X38Y71         FDCE                                         r  U_cpu/U_core/U_ALU/U_div/divisor_reg[14]/C
                         clock pessimism             -0.506    17.425    
                         clock uncertainty           -0.108    17.317    
    SLICE_X38Y71         FDCE (Recov_fdce_C_CLR)     -0.494    16.823    U_cpu/U_core/U_ALU/U_div/divisor_reg[14]
  -------------------------------------------------------------------
                         required time                         16.823    
                         arrival time                          -8.046    
  -------------------------------------------------------------------
                         slack                                  8.777    

Slack (MET) :             8.805ns  (required time - arrival time)
  Source:                 sys_rst_sync_reg[1]/C
                            (rising edge-triggered cell FDPE clocked by clk_out1_clk_wiz_0  {rise@0.000ns fall@10.000ns period=20.000ns})
  Destination:            U_cpu/U_core/U_ALU/U_divu/quotient_reg[22]/CLR
                            (recovery check against rising-edge clock clk_out1_clk_wiz_0  {rise@0.000ns fall@10.000ns period=20.000ns})
  Path Group:             **async_default**
  Path Type:              Recovery (Max at Slow Process Corner)
  Requirement:            20.000ns  (clk_out1_clk_wiz_0 rise@20.000ns - clk_out1_clk_wiz_0 rise@0.000ns)
  Data Path Delay:        10.308ns  (logic 0.419ns (4.065%)  route 9.889ns (95.935%))
  Logic Levels:           0  
  Clock Path Skew:        -0.200ns (DCD - SCD + CPR)
    Destination Clock Delay (DCD):    -2.067ns = ( 17.933 - 20.000 ) 
    Source Clock Delay      (SCD):    -2.374ns
    Clock Pessimism Removal (CPR):    -0.506ns
  Clock Uncertainty:      0.108ns  ((TSJ^2 + DJ^2)^1/2) / 2 + PE
    Total System Jitter     (TSJ):    0.071ns
    Discrete Jitter          (DJ):    0.203ns
    Phase Error              (PE):    0.000ns

    Location             Delay type                Incr(ns)  Path(ns)    Netlist Resource(s)
  -------------------------------------------------------------------    -------------------
                         (clock clk_out1_clk_wiz_0 rise edge)
                                                      0.000     0.000 r  
    P17                                               0.000     0.000 r  fpga_clk (IN)
                         net (fo=0)                   0.000     0.000    U_clkgen/inst/clk_in1
    P17                  IBUF (Prop_ibuf_I_O)         1.478     1.478 r  U_clkgen/inst/clkin1_ibufg/O
                         net (fo=1, routed)           1.253     2.731    U_clkgen/inst/clk_in1_clk_wiz_0
    PLLE2_ADV_X0Y0       PLLE2_ADV (Prop_plle2_adv_CLKIN1_CLKOUT0)
                                                     -8.486    -5.754 r  U_clkgen/inst/plle2_adv_inst/CLKOUT0
                         net (fo=1, routed)           1.660    -4.094    U_clkgen/inst/clk_out1_clk_wiz_0
    BUFGCTRL_X0Y0        BUFG (Prop_bufg_I_O)         0.096    -3.998 r  U_clkgen/inst/clkout1_buf/O
                         net (fo=4776, routed)        1.624    -2.374    pll_clk1
    SLICE_X0Y28          FDPE                                         r  sys_rst_sync_reg[1]/C
  -------------------------------------------------------------------    -------------------
    SLICE_X0Y28          FDPE (Prop_fdpe_C_Q)         0.419    -1.955 f  sys_rst_sync_reg[1]/Q
                         net (fo=1989, routed)        9.889     7.934    U_cpu/U_core/U_ALU/U_divu/out[0]
    SLICE_X41Y71         FDCE                                         f  U_cpu/U_core/U_ALU/U_divu/quotient_reg[22]/CLR
  -------------------------------------------------------------------    -------------------

                         (clock clk_out1_clk_wiz_0 rise edge)
                                                     20.000    20.000 r  
    P17                                               0.000    20.000 r  fpga_clk (IN)
                         net (fo=0)                   0.000    20.000    U_clkgen/inst/clk_in1
    P17                  IBUF (Prop_ibuf_I_O)         1.408    21.408 r  U_clkgen/inst/clkin1_ibufg/O
                         net (fo=1, routed)           1.181    22.589    U_clkgen/inst/clk_in1_clk_wiz_0
    PLLE2_ADV_X0Y0       PLLE2_ADV (Prop_plle2_adv_CLKIN1_CLKOUT0)
                                                     -7.753    14.835 r  U_clkgen/inst/plle2_adv_inst/CLKOUT0
                         net (fo=1, routed)           1.582    16.417    U_clkgen/inst/clk_out1_clk_wiz_0
    BUFGCTRL_X0Y0        BUFG (Prop_bufg_I_O)         0.091    16.508 r  U_clkgen/inst/clkout1_buf/O
                         net (fo=4776, routed)        1.425    17.933    U_cpu/U_core/U_ALU/U_divu/clk_out1
    SLICE_X41Y71         FDCE                                         r  U_cpu/U_core/U_ALU/U_divu/quotient_reg[22]/C
                         clock pessimism             -0.506    17.427    
                         clock uncertainty           -0.108    17.319    
    SLICE_X41Y71         FDCE (Recov_fdce_C_CLR)     -0.580    16.739    U_cpu/U_core/U_ALU/U_divu/quotient_reg[22]
  -------------------------------------------------------------------
                         required time                         16.739    
                         arrival time                          -7.934    
  -------------------------------------------------------------------
                         slack                                  8.805    

Slack (MET) :             8.805ns  (required time - arrival time)
  Source:                 sys_rst_sync_reg[1]/C
                            (rising edge-triggered cell FDPE clocked by clk_out1_clk_wiz_0  {rise@0.000ns fall@10.000ns period=20.000ns})
  Destination:            U_cpu/U_core/U_ALU/U_divu/quotient_reg[23]/CLR
                            (recovery check against rising-edge clock clk_out1_clk_wiz_0  {rise@0.000ns fall@10.000ns period=20.000ns})
  Path Group:             **async_default**
  Path Type:              Recovery (Max at Slow Process Corner)
  Requirement:            20.000ns  (clk_out1_clk_wiz_0 rise@20.000ns - clk_out1_clk_wiz_0 rise@0.000ns)
  Data Path Delay:        10.308ns  (logic 0.419ns (4.065%)  route 9.889ns (95.935%))
  Logic Levels:           0  
  Clock Path Skew:        -0.200ns (DCD - SCD + CPR)
    Destination Clock Delay (DCD):    -2.067ns = ( 17.933 - 20.000 ) 
    Source Clock Delay      (SCD):    -2.374ns
    Clock Pessimism Removal (CPR):    -0.506ns
  Clock Uncertainty:      0.108ns  ((TSJ^2 + DJ^2)^1/2) / 2 + PE
    Total System Jitter     (TSJ):    0.071ns
    Discrete Jitter          (DJ):    0.203ns
    Phase Error              (PE):    0.000ns

    Location             Delay type                Incr(ns)  Path(ns)    Netlist Resource(s)
  -------------------------------------------------------------------    -------------------
                         (clock clk_out1_clk_wiz_0 rise edge)
                                                      0.000     0.000 r  
    P17                                               0.000     0.000 r  fpga_clk (IN)
                         net (fo=0)                   0.000     0.000    U_clkgen/inst/clk_in1
    P17                  IBUF (Prop_ibuf_I_O)         1.478     1.478 r  U_clkgen/inst/clkin1_ibufg/O
                         net (fo=1, routed)           1.253     2.731    U_clkgen/inst/clk_in1_clk_wiz_0
    PLLE2_ADV_X0Y0       PLLE2_ADV (Prop_plle2_adv_CLKIN1_CLKOUT0)
                                                     -8.486    -5.754 r  U_clkgen/inst/plle2_adv_inst/CLKOUT0
                         net (fo=1, routed)           1.660    -4.094    U_clkgen/inst/clk_out1_clk_wiz_0
    BUFGCTRL_X0Y0        BUFG (Prop_bufg_I_O)         0.096    -3.998 r  U_clkgen/inst/clkout1_buf/O
                         net (fo=4776, routed)        1.624    -2.374    pll_clk1
    SLICE_X0Y28          FDPE                                         r  sys_rst_sync_reg[1]/C
  -------------------------------------------------------------------    -------------------
    SLICE_X0Y28          FDPE (Prop_fdpe_C_Q)         0.419    -1.955 f  sys_rst_sync_reg[1]/Q
                         net (fo=1989, routed)        9.889     7.934    U_cpu/U_core/U_ALU/U_divu/out[0]
    SLICE_X41Y71         FDCE                                         f  U_cpu/U_core/U_ALU/U_divu/quotient_reg[23]/CLR
  -------------------------------------------------------------------    -------------------

                         (clock clk_out1_clk_wiz_0 rise edge)
                                                     20.000    20.000 r  
    P17                                               0.000    20.000 r  fpga_clk (IN)
                         net (fo=0)                   0.000    20.000    U_clkgen/inst/clk_in1
    P17                  IBUF (Prop_ibuf_I_O)         1.408    21.408 r  U_clkgen/inst/clkin1_ibufg/O
                         net (fo=1, routed)           1.181    22.589    U_clkgen/inst/clk_in1_clk_wiz_0
    PLLE2_ADV_X0Y0       PLLE2_ADV (Prop_plle2_adv_CLKIN1_CLKOUT0)
                                                     -7.753    14.835 r  U_clkgen/inst/plle2_adv_inst/CLKOUT0
                         net (fo=1, routed)           1.582    16.417    U_clkgen/inst/clk_out1_clk_wiz_0
    BUFGCTRL_X0Y0        BUFG (Prop_bufg_I_O)         0.091    16.508 r  U_clkgen/inst/clkout1_buf/O
                         net (fo=4776, routed)        1.425    17.933    U_cpu/U_core/U_ALU/U_divu/clk_out1
    SLICE_X41Y71         FDCE                                         r  U_cpu/U_core/U_ALU/U_divu/quotient_reg[23]/C
                         clock pessimism             -0.506    17.427    
                         clock uncertainty           -0.108    17.319    
    SLICE_X41Y71         FDCE (Recov_fdce_C_CLR)     -0.580    16.739    U_cpu/U_core/U_ALU/U_divu/quotient_reg[23]
  -------------------------------------------------------------------
                         required time                         16.739    
                         arrival time                          -7.934    
  -------------------------------------------------------------------
                         slack                                  8.805    

Slack (MET) :             8.868ns  (required time - arrival time)
  Source:                 sys_rst_sync_reg[1]/C
                            (rising edge-triggered cell FDPE clocked by clk_out1_clk_wiz_0  {rise@0.000ns fall@10.000ns period=20.000ns})
  Destination:            U_cpu/U_core/U_ALU/U_divu/quotient_reg[21]/CLR
                            (recovery check against rising-edge clock clk_out1_clk_wiz_0  {rise@0.000ns fall@10.000ns period=20.000ns})
  Path Group:             **async_default**
  Path Type:              Recovery (Max at Slow Process Corner)
  Requirement:            20.000ns  (clk_out1_clk_wiz_0 rise@20.000ns - clk_out1_clk_wiz_0 rise@0.000ns)
  Data Path Delay:        10.287ns  (logic 0.419ns (4.073%)  route 9.868ns (95.927%))
  Logic Levels:           0  
  Clock Path Skew:        -0.202ns (DCD - SCD + CPR)
    Destination Clock Delay (DCD):    -2.069ns = ( 17.931 - 20.000 ) 
    Source Clock Delay      (SCD):    -2.374ns
    Clock Pessimism Removal (CPR):    -0.506ns
  Clock Uncertainty:      0.108ns  ((TSJ^2 + DJ^2)^1/2) / 2 + PE
    Total System Jitter     (TSJ):    0.071ns
    Discrete Jitter          (DJ):    0.203ns
    Phase Error              (PE):    0.000ns

    Location             Delay type                Incr(ns)  Path(ns)    Netlist Resource(s)
  -------------------------------------------------------------------    -------------------
                         (clock clk_out1_clk_wiz_0 rise edge)
                                                      0.000     0.000 r  
    P17                                               0.000     0.000 r  fpga_clk (IN)
                         net (fo=0)                   0.000     0.000    U_clkgen/inst/clk_in1
    P17                  IBUF (Prop_ibuf_I_O)         1.478     1.478 r  U_clkgen/inst/clkin1_ibufg/O
                         net (fo=1, routed)           1.253     2.731    U_clkgen/inst/clk_in1_clk_wiz_0
    PLLE2_ADV_X0Y0       PLLE2_ADV (Prop_plle2_adv_CLKIN1_CLKOUT0)
                                                     -8.486    -5.754 r  U_clkgen/inst/plle2_adv_inst/CLKOUT0
                         net (fo=1, routed)           1.660    -4.094    U_clkgen/inst/clk_out1_clk_wiz_0
    BUFGCTRL_X0Y0        BUFG (Prop_bufg_I_O)         0.096    -3.998 r  U_clkgen/inst/clkout1_buf/O
                         net (fo=4776, routed)        1.624    -2.374    pll_clk1
    SLICE_X0Y28          FDPE                                         r  sys_rst_sync_reg[1]/C
  -------------------------------------------------------------------    -------------------
    SLICE_X0Y28          FDPE (Prop_fdpe_C_Q)         0.419    -1.955 f  sys_rst_sync_reg[1]/Q
                         net (fo=1989, routed)        9.868     7.913    U_cpu/U_core/U_ALU/U_divu/out[0]
    SLICE_X42Y72         FDCE                                         f  U_cpu/U_core/U_ALU/U_divu/quotient_reg[21]/CLR
  -------------------------------------------------------------------    -------------------

                         (clock clk_out1_clk_wiz_0 rise edge)
                                                     20.000    20.000 r  
    P17                                               0.000    20.000 r  fpga_clk (IN)
                         net (fo=0)                   0.000    20.000    U_clkgen/inst/clk_in1
    P17                  IBUF (Prop_ibuf_I_O)         1.408    21.408 r  U_clkgen/inst/clkin1_ibufg/O
                         net (fo=1, routed)           1.181    22.589    U_clkgen/inst/clk_in1_clk_wiz_0
    PLLE2_ADV_X0Y0       PLLE2_ADV (Prop_plle2_adv_CLKIN1_CLKOUT0)
                                                     -7.753    14.835 r  U_clkgen/inst/plle2_adv_inst/CLKOUT0
                         net (fo=1, routed)           1.582    16.417    U_clkgen/inst/clk_out1_clk_wiz_0
    BUFGCTRL_X0Y0        BUFG (Prop_bufg_I_O)         0.091    16.508 r  U_clkgen/inst/clkout1_buf/O
                         net (fo=4776, routed)        1.423    17.931    U_cpu/U_core/U_ALU/U_divu/clk_out1
    SLICE_X42Y72         FDCE                                         r  U_cpu/U_core/U_ALU/U_divu/quotient_reg[21]/C
                         clock pessimism             -0.506    17.425    
                         clock uncertainty           -0.108    17.317    
    SLICE_X42Y72         FDCE (Recov_fdce_C_CLR)     -0.536    16.781    U_cpu/U_core/U_ALU/U_divu/quotient_reg[21]
  -------------------------------------------------------------------
                         required time                         16.781    
                         arrival time                          -7.913    
  -------------------------------------------------------------------
                         slack                                  8.868    

Slack (MET) :             8.889ns  (required time - arrival time)
  Source:                 sys_rst_sync_reg[1]/C
                            (rising edge-triggered cell FDPE clocked by clk_out1_clk_wiz_0  {rise@0.000ns fall@10.000ns period=20.000ns})
  Destination:            U_cpu/U_core/U_ALU/U_div/remainder_reg[15]/CLR
                            (recovery check against rising-edge clock clk_out1_clk_wiz_0  {rise@0.000ns fall@10.000ns period=20.000ns})
  Path Group:             **async_default**
  Path Type:              Recovery (Max at Slow Process Corner)
  Requirement:            20.000ns  (clk_out1_clk_wiz_0 rise@20.000ns - clk_out1_clk_wiz_0 rise@0.000ns)
  Data Path Delay:        10.309ns  (logic 0.419ns (4.064%)  route 9.890ns (95.936%))
  Logic Levels:           0  
  Clock Path Skew:        -0.201ns (DCD - SCD + CPR)
    Destination Clock Delay (DCD):    -2.068ns = ( 17.932 - 20.000 ) 
    Source Clock Delay      (SCD):    -2.374ns
    Clock Pessimism Removal (CPR):    -0.506ns
  Clock Uncertainty:      0.108ns  ((TSJ^2 + DJ^2)^1/2) / 2 + PE
    Total System Jitter     (TSJ):    0.071ns
    Discrete Jitter          (DJ):    0.203ns
    Phase Error              (PE):    0.000ns

    Location             Delay type                Incr(ns)  Path(ns)    Netlist Resource(s)
  -------------------------------------------------------------------    -------------------
                         (clock clk_out1_clk_wiz_0 rise edge)
                                                      0.000     0.000 r  
    P17                                               0.000     0.000 r  fpga_clk (IN)
                         net (fo=0)                   0.000     0.000    U_clkgen/inst/clk_in1
    P17                  IBUF (Prop_ibuf_I_O)         1.478     1.478 r  U_clkgen/inst/clkin1_ibufg/O
                         net (fo=1, routed)           1.253     2.731    U_clkgen/inst/clk_in1_clk_wiz_0
    PLLE2_ADV_X0Y0       PLLE2_ADV (Prop_plle2_adv_CLKIN1_CLKOUT0)
                                                     -8.486    -5.754 r  U_clkgen/inst/plle2_adv_inst/CLKOUT0
                         net (fo=1, routed)           1.660    -4.094    U_clkgen/inst/clk_out1_clk_wiz_0
    BUFGCTRL_X0Y0        BUFG (Prop_bufg_I_O)         0.096    -3.998 r  U_clkgen/inst/clkout1_buf/O
                         net (fo=4776, routed)        1.624    -2.374    pll_clk1
    SLICE_X0Y28          FDPE                                         r  sys_rst_sync_reg[1]/C
  -------------------------------------------------------------------    -------------------
    SLICE_X0Y28          FDPE (Prop_fdpe_C_Q)         0.419    -1.955 f  sys_rst_sync_reg[1]/Q
                         net (fo=1989, routed)        9.890     7.935    U_cpu/U_core/U_ALU/U_div/out[0]
    SLICE_X38Y70         FDCE                                         f  U_cpu/U_core/U_ALU/U_div/remainder_reg[15]/CLR
  -------------------------------------------------------------------    -------------------

                         (clock clk_out1_clk_wiz_0 rise edge)
                                                     20.000    20.000 r  
    P17                                               0.000    20.000 r  fpga_clk (IN)
                         net (fo=0)                   0.000    20.000    U_clkgen/inst/clk_in1
    P17                  IBUF (Prop_ibuf_I_O)         1.408    21.408 r  U_clkgen/inst/clkin1_ibufg/O
                         net (fo=1, routed)           1.181    22.589    U_clkgen/inst/clk_in1_clk_wiz_0
    PLLE2_ADV_X0Y0       PLLE2_ADV (Prop_plle2_adv_CLKIN1_CLKOUT0)
                                                     -7.753    14.835 r  U_clkgen/inst/plle2_adv_inst/CLKOUT0
                         net (fo=1, routed)           1.582    16.417    U_clkgen/inst/clk_out1_clk_wiz_0
    BUFGCTRL_X0Y0        BUFG (Prop_bufg_I_O)         0.091    16.508 r  U_clkgen/inst/clkout1_buf/O
                         net (fo=4776, routed)        1.424    17.932    U_cpu/U_core/U_ALU/U_div/clk_out1
    SLICE_X38Y70         FDCE                                         r  U_cpu/U_core/U_ALU/U_div/remainder_reg[15]/C
                         clock pessimism             -0.506    17.426    
                         clock uncertainty           -0.108    17.318    
    SLICE_X38Y70         FDCE (Recov_fdce_C_CLR)     -0.494    16.824    U_cpu/U_core/U_ALU/U_div/remainder_reg[15]
  -------------------------------------------------------------------
                         required time                         16.824    
                         arrival time                          -7.935    
  -------------------------------------------------------------------
                         slack                                  8.889    

Slack (MET) :             8.889ns  (required time - arrival time)
  Source:                 sys_rst_sync_reg[1]/C
                            (rising edge-triggered cell FDPE clocked by clk_out1_clk_wiz_0  {rise@0.000ns fall@10.000ns period=20.000ns})
  Destination:            U_cpu/U_core/U_ALU/U_div/remainder_reg[16]/CLR
                            (recovery check against rising-edge clock clk_out1_clk_wiz_0  {rise@0.000ns fall@10.000ns period=20.000ns})
  Path Group:             **async_default**
  Path Type:              Recovery (Max at Slow Process Corner)
  Requirement:            20.000ns  (clk_out1_clk_wiz_0 rise@20.000ns - clk_out1_clk_wiz_0 rise@0.000ns)
  Data Path Delay:        10.309ns  (logic 0.419ns (4.064%)  route 9.890ns (95.936%))
  Logic Levels:           0  
  Clock Path Skew:        -0.201ns (DCD - SCD + CPR)
    Destination Clock Delay (DCD):    -2.068ns = ( 17.932 - 20.000 ) 
    Source Clock Delay      (SCD):    -2.374ns
    Clock Pessimism Removal (CPR):    -0.506ns
  Clock Uncertainty:      0.108ns  ((TSJ^2 + DJ^2)^1/2) / 2 + PE
    Total System Jitter     (TSJ):    0.071ns
    Discrete Jitter          (DJ):    0.203ns
    Phase Error              (PE):    0.000ns

    Location             Delay type                Incr(ns)  Path(ns)    Netlist Resource(s)
  -------------------------------------------------------------------    -------------------
                         (clock clk_out1_clk_wiz_0 rise edge)
                                                      0.000     0.000 r  
    P17                                               0.000     0.000 r  fpga_clk (IN)
                         net (fo=0)                   0.000     0.000    U_clkgen/inst/clk_in1
    P17                  IBUF (Prop_ibuf_I_O)         1.478     1.478 r  U_clkgen/inst/clkin1_ibufg/O
                         net (fo=1, routed)           1.253     2.731    U_clkgen/inst/clk_in1_clk_wiz_0
    PLLE2_ADV_X0Y0       PLLE2_ADV (Prop_plle2_adv_CLKIN1_CLKOUT0)
                                                     -8.486    -5.754 r  U_clkgen/inst/plle2_adv_inst/CLKOUT0
                         net (fo=1, routed)           1.660    -4.094    U_clkgen/inst/clk_out1_clk_wiz_0
    BUFGCTRL_X0Y0        BUFG (Prop_bufg_I_O)         0.096    -3.998 r  U_clkgen/inst/clkout1_buf/O
                         net (fo=4776, routed)        1.624    -2.374    pll_clk1
    SLICE_X0Y28          FDPE                                         r  sys_rst_sync_reg[1]/C
  -------------------------------------------------------------------    -------------------
    SLICE_X0Y28          FDPE (Prop_fdpe_C_Q)         0.419    -1.955 f  sys_rst_sync_reg[1]/Q
                         net (fo=1989, routed)        9.890     7.935    U_cpu/U_core/U_ALU/U_div/out[0]
    SLICE_X38Y70         FDCE                                         f  U_cpu/U_core/U_ALU/U_div/remainder_reg[16]/CLR
  -------------------------------------------------------------------    -------------------

                         (clock clk_out1_clk_wiz_0 rise edge)
                                                     20.000    20.000 r  
    P17                                               0.000    20.000 r  fpga_clk (IN)
                         net (fo=0)                   0.000    20.000    U_clkgen/inst/clk_in1
    P17                  IBUF (Prop_ibuf_I_O)         1.408    21.408 r  U_clkgen/inst/clkin1_ibufg/O
                         net (fo=1, routed)           1.181    22.589    U_clkgen/inst/clk_in1_clk_wiz_0
    PLLE2_ADV_X0Y0       PLLE2_ADV (Prop_plle2_adv_CLKIN1_CLKOUT0)
                                                     -7.753    14.835 r  U_clkgen/inst/plle2_adv_inst/CLKOUT0
                         net (fo=1, routed)           1.582    16.417    U_clkgen/inst/clk_out1_clk_wiz_0
    BUFGCTRL_X0Y0        BUFG (Prop_bufg_I_O)         0.091    16.508 r  U_clkgen/inst/clkout1_buf/O
                         net (fo=4776, routed)        1.424    17.932    U_cpu/U_core/U_ALU/U_div/clk_out1
    SLICE_X38Y70         FDCE                                         r  U_cpu/U_core/U_ALU/U_div/remainder_reg[16]/C
                         clock pessimism             -0.506    17.426    
                         clock uncertainty           -0.108    17.318    
    SLICE_X38Y70         FDCE (Recov_fdce_C_CLR)     -0.494    16.824    U_cpu/U_core/U_ALU/U_div/remainder_reg[16]
  -------------------------------------------------------------------
                         required time                         16.824    
                         arrival time                          -7.935    
  -------------------------------------------------------------------
                         slack                                  8.889    

Slack (MET) :             8.889ns  (required time - arrival time)
  Source:                 sys_rst_sync_reg[1]/C
                            (rising edge-triggered cell FDPE clocked by clk_out1_clk_wiz_0  {rise@0.000ns fall@10.000ns period=20.000ns})
  Destination:            U_cpu/U_core/U_ALU/U_div/remainder_reg[17]/CLR
                            (recovery check against rising-edge clock clk_out1_clk_wiz_0  {rise@0.000ns fall@10.000ns period=20.000ns})
  Path Group:             **async_default**
  Path Type:              Recovery (Max at Slow Process Corner)
  Requirement:            20.000ns  (clk_out1_clk_wiz_0 rise@20.000ns - clk_out1_clk_wiz_0 rise@0.000ns)
  Data Path Delay:        10.309ns  (logic 0.419ns (4.064%)  route 9.890ns (95.936%))
  Logic Levels:           0  
  Clock Path Skew:        -0.201ns (DCD - SCD + CPR)
    Destination Clock Delay (DCD):    -2.068ns = ( 17.932 - 20.000 ) 
    Source Clock Delay      (SCD):    -2.374ns
    Clock Pessimism Removal (CPR):    -0.506ns
  Clock Uncertainty:      0.108ns  ((TSJ^2 + DJ^2)^1/2) / 2 + PE
    Total System Jitter     (TSJ):    0.071ns
    Discrete Jitter          (DJ):    0.203ns
    Phase Error              (PE):    0.000ns

    Location             Delay type                Incr(ns)  Path(ns)    Netlist Resource(s)
  -------------------------------------------------------------------    -------------------
                         (clock clk_out1_clk_wiz_0 rise edge)
                                                      0.000     0.000 r  
    P17                                               0.000     0.000 r  fpga_clk (IN)
                         net (fo=0)                   0.000     0.000    U_clkgen/inst/clk_in1
    P17                  IBUF (Prop_ibuf_I_O)         1.478     1.478 r  U_clkgen/inst/clkin1_ibufg/O
                         net (fo=1, routed)           1.253     2.731    U_clkgen/inst/clk_in1_clk_wiz_0
    PLLE2_ADV_X0Y0       PLLE2_ADV (Prop_plle2_adv_CLKIN1_CLKOUT0)
                                                     -8.486    -5.754 r  U_clkgen/inst/plle2_adv_inst/CLKOUT0
                         net (fo=1, routed)           1.660    -4.094    U_clkgen/inst/clk_out1_clk_wiz_0
    BUFGCTRL_X0Y0        BUFG (Prop_bufg_I_O)         0.096    -3.998 r  U_clkgen/inst/clkout1_buf/O
                         net (fo=4776, routed)        1.624    -2.374    pll_clk1
    SLICE_X0Y28          FDPE                                         r  sys_rst_sync_reg[1]/C
  -------------------------------------------------------------------    -------------------
    SLICE_X0Y28          FDPE (Prop_fdpe_C_Q)         0.419    -1.955 f  sys_rst_sync_reg[1]/Q
                         net (fo=1989, routed)        9.890     7.935    U_cpu/U_core/U_ALU/U_div/out[0]
    SLICE_X38Y70         FDCE                                         f  U_cpu/U_core/U_ALU/U_div/remainder_reg[17]/CLR
  -------------------------------------------------------------------    -------------------

                         (clock clk_out1_clk_wiz_0 rise edge)
                                                     20.000    20.000 r  
    P17                                               0.000    20.000 r  fpga_clk (IN)
                         net (fo=0)                   0.000    20.000    U_clkgen/inst/clk_in1
    P17                  IBUF (Prop_ibuf_I_O)         1.408    21.408 r  U_clkgen/inst/clkin1_ibufg/O
                         net (fo=1, routed)           1.181    22.589    U_clkgen/inst/clk_in1_clk_wiz_0
    PLLE2_ADV_X0Y0       PLLE2_ADV (Prop_plle2_adv_CLKIN1_CLKOUT0)
                                                     -7.753    14.835 r  U_clkgen/inst/plle2_adv_inst/CLKOUT0
                         net (fo=1, routed)           1.582    16.417    U_clkgen/inst/clk_out1_clk_wiz_0
    BUFGCTRL_X0Y0        BUFG (Prop_bufg_I_O)         0.091    16.508 r  U_clkgen/inst/clkout1_buf/O
                         net (fo=4776, routed)        1.424    17.932    U_cpu/U_core/U_ALU/U_div/clk_out1
    SLICE_X38Y70         FDCE                                         r  U_cpu/U_core/U_ALU/U_div/remainder_reg[17]/C
                         clock pessimism             -0.506    17.426    
                         clock uncertainty           -0.108    17.318    
    SLICE_X38Y70         FDCE (Recov_fdce_C_CLR)     -0.494    16.824    U_cpu/U_core/U_ALU/U_div/remainder_reg[17]
  -------------------------------------------------------------------
                         required time                         16.824    
                         arrival time                          -7.935    
  -------------------------------------------------------------------
                         slack                                  8.889    

Slack (MET) :             8.889ns  (required time - arrival time)
  Source:                 sys_rst_sync_reg[1]/C
                            (rising edge-triggered cell FDPE clocked by clk_out1_clk_wiz_0  {rise@0.000ns fall@10.000ns period=20.000ns})
  Destination:            U_cpu/U_core/U_ALU/U_div/remainder_reg[18]/CLR
                            (recovery check against rising-edge clock clk_out1_clk_wiz_0  {rise@0.000ns fall@10.000ns period=20.000ns})
  Path Group:             **async_default**
  Path Type:              Recovery (Max at Slow Process Corner)
  Requirement:            20.000ns  (clk_out1_clk_wiz_0 rise@20.000ns - clk_out1_clk_wiz_0 rise@0.000ns)
  Data Path Delay:        10.309ns  (logic 0.419ns (4.064%)  route 9.890ns (95.936%))
  Logic Levels:           0  
  Clock Path Skew:        -0.201ns (DCD - SCD + CPR)
    Destination Clock Delay (DCD):    -2.068ns = ( 17.932 - 20.000 ) 
    Source Clock Delay      (SCD):    -2.374ns
    Clock Pessimism Removal (CPR):    -0.506ns
  Clock Uncertainty:      0.108ns  ((TSJ^2 + DJ^2)^1/2) / 2 + PE
    Total System Jitter     (TSJ):    0.071ns
    Discrete Jitter          (DJ):    0.203ns
    Phase Error              (PE):    0.000ns

    Location             Delay type                Incr(ns)  Path(ns)    Netlist Resource(s)
  -------------------------------------------------------------------    -------------------
                         (clock clk_out1_clk_wiz_0 rise edge)
                                                      0.000     0.000 r  
    P17                                               0.000     0.000 r  fpga_clk (IN)
                         net (fo=0)                   0.000     0.000    U_clkgen/inst/clk_in1
    P17                  IBUF (Prop_ibuf_I_O)         1.478     1.478 r  U_clkgen/inst/clkin1_ibufg/O
                         net (fo=1, routed)           1.253     2.731    U_clkgen/inst/clk_in1_clk_wiz_0
    PLLE2_ADV_X0Y0       PLLE2_ADV (Prop_plle2_adv_CLKIN1_CLKOUT0)
                                                     -8.486    -5.754 r  U_clkgen/inst/plle2_adv_inst/CLKOUT0
                         net (fo=1, routed)           1.660    -4.094    U_clkgen/inst/clk_out1_clk_wiz_0
    BUFGCTRL_X0Y0        BUFG (Prop_bufg_I_O)         0.096    -3.998 r  U_clkgen/inst/clkout1_buf/O
                         net (fo=4776, routed)        1.624    -2.374    pll_clk1
    SLICE_X0Y28          FDPE                                         r  sys_rst_sync_reg[1]/C
  -------------------------------------------------------------------    -------------------
    SLICE_X0Y28          FDPE (Prop_fdpe_C_Q)         0.419    -1.955 f  sys_rst_sync_reg[1]/Q
                         net (fo=1989, routed)        9.890     7.935    U_cpu/U_core/U_ALU/U_div/out[0]
    SLICE_X38Y70         FDCE                                         f  U_cpu/U_core/U_ALU/U_div/remainder_reg[18]/CLR
  -------------------------------------------------------------------    -------------------

                         (clock clk_out1_clk_wiz_0 rise edge)
                                                     20.000    20.000 r  
    P17                                               0.000    20.000 r  fpga_clk (IN)
                         net (fo=0)                   0.000    20.000    U_clkgen/inst/clk_in1
    P17                  IBUF (Prop_ibuf_I_O)         1.408    21.408 r  U_clkgen/inst/clkin1_ibufg/O
                         net (fo=1, routed)           1.181    22.589    U_clkgen/inst/clk_in1_clk_wiz_0
    PLLE2_ADV_X0Y0       PLLE2_ADV (Prop_plle2_adv_CLKIN1_CLKOUT0)
                                                     -7.753    14.835 r  U_clkgen/inst/plle2_adv_inst/CLKOUT0
                         net (fo=1, routed)           1.582    16.417    U_clkgen/inst/clk_out1_clk_wiz_0
    BUFGCTRL_X0Y0        BUFG (Prop_bufg_I_O)         0.091    16.508 r  U_clkgen/inst/clkout1_buf/O
                         net (fo=4776, routed)        1.424    17.932    U_cpu/U_core/U_ALU/U_div/clk_out1
    SLICE_X38Y70         FDCE                                         r  U_cpu/U_core/U_ALU/U_div/remainder_reg[18]/C
                         clock pessimism             -0.506    17.426    
                         clock uncertainty           -0.108    17.318    
    SLICE_X38Y70         FDCE (Recov_fdce_C_CLR)     -0.494    16.824    U_cpu/U_core/U_ALU/U_div/remainder_reg[18]
  -------------------------------------------------------------------
                         required time                         16.824    
                         arrival time                          -7.935    
  -------------------------------------------------------------------
                         slack                                  8.889    

Slack (MET) :             8.910ns  (required time - arrival time)
  Source:                 sys_rst_sync_reg[1]/C
                            (rising edge-triggered cell FDPE clocked by clk_out1_clk_wiz_0  {rise@0.000ns fall@10.000ns period=20.000ns})
  Destination:            U_cpu/U_core/U_ALU/U_divu/quotient_reg[20]/CLR
                            (recovery check against rising-edge clock clk_out1_clk_wiz_0  {rise@0.000ns fall@10.000ns period=20.000ns})
  Path Group:             **async_default**
  Path Type:              Recovery (Max at Slow Process Corner)
  Requirement:            20.000ns  (clk_out1_clk_wiz_0 rise@20.000ns - clk_out1_clk_wiz_0 rise@0.000ns)
  Data Path Delay:        10.287ns  (logic 0.419ns (4.073%)  route 9.868ns (95.927%))
  Logic Levels:           0  
  Clock Path Skew:        -0.202ns (DCD - SCD + CPR)
    Destination Clock Delay (DCD):    -2.069ns = ( 17.931 - 20.000 ) 
    Source Clock Delay      (SCD):    -2.374ns
    Clock Pessimism Removal (CPR):    -0.506ns
  Clock Uncertainty:      0.108ns  ((TSJ^2 + DJ^2)^1/2) / 2 + PE
    Total System Jitter     (TSJ):    0.071ns
    Discrete Jitter          (DJ):    0.203ns
    Phase Error              (PE):    0.000ns

    Location             Delay type                Incr(ns)  Path(ns)    Netlist Resource(s)
  -------------------------------------------------------------------    -------------------
                         (clock clk_out1_clk_wiz_0 rise edge)
                                                      0.000     0.000 r  
    P17                                               0.000     0.000 r  fpga_clk (IN)
                         net (fo=0)                   0.000     0.000    U_clkgen/inst/clk_in1
    P17                  IBUF (Prop_ibuf_I_O)         1.478     1.478 r  U_clkgen/inst/clkin1_ibufg/O
                         net (fo=1, routed)           1.253     2.731    U_clkgen/inst/clk_in1_clk_wiz_0
    PLLE2_ADV_X0Y0       PLLE2_ADV (Prop_plle2_adv_CLKIN1_CLKOUT0)
                                                     -8.486    -5.754 r  U_clkgen/inst/plle2_adv_inst/CLKOUT0
                         net (fo=1, routed)           1.660    -4.094    U_clkgen/inst/clk_out1_clk_wiz_0
    BUFGCTRL_X0Y0        BUFG (Prop_bufg_I_O)         0.096    -3.998 r  U_clkgen/inst/clkout1_buf/O
                         net (fo=4776, routed)        1.624    -2.374    pll_clk1
    SLICE_X0Y28          FDPE                                         r  sys_rst_sync_reg[1]/C
  -------------------------------------------------------------------    -------------------
    SLICE_X0Y28          FDPE (Prop_fdpe_C_Q)         0.419    -1.955 f  sys_rst_sync_reg[1]/Q
                         net (fo=1989, routed)        9.868     7.913    U_cpu/U_core/U_ALU/U_divu/out[0]
    SLICE_X42Y72         FDCE                                         f  U_cpu/U_core/U_ALU/U_divu/quotient_reg[20]/CLR
  -------------------------------------------------------------------    -------------------

                         (clock clk_out1_clk_wiz_0 rise edge)
                                                     20.000    20.000 r  
    P17                                               0.000    20.000 r  fpga_clk (IN)
                         net (fo=0)                   0.000    20.000    U_clkgen/inst/clk_in1
    P17                  IBUF (Prop_ibuf_I_O)         1.408    21.408 r  U_clkgen/inst/clkin1_ibufg/O
                         net (fo=1, routed)           1.181    22.589    U_clkgen/inst/clk_in1_clk_wiz_0
    PLLE2_ADV_X0Y0       PLLE2_ADV (Prop_plle2_adv_CLKIN1_CLKOUT0)
                                                     -7.753    14.835 r  U_clkgen/inst/plle2_adv_inst/CLKOUT0
                         net (fo=1, routed)           1.582    16.417    U_clkgen/inst/clk_out1_clk_wiz_0
    BUFGCTRL_X0Y0        BUFG (Prop_bufg_I_O)         0.091    16.508 r  U_clkgen/inst/clkout1_buf/O
                         net (fo=4776, routed)        1.423    17.931    U_cpu/U_core/U_ALU/U_divu/clk_out1
    SLICE_X42Y72         FDCE                                         r  U_cpu/U_core/U_ALU/U_divu/quotient_reg[20]/C
                         clock pessimism             -0.506    17.425    
                         clock uncertainty           -0.108    17.317    
    SLICE_X42Y72         FDCE (Recov_fdce_C_CLR)     -0.494    16.823    U_cpu/U_core/U_ALU/U_divu/quotient_reg[20]
  -------------------------------------------------------------------
                         required time                         16.823    
                         arrival time                          -7.913    
  -------------------------------------------------------------------
                         slack                                  8.910    





Min Delay Paths
--------------------------------------------------------------------------------------
Slack (MET) :             1.305ns  (arrival time - required time)
  Source:                 sys_rst_sync_reg[1]/C
                            (rising edge-triggered cell FDPE clocked by clk_out1_clk_wiz_0  {rise@0.000ns fall@10.000ns period=20.000ns})
  Destination:            U_display/refresh_cnt_reg[4]/CLR
                            (removal check against rising-edge clock clk_out1_clk_wiz_0  {rise@0.000ns fall@10.000ns period=20.000ns})
  Path Group:             **async_default**
  Path Type:              Removal (Min at Fast Process Corner)
  Requirement:            0.000ns  (clk_out1_clk_wiz_0 rise@0.000ns - clk_out1_clk_wiz_0 rise@0.000ns)
  Data Path Delay:        1.406ns  (logic 0.128ns (9.107%)  route 1.278ns (90.893%))
  Logic Levels:           0  
  Clock Path Skew:        0.247ns (DCD - SCD - CPR)
    Destination Clock Delay (DCD):    -0.316ns
    Source Clock Delay      (SCD):    -0.525ns
    Clock Pessimism Removal (CPR):    -0.038ns

    Location             Delay type                Incr(ns)  Path(ns)    Netlist Resource(s)
  -------------------------------------------------------------------    -------------------
                         (clock clk_out1_clk_wiz_0 rise edge)
                                                      0.000     0.000 r  
    P17                                               0.000     0.000 r  fpga_clk (IN)
                         net (fo=0)                   0.000     0.000    U_clkgen/inst/clk_in1
    P17                  IBUF (Prop_ibuf_I_O)         0.246     0.246 r  U_clkgen/inst/clkin1_ibufg/O
                         net (fo=1, routed)           0.440     0.686    U_clkgen/inst/clk_in1_clk_wiz_0
    PLLE2_ADV_X0Y0       PLLE2_ADV (Prop_plle2_adv_CLKIN1_CLKOUT0)
                                                     -2.326    -1.639 r  U_clkgen/inst/plle2_adv_inst/CLKOUT0
                         net (fo=1, routed)           0.504    -1.135    U_clkgen/inst/clk_out1_clk_wiz_0
    BUFGCTRL_X0Y0        BUFG (Prop_bufg_I_O)         0.026    -1.109 r  U_clkgen/inst/clkout1_buf/O
                         net (fo=4776, routed)        0.585    -0.525    pll_clk1
    SLICE_X0Y28          FDPE                                         r  sys_rst_sync_reg[1]/C
  -------------------------------------------------------------------    -------------------
    SLICE_X0Y28          FDPE (Prop_fdpe_C_Q)         0.128    -0.397 f  sys_rst_sync_reg[1]/Q
                         net (fo=1989, routed)        1.278     0.881    U_display/out[0]
    SLICE_X28Y51         FDCE                                         f  U_display/refresh_cnt_reg[4]/CLR
  -------------------------------------------------------------------    -------------------

                         (clock clk_out1_clk_wiz_0 rise edge)
                                                      0.000     0.000 r  
    P17                                               0.000     0.000 r  fpga_clk (IN)
                         net (fo=0)                   0.000     0.000    U_clkgen/inst/clk_in1
    P17                  IBUF (Prop_ibuf_I_O)         0.434     0.434 r  U_clkgen/inst/clkin1_ibufg/O
                         net (fo=1, routed)           0.481     0.915    U_clkgen/inst/clk_in1_clk_wiz_0
    PLLE2_ADV_X0Y0       PLLE2_ADV (Prop_plle2_adv_CLKIN1_CLKOUT0)
                                                     -2.641    -1.726 r  U_clkgen/inst/plle2_adv_inst/CLKOUT0
                         net (fo=1, routed)           0.550    -1.176    U_clkgen/inst/clk_out1_clk_wiz_0
    BUFGCTRL_X0Y0        BUFG (Prop_bufg_I_O)         0.029    -1.147 r  U_clkgen/inst/clkout1_buf/O
                         net (fo=4776, routed)        0.832    -0.316    U_display/clk_out1
    SLICE_X28Y51         FDCE                                         r  U_display/refresh_cnt_reg[4]/C
                         clock pessimism              0.038    -0.278    
    SLICE_X28Y51         FDCE (Remov_fdce_C_CLR)     -0.146    -0.424    U_display/refresh_cnt_reg[4]
  -------------------------------------------------------------------
                         required time                          0.424    
                         arrival time                           0.881    
  -------------------------------------------------------------------
                         slack                                  1.305    

Slack (MET) :             1.305ns  (arrival time - required time)
  Source:                 sys_rst_sync_reg[1]/C
                            (rising edge-triggered cell FDPE clocked by clk_out1_clk_wiz_0  {rise@0.000ns fall@10.000ns period=20.000ns})
  Destination:            U_display/refresh_cnt_reg[5]/CLR
                            (removal check against rising-edge clock clk_out1_clk_wiz_0  {rise@0.000ns fall@10.000ns period=20.000ns})
  Path Group:             **async_default**
  Path Type:              Removal (Min at Fast Process Corner)
  Requirement:            0.000ns  (clk_out1_clk_wiz_0 rise@0.000ns - clk_out1_clk_wiz_0 rise@0.000ns)
  Data Path Delay:        1.406ns  (logic 0.128ns (9.107%)  route 1.278ns (90.893%))
  Logic Levels:           0  
  Clock Path Skew:        0.247ns (DCD - SCD - CPR)
    Destination Clock Delay (DCD):    -0.316ns
    Source Clock Delay      (SCD):    -0.525ns
    Clock Pessimism Removal (CPR):    -0.038ns

    Location             Delay type                Incr(ns)  Path(ns)    Netlist Resource(s)
  -------------------------------------------------------------------    -------------------
                         (clock clk_out1_clk_wiz_0 rise edge)
                                                      0.000     0.000 r  
    P17                                               0.000     0.000 r  fpga_clk (IN)
                         net (fo=0)                   0.000     0.000    U_clkgen/inst/clk_in1
    P17                  IBUF (Prop_ibuf_I_O)         0.246     0.246 r  U_clkgen/inst/clkin1_ibufg/O
                         net (fo=1, routed)           0.440     0.686    U_clkgen/inst/clk_in1_clk_wiz_0
    PLLE2_ADV_X0Y0       PLLE2_ADV (Prop_plle2_adv_CLKIN1_CLKOUT0)
                                                     -2.326    -1.639 r  U_clkgen/inst/plle2_adv_inst/CLKOUT0
                         net (fo=1, routed)           0.504    -1.135    U_clkgen/inst/clk_out1_clk_wiz_0
    BUFGCTRL_X0Y0        BUFG (Prop_bufg_I_O)         0.026    -1.109 r  U_clkgen/inst/clkout1_buf/O
                         net (fo=4776, routed)        0.585    -0.525    pll_clk1
    SLICE_X0Y28          FDPE                                         r  sys_rst_sync_reg[1]/C
  -------------------------------------------------------------------    -------------------
    SLICE_X0Y28          FDPE (Prop_fdpe_C_Q)         0.128    -0.397 f  sys_rst_sync_reg[1]/Q
                         net (fo=1989, routed)        1.278     0.881    U_display/out[0]
    SLICE_X28Y51         FDCE                                         f  U_display/refresh_cnt_reg[5]/CLR
  -------------------------------------------------------------------    -------------------

                         (clock clk_out1_clk_wiz_0 rise edge)
                                                      0.000     0.000 r  
    P17                                               0.000     0.000 r  fpga_clk (IN)
                         net (fo=0)                   0.000     0.000    U_clkgen/inst/clk_in1
    P17                  IBUF (Prop_ibuf_I_O)         0.434     0.434 r  U_clkgen/inst/clkin1_ibufg/O
                         net (fo=1, routed)           0.481     0.915    U_clkgen/inst/clk_in1_clk_wiz_0
    PLLE2_ADV_X0Y0       PLLE2_ADV (Prop_plle2_adv_CLKIN1_CLKOUT0)
                                                     -2.641    -1.726 r  U_clkgen/inst/plle2_adv_inst/CLKOUT0
                         net (fo=1, routed)           0.550    -1.176    U_clkgen/inst/clk_out1_clk_wiz_0
    BUFGCTRL_X0Y0        BUFG (Prop_bufg_I_O)         0.029    -1.147 r  U_clkgen/inst/clkout1_buf/O
                         net (fo=4776, routed)        0.832    -0.316    U_display/clk_out1
    SLICE_X28Y51         FDCE                                         r  U_display/refresh_cnt_reg[5]/C
                         clock pessimism              0.038    -0.278    
    SLICE_X28Y51         FDCE (Remov_fdce_C_CLR)     -0.146    -0.424    U_display/refresh_cnt_reg[5]
  -------------------------------------------------------------------
                         required time                          0.424    
                         arrival time                           0.881    
  -------------------------------------------------------------------
                         slack                                  1.305    

Slack (MET) :             1.305ns  (arrival time - required time)
  Source:                 sys_rst_sync_reg[1]/C
                            (rising edge-triggered cell FDPE clocked by clk_out1_clk_wiz_0  {rise@0.000ns fall@10.000ns period=20.000ns})
  Destination:            U_display/refresh_cnt_reg[6]/CLR
                            (removal check against rising-edge clock clk_out1_clk_wiz_0  {rise@0.000ns fall@10.000ns period=20.000ns})
  Path Group:             **async_default**
  Path Type:              Removal (Min at Fast Process Corner)
  Requirement:            0.000ns  (clk_out1_clk_wiz_0 rise@0.000ns - clk_out1_clk_wiz_0 rise@0.000ns)
  Data Path Delay:        1.406ns  (logic 0.128ns (9.107%)  route 1.278ns (90.893%))
  Logic Levels:           0  
  Clock Path Skew:        0.247ns (DCD - SCD - CPR)
    Destination Clock Delay (DCD):    -0.316ns
    Source Clock Delay      (SCD):    -0.525ns
    Clock Pessimism Removal (CPR):    -0.038ns

    Location             Delay type                Incr(ns)  Path(ns)    Netlist Resource(s)
  -------------------------------------------------------------------    -------------------
                         (clock clk_out1_clk_wiz_0 rise edge)
                                                      0.000     0.000 r  
    P17                                               0.000     0.000 r  fpga_clk (IN)
                         net (fo=0)                   0.000     0.000    U_clkgen/inst/clk_in1
    P17                  IBUF (Prop_ibuf_I_O)         0.246     0.246 r  U_clkgen/inst/clkin1_ibufg/O
                         net (fo=1, routed)           0.440     0.686    U_clkgen/inst/clk_in1_clk_wiz_0
    PLLE2_ADV_X0Y0       PLLE2_ADV (Prop_plle2_adv_CLKIN1_CLKOUT0)
                                                     -2.326    -1.639 r  U_clkgen/inst/plle2_adv_inst/CLKOUT0
                         net (fo=1, routed)           0.504    -1.135    U_clkgen/inst/clk_out1_clk_wiz_0
    BUFGCTRL_X0Y0        BUFG (Prop_bufg_I_O)         0.026    -1.109 r  U_clkgen/inst/clkout1_buf/O
                         net (fo=4776, routed)        0.585    -0.525    pll_clk1
    SLICE_X0Y28          FDPE                                         r  sys_rst_sync_reg[1]/C
  -------------------------------------------------------------------    -------------------
    SLICE_X0Y28          FDPE (Prop_fdpe_C_Q)         0.128    -0.397 f  sys_rst_sync_reg[1]/Q
                         net (fo=1989, routed)        1.278     0.881    U_display/out[0]
    SLICE_X28Y51         FDCE                                         f  U_display/refresh_cnt_reg[6]/CLR
  -------------------------------------------------------------------    -------------------

                         (clock clk_out1_clk_wiz_0 rise edge)
                                                      0.000     0.000 r  
    P17                                               0.000     0.000 r  fpga_clk (IN)
                         net (fo=0)                   0.000     0.000    U_clkgen/inst/clk_in1
    P17                  IBUF (Prop_ibuf_I_O)         0.434     0.434 r  U_clkgen/inst/clkin1_ibufg/O
                         net (fo=1, routed)           0.481     0.915    U_clkgen/inst/clk_in1_clk_wiz_0
    PLLE2_ADV_X0Y0       PLLE2_ADV (Prop_plle2_adv_CLKIN1_CLKOUT0)
                                                     -2.641    -1.726 r  U_clkgen/inst/plle2_adv_inst/CLKOUT0
                         net (fo=1, routed)           0.550    -1.176    U_clkgen/inst/clk_out1_clk_wiz_0
    BUFGCTRL_X0Y0        BUFG (Prop_bufg_I_O)         0.029    -1.147 r  U_clkgen/inst/clkout1_buf/O
                         net (fo=4776, routed)        0.832    -0.316    U_display/clk_out1
    SLICE_X28Y51         FDCE                                         r  U_display/refresh_cnt_reg[6]/C
                         clock pessimism              0.038    -0.278    
    SLICE_X28Y51         FDCE (Remov_fdce_C_CLR)     -0.146    -0.424    U_display/refresh_cnt_reg[6]
  -------------------------------------------------------------------
                         required time                          0.424    
                         arrival time                           0.881    
  -------------------------------------------------------------------
                         slack                                  1.305    

Slack (MET) :             1.305ns  (arrival time - required time)
  Source:                 sys_rst_sync_reg[1]/C
                            (rising edge-triggered cell FDPE clocked by clk_out1_clk_wiz_0  {rise@0.000ns fall@10.000ns period=20.000ns})
  Destination:            U_display/refresh_cnt_reg[7]/CLR
                            (removal check against rising-edge clock clk_out1_clk_wiz_0  {rise@0.000ns fall@10.000ns period=20.000ns})
  Path Group:             **async_default**
  Path Type:              Removal (Min at Fast Process Corner)
  Requirement:            0.000ns  (clk_out1_clk_wiz_0 rise@0.000ns - clk_out1_clk_wiz_0 rise@0.000ns)
  Data Path Delay:        1.406ns  (logic 0.128ns (9.107%)  route 1.278ns (90.893%))
  Logic Levels:           0  
  Clock Path Skew:        0.247ns (DCD - SCD - CPR)
    Destination Clock Delay (DCD):    -0.316ns
    Source Clock Delay      (SCD):    -0.525ns
    Clock Pessimism Removal (CPR):    -0.038ns

    Location             Delay type                Incr(ns)  Path(ns)    Netlist Resource(s)
  -------------------------------------------------------------------    -------------------
                         (clock clk_out1_clk_wiz_0 rise edge)
                                                      0.000     0.000 r  
    P17                                               0.000     0.000 r  fpga_clk (IN)
                         net (fo=0)                   0.000     0.000    U_clkgen/inst/clk_in1
    P17                  IBUF (Prop_ibuf_I_O)         0.246     0.246 r  U_clkgen/inst/clkin1_ibufg/O
                         net (fo=1, routed)           0.440     0.686    U_clkgen/inst/clk_in1_clk_wiz_0
    PLLE2_ADV_X0Y0       PLLE2_ADV (Prop_plle2_adv_CLKIN1_CLKOUT0)
                                                     -2.326    -1.639 r  U_clkgen/inst/plle2_adv_inst/CLKOUT0
                         net (fo=1, routed)           0.504    -1.135    U_clkgen/inst/clk_out1_clk_wiz_0
    BUFGCTRL_X0Y0        BUFG (Prop_bufg_I_O)         0.026    -1.109 r  U_clkgen/inst/clkout1_buf/O
                         net (fo=4776, routed)        0.585    -0.525    pll_clk1
    SLICE_X0Y28          FDPE                                         r  sys_rst_sync_reg[1]/C
  -------------------------------------------------------------------    -------------------
    SLICE_X0Y28          FDPE (Prop_fdpe_C_Q)         0.128    -0.397 f  sys_rst_sync_reg[1]/Q
                         net (fo=1989, routed)        1.278     0.881    U_display/out[0]
    SLICE_X28Y51         FDCE                                         f  U_display/refresh_cnt_reg[7]/CLR
  -------------------------------------------------------------------    -------------------

                         (clock clk_out1_clk_wiz_0 rise edge)
                                                      0.000     0.000 r  
    P17                                               0.000     0.000 r  fpga_clk (IN)
                         net (fo=0)                   0.000     0.000    U_clkgen/inst/clk_in1
    P17                  IBUF (Prop_ibuf_I_O)         0.434     0.434 r  U_clkgen/inst/clkin1_ibufg/O
                         net (fo=1, routed)           0.481     0.915    U_clkgen/inst/clk_in1_clk_wiz_0
    PLLE2_ADV_X0Y0       PLLE2_ADV (Prop_plle2_adv_CLKIN1_CLKOUT0)
                                                     -2.641    -1.726 r  U_clkgen/inst/plle2_adv_inst/CLKOUT0
                         net (fo=1, routed)           0.550    -1.176    U_clkgen/inst/clk_out1_clk_wiz_0
    BUFGCTRL_X0Y0        BUFG (Prop_bufg_I_O)         0.029    -1.147 r  U_clkgen/inst/clkout1_buf/O
                         net (fo=4776, routed)        0.832    -0.316    U_display/clk_out1
    SLICE_X28Y51         FDCE                                         r  U_display/refresh_cnt_reg[7]/C
                         clock pessimism              0.038    -0.278    
    SLICE_X28Y51         FDCE (Remov_fdce_C_CLR)     -0.146    -0.424    U_display/refresh_cnt_reg[7]
  -------------------------------------------------------------------
                         required time                          0.424    
                         arrival time                           0.881    
  -------------------------------------------------------------------
                         slack                                  1.305    

Slack (MET) :             1.359ns  (arrival time - required time)
  Source:                 sys_rst_sync_reg[1]/C
                            (rising edge-triggered cell FDPE clocked by clk_out1_clk_wiz_0  {rise@0.000ns fall@10.000ns period=20.000ns})
  Destination:            U_display/refresh_cnt_reg[0]/CLR
                            (removal check against rising-edge clock clk_out1_clk_wiz_0  {rise@0.000ns fall@10.000ns period=20.000ns})
  Path Group:             **async_default**
  Path Type:              Removal (Min at Fast Process Corner)
  Requirement:            0.000ns  (clk_out1_clk_wiz_0 rise@0.000ns - clk_out1_clk_wiz_0 rise@0.000ns)
  Data Path Delay:        1.460ns  (logic 0.128ns (8.767%)  route 1.332ns (91.233%))
  Logic Levels:           0  
  Clock Path Skew:        0.247ns (DCD - SCD - CPR)
    Destination Clock Delay (DCD):    -0.316ns
    Source Clock Delay      (SCD):    -0.525ns
    Clock Pessimism Removal (CPR):    -0.038ns

    Location             Delay type                Incr(ns)  Path(ns)    Netlist Resource(s)
  -------------------------------------------------------------------    -------------------
                         (clock clk_out1_clk_wiz_0 rise edge)
                                                      0.000     0.000 r  
    P17                                               0.000     0.000 r  fpga_clk (IN)
                         net (fo=0)                   0.000     0.000    U_clkgen/inst/clk_in1
    P17                  IBUF (Prop_ibuf_I_O)         0.246     0.246 r  U_clkgen/inst/clkin1_ibufg/O
                         net (fo=1, routed)           0.440     0.686    U_clkgen/inst/clk_in1_clk_wiz_0
    PLLE2_ADV_X0Y0       PLLE2_ADV (Prop_plle2_adv_CLKIN1_CLKOUT0)
                                                     -2.326    -1.639 r  U_clkgen/inst/plle2_adv_inst/CLKOUT0
                         net (fo=1, routed)           0.504    -1.135    U_clkgen/inst/clk_out1_clk_wiz_0
    BUFGCTRL_X0Y0        BUFG (Prop_bufg_I_O)         0.026    -1.109 r  U_clkgen/inst/clkout1_buf/O
                         net (fo=4776, routed)        0.585    -0.525    pll_clk1
    SLICE_X0Y28          FDPE                                         r  sys_rst_sync_reg[1]/C
  -------------------------------------------------------------------    -------------------
    SLICE_X0Y28          FDPE (Prop_fdpe_C_Q)         0.128    -0.397 f  sys_rst_sync_reg[1]/Q
                         net (fo=1989, routed)        1.332     0.935    U_display/out[0]
    SLICE_X28Y50         FDCE                                         f  U_display/refresh_cnt_reg[0]/CLR
  -------------------------------------------------------------------    -------------------

                         (clock clk_out1_clk_wiz_0 rise edge)
                                                      0.000     0.000 r  
    P17                                               0.000     0.000 r  fpga_clk (IN)
                         net (fo=0)                   0.000     0.000    U_clkgen/inst/clk_in1
    P17                  IBUF (Prop_ibuf_I_O)         0.434     0.434 r  U_clkgen/inst/clkin1_ibufg/O
                         net (fo=1, routed)           0.481     0.915    U_clkgen/inst/clk_in1_clk_wiz_0
    PLLE2_ADV_X0Y0       PLLE2_ADV (Prop_plle2_adv_CLKIN1_CLKOUT0)
                                                     -2.641    -1.726 r  U_clkgen/inst/plle2_adv_inst/CLKOUT0
                         net (fo=1, routed)           0.550    -1.176    U_clkgen/inst/clk_out1_clk_wiz_0
    BUFGCTRL_X0Y0        BUFG (Prop_bufg_I_O)         0.029    -1.147 r  U_clkgen/inst/clkout1_buf/O
                         net (fo=4776, routed)        0.832    -0.316    U_display/clk_out1
    SLICE_X28Y50         FDCE                                         r  U_display/refresh_cnt_reg[0]/C
                         clock pessimism              0.038    -0.278    
    SLICE_X28Y50         FDCE (Remov_fdce_C_CLR)     -0.146    -0.424    U_display/refresh_cnt_reg[0]
  -------------------------------------------------------------------
                         required time                          0.424    
                         arrival time                           0.935    
  -------------------------------------------------------------------
                         slack                                  1.359    

Slack (MET) :             1.359ns  (arrival time - required time)
  Source:                 sys_rst_sync_reg[1]/C
                            (rising edge-triggered cell FDPE clocked by clk_out1_clk_wiz_0  {rise@0.000ns fall@10.000ns period=20.000ns})
  Destination:            U_display/refresh_cnt_reg[1]/CLR
                            (removal check against rising-edge clock clk_out1_clk_wiz_0  {rise@0.000ns fall@10.000ns period=20.000ns})
  Path Group:             **async_default**
  Path Type:              Removal (Min at Fast Process Corner)
  Requirement:            0.000ns  (clk_out1_clk_wiz_0 rise@0.000ns - clk_out1_clk_wiz_0 rise@0.000ns)
  Data Path Delay:        1.460ns  (logic 0.128ns (8.767%)  route 1.332ns (91.233%))
  Logic Levels:           0  
  Clock Path Skew:        0.247ns (DCD - SCD - CPR)
    Destination Clock Delay (DCD):    -0.316ns
    Source Clock Delay      (SCD):    -0.525ns
    Clock Pessimism Removal (CPR):    -0.038ns

    Location             Delay type                Incr(ns)  Path(ns)    Netlist Resource(s)
  -------------------------------------------------------------------    -------------------
                         (clock clk_out1_clk_wiz_0 rise edge)
                                                      0.000     0.000 r  
    P17                                               0.000     0.000 r  fpga_clk (IN)
                         net (fo=0)                   0.000     0.000    U_clkgen/inst/clk_in1
    P17                  IBUF (Prop_ibuf_I_O)         0.246     0.246 r  U_clkgen/inst/clkin1_ibufg/O
                         net (fo=1, routed)           0.440     0.686    U_clkgen/inst/clk_in1_clk_wiz_0
    PLLE2_ADV_X0Y0       PLLE2_ADV (Prop_plle2_adv_CLKIN1_CLKOUT0)
                                                     -2.326    -1.639 r  U_clkgen/inst/plle2_adv_inst/CLKOUT0
                         net (fo=1, routed)           0.504    -1.135    U_clkgen/inst/clk_out1_clk_wiz_0
    BUFGCTRL_X0Y0        BUFG (Prop_bufg_I_O)         0.026    -1.109 r  U_clkgen/inst/clkout1_buf/O
                         net (fo=4776, routed)        0.585    -0.525    pll_clk1
    SLICE_X0Y28          FDPE                                         r  sys_rst_sync_reg[1]/C
  -------------------------------------------------------------------    -------------------
    SLICE_X0Y28          FDPE (Prop_fdpe_C_Q)         0.128    -0.397 f  sys_rst_sync_reg[1]/Q
                         net (fo=1989, routed)        1.332     0.935    U_display/out[0]
    SLICE_X28Y50         FDCE                                         f  U_display/refresh_cnt_reg[1]/CLR
  -------------------------------------------------------------------    -------------------

                         (clock clk_out1_clk_wiz_0 rise edge)
                                                      0.000     0.000 r  
    P17                                               0.000     0.000 r  fpga_clk (IN)
                         net (fo=0)                   0.000     0.000    U_clkgen/inst/clk_in1
    P17                  IBUF (Prop_ibuf_I_O)         0.434     0.434 r  U_clkgen/inst/clkin1_ibufg/O
                         net (fo=1, routed)           0.481     0.915    U_clkgen/inst/clk_in1_clk_wiz_0
    PLLE2_ADV_X0Y0       PLLE2_ADV (Prop_plle2_adv_CLKIN1_CLKOUT0)
                                                     -2.641    -1.726 r  U_clkgen/inst/plle2_adv_inst/CLKOUT0
                         net (fo=1, routed)           0.550    -1.176    U_clkgen/inst/clk_out1_clk_wiz_0
    BUFGCTRL_X0Y0        BUFG (Prop_bufg_I_O)         0.029    -1.147 r  U_clkgen/inst/clkout1_buf/O
                         net (fo=4776, routed)        0.832    -0.316    U_display/clk_out1
    SLICE_X28Y50         FDCE                                         r  U_display/refresh_cnt_reg[1]/C
                         clock pessimism              0.038    -0.278    
    SLICE_X28Y50         FDCE (Remov_fdce_C_CLR)     -0.146    -0.424    U_display/refresh_cnt_reg[1]
  -------------------------------------------------------------------
                         required time                          0.424    
                         arrival time                           0.935    
  -------------------------------------------------------------------
                         slack                                  1.359    

Slack (MET) :             1.359ns  (arrival time - required time)
  Source:                 sys_rst_sync_reg[1]/C
                            (rising edge-triggered cell FDPE clocked by clk_out1_clk_wiz_0  {rise@0.000ns fall@10.000ns period=20.000ns})
  Destination:            U_display/refresh_cnt_reg[2]/CLR
                            (removal check against rising-edge clock clk_out1_clk_wiz_0  {rise@0.000ns fall@10.000ns period=20.000ns})
  Path Group:             **async_default**
  Path Type:              Removal (Min at Fast Process Corner)
  Requirement:            0.000ns  (clk_out1_clk_wiz_0 rise@0.000ns - clk_out1_clk_wiz_0 rise@0.000ns)
  Data Path Delay:        1.460ns  (logic 0.128ns (8.767%)  route 1.332ns (91.233%))
  Logic Levels:           0  
  Clock Path Skew:        0.247ns (DCD - SCD - CPR)
    Destination Clock Delay (DCD):    -0.316ns
    Source Clock Delay      (SCD):    -0.525ns
    Clock Pessimism Removal (CPR):    -0.038ns

    Location             Delay type                Incr(ns)  Path(ns)    Netlist Resource(s)
  -------------------------------------------------------------------    -------------------
                         (clock clk_out1_clk_wiz_0 rise edge)
                                                      0.000     0.000 r  
    P17                                               0.000     0.000 r  fpga_clk (IN)
                         net (fo=0)                   0.000     0.000    U_clkgen/inst/clk_in1
    P17                  IBUF (Prop_ibuf_I_O)         0.246     0.246 r  U_clkgen/inst/clkin1_ibufg/O
                         net (fo=1, routed)           0.440     0.686    U_clkgen/inst/clk_in1_clk_wiz_0
    PLLE2_ADV_X0Y0       PLLE2_ADV (Prop_plle2_adv_CLKIN1_CLKOUT0)
                                                     -2.326    -1.639 r  U_clkgen/inst/plle2_adv_inst/CLKOUT0
                         net (fo=1, routed)           0.504    -1.135    U_clkgen/inst/clk_out1_clk_wiz_0
    BUFGCTRL_X0Y0        BUFG (Prop_bufg_I_O)         0.026    -1.109 r  U_clkgen/inst/clkout1_buf/O
                         net (fo=4776, routed)        0.585    -0.525    pll_clk1
    SLICE_X0Y28          FDPE                                         r  sys_rst_sync_reg[1]/C
  -------------------------------------------------------------------    -------------------
    SLICE_X0Y28          FDPE (Prop_fdpe_C_Q)         0.128    -0.397 f  sys_rst_sync_reg[1]/Q
                         net (fo=1989, routed)        1.332     0.935    U_display/out[0]
    SLICE_X28Y50         FDCE                                         f  U_display/refresh_cnt_reg[2]/CLR
  -------------------------------------------------------------------    -------------------

                         (clock clk_out1_clk_wiz_0 rise edge)
                                                      0.000     0.000 r  
    P17                                               0.000     0.000 r  fpga_clk (IN)
                         net (fo=0)                   0.000     0.000    U_clkgen/inst/clk_in1
    P17                  IBUF (Prop_ibuf_I_O)         0.434     0.434 r  U_clkgen/inst/clkin1_ibufg/O
                         net (fo=1, routed)           0.481     0.915    U_clkgen/inst/clk_in1_clk_wiz_0
    PLLE2_ADV_X0Y0       PLLE2_ADV (Prop_plle2_adv_CLKIN1_CLKOUT0)
                                                     -2.641    -1.726 r  U_clkgen/inst/plle2_adv_inst/CLKOUT0
                         net (fo=1, routed)           0.550    -1.176    U_clkgen/inst/clk_out1_clk_wiz_0
    BUFGCTRL_X0Y0        BUFG (Prop_bufg_I_O)         0.029    -1.147 r  U_clkgen/inst/clkout1_buf/O
                         net (fo=4776, routed)        0.832    -0.316    U_display/clk_out1
    SLICE_X28Y50         FDCE                                         r  U_display/refresh_cnt_reg[2]/C
                         clock pessimism              0.038    -0.278    
    SLICE_X28Y50         FDCE (Remov_fdce_C_CLR)     -0.146    -0.424    U_display/refresh_cnt_reg[2]
  -------------------------------------------------------------------
                         required time                          0.424    
                         arrival time                           0.935    
  -------------------------------------------------------------------
                         slack                                  1.359    

Slack (MET) :             1.359ns  (arrival time - required time)
  Source:                 sys_rst_sync_reg[1]/C
                            (rising edge-triggered cell FDPE clocked by clk_out1_clk_wiz_0  {rise@0.000ns fall@10.000ns period=20.000ns})
  Destination:            U_display/refresh_cnt_reg[3]/CLR
                            (removal check against rising-edge clock clk_out1_clk_wiz_0  {rise@0.000ns fall@10.000ns period=20.000ns})
  Path Group:             **async_default**
  Path Type:              Removal (Min at Fast Process Corner)
  Requirement:            0.000ns  (clk_out1_clk_wiz_0 rise@0.000ns - clk_out1_clk_wiz_0 rise@0.000ns)
  Data Path Delay:        1.460ns  (logic 0.128ns (8.767%)  route 1.332ns (91.233%))
  Logic Levels:           0  
  Clock Path Skew:        0.247ns (DCD - SCD - CPR)
    Destination Clock Delay (DCD):    -0.316ns
    Source Clock Delay      (SCD):    -0.525ns
    Clock Pessimism Removal (CPR):    -0.038ns

    Location             Delay type                Incr(ns)  Path(ns)    Netlist Resource(s)
  -------------------------------------------------------------------    -------------------
                         (clock clk_out1_clk_wiz_0 rise edge)
                                                      0.000     0.000 r  
    P17                                               0.000     0.000 r  fpga_clk (IN)
                         net (fo=0)                   0.000     0.000    U_clkgen/inst/clk_in1
    P17                  IBUF (Prop_ibuf_I_O)         0.246     0.246 r  U_clkgen/inst/clkin1_ibufg/O
                         net (fo=1, routed)           0.440     0.686    U_clkgen/inst/clk_in1_clk_wiz_0
    PLLE2_ADV_X0Y0       PLLE2_ADV (Prop_plle2_adv_CLKIN1_CLKOUT0)
                                                     -2.326    -1.639 r  U_clkgen/inst/plle2_adv_inst/CLKOUT0
                         net (fo=1, routed)           0.504    -1.135    U_clkgen/inst/clk_out1_clk_wiz_0
    BUFGCTRL_X0Y0        BUFG (Prop_bufg_I_O)         0.026    -1.109 r  U_clkgen/inst/clkout1_buf/O
                         net (fo=4776, routed)        0.585    -0.525    pll_clk1
    SLICE_X0Y28          FDPE                                         r  sys_rst_sync_reg[1]/C
  -------------------------------------------------------------------    -------------------
    SLICE_X0Y28          FDPE (Prop_fdpe_C_Q)         0.128    -0.397 f  sys_rst_sync_reg[1]/Q
                         net (fo=1989, routed)        1.332     0.935    U_display/out[0]
    SLICE_X28Y50         FDCE                                         f  U_display/refresh_cnt_reg[3]/CLR
  -------------------------------------------------------------------    -------------------

                         (clock clk_out1_clk_wiz_0 rise edge)
                                                      0.000     0.000 r  
    P17                                               0.000     0.000 r  fpga_clk (IN)
                         net (fo=0)                   0.000     0.000    U_clkgen/inst/clk_in1
    P17                  IBUF (Prop_ibuf_I_O)         0.434     0.434 r  U_clkgen/inst/clkin1_ibufg/O
                         net (fo=1, routed)           0.481     0.915    U_clkgen/inst/clk_in1_clk_wiz_0
    PLLE2_ADV_X0Y0       PLLE2_ADV (Prop_plle2_adv_CLKIN1_CLKOUT0)
                                                     -2.641    -1.726 r  U_clkgen/inst/plle2_adv_inst/CLKOUT0
                         net (fo=1, routed)           0.550    -1.176    U_clkgen/inst/clk_out1_clk_wiz_0
    BUFGCTRL_X0Y0        BUFG (Prop_bufg_I_O)         0.029    -1.147 r  U_clkgen/inst/clkout1_buf/O
                         net (fo=4776, routed)        0.832    -0.316    U_display/clk_out1
    SLICE_X28Y50         FDCE                                         r  U_display/refresh_cnt_reg[3]/C
                         clock pessimism              0.038    -0.278    
    SLICE_X28Y50         FDCE (Remov_fdce_C_CLR)     -0.146    -0.424    U_display/refresh_cnt_reg[3]
  -------------------------------------------------------------------
                         required time                          0.424    
                         arrival time                           0.935    
  -------------------------------------------------------------------
                         slack                                  1.359    

Slack (MET) :             1.360ns  (arrival time - required time)
  Source:                 sys_rst_sync_reg[1]/C
                            (rising edge-triggered cell FDPE clocked by clk_out1_clk_wiz_0  {rise@0.000ns fall@10.000ns period=20.000ns})
  Destination:            U_display/refresh_cnt_reg[10]/CLR
                            (removal check against rising-edge clock clk_out1_clk_wiz_0  {rise@0.000ns fall@10.000ns period=20.000ns})
  Path Group:             **async_default**
  Path Type:              Removal (Min at Fast Process Corner)
  Requirement:            0.000ns  (clk_out1_clk_wiz_0 rise@0.000ns - clk_out1_clk_wiz_0 rise@0.000ns)
  Data Path Delay:        1.460ns  (logic 0.128ns (8.765%)  route 1.332ns (91.235%))
  Logic Levels:           0  
  Clock Path Skew:        0.247ns (DCD - SCD - CPR)
    Destination Clock Delay (DCD):    -0.316ns
    Source Clock Delay      (SCD):    -0.525ns
    Clock Pessimism Removal (CPR):    -0.038ns

    Location             Delay type                Incr(ns)  Path(ns)    Netlist Resource(s)
  -------------------------------------------------------------------    -------------------
                         (clock clk_out1_clk_wiz_0 rise edge)
                                                      0.000     0.000 r  
    P17                                               0.000     0.000 r  fpga_clk (IN)
                         net (fo=0)                   0.000     0.000    U_clkgen/inst/clk_in1
    P17                  IBUF (Prop_ibuf_I_O)         0.246     0.246 r  U_clkgen/inst/clkin1_ibufg/O
                         net (fo=1, routed)           0.440     0.686    U_clkgen/inst/clk_in1_clk_wiz_0
    PLLE2_ADV_X0Y0       PLLE2_ADV (Prop_plle2_adv_CLKIN1_CLKOUT0)
                                                     -2.326    -1.639 r  U_clkgen/inst/plle2_adv_inst/CLKOUT0
                         net (fo=1, routed)           0.504    -1.135    U_clkgen/inst/clk_out1_clk_wiz_0
    BUFGCTRL_X0Y0        BUFG (Prop_bufg_I_O)         0.026    -1.109 r  U_clkgen/inst/clkout1_buf/O
                         net (fo=4776, routed)        0.585    -0.525    pll_clk1
    SLICE_X0Y28          FDPE                                         r  sys_rst_sync_reg[1]/C
  -------------------------------------------------------------------    -------------------
    SLICE_X0Y28          FDPE (Prop_fdpe_C_Q)         0.128    -0.397 f  sys_rst_sync_reg[1]/Q
                         net (fo=1989, routed)        1.332     0.936    U_display/out[0]
    SLICE_X28Y52         FDCE                                         f  U_display/refresh_cnt_reg[10]/CLR
  -------------------------------------------------------------------    -------------------

                         (clock clk_out1_clk_wiz_0 rise edge)
                                                      0.000     0.000 r  
    P17                                               0.000     0.000 r  fpga_clk (IN)
                         net (fo=0)                   0.000     0.000    U_clkgen/inst/clk_in1
    P17                  IBUF (Prop_ibuf_I_O)         0.434     0.434 r  U_clkgen/inst/clkin1_ibufg/O
                         net (fo=1, routed)           0.481     0.915    U_clkgen/inst/clk_in1_clk_wiz_0
    PLLE2_ADV_X0Y0       PLLE2_ADV (Prop_plle2_adv_CLKIN1_CLKOUT0)
                                                     -2.641    -1.726 r  U_clkgen/inst/plle2_adv_inst/CLKOUT0
                         net (fo=1, routed)           0.550    -1.176    U_clkgen/inst/clk_out1_clk_wiz_0
    BUFGCTRL_X0Y0        BUFG (Prop_bufg_I_O)         0.029    -1.147 r  U_clkgen/inst/clkout1_buf/O
                         net (fo=4776, routed)        0.832    -0.316    U_display/clk_out1
    SLICE_X28Y52         FDCE                                         r  U_display/refresh_cnt_reg[10]/C
                         clock pessimism              0.038    -0.278    
    SLICE_X28Y52         FDCE (Remov_fdce_C_CLR)     -0.146    -0.424    U_display/refresh_cnt_reg[10]
  -------------------------------------------------------------------
                         required time                          0.424    
                         arrival time                           0.936    
  -------------------------------------------------------------------
                         slack                                  1.360    

Slack (MET) :             1.360ns  (arrival time - required time)
  Source:                 sys_rst_sync_reg[1]/C
                            (rising edge-triggered cell FDPE clocked by clk_out1_clk_wiz_0  {rise@0.000ns fall@10.000ns period=20.000ns})
  Destination:            U_display/refresh_cnt_reg[11]/CLR
                            (removal check against rising-edge clock clk_out1_clk_wiz_0  {rise@0.000ns fall@10.000ns period=20.000ns})
  Path Group:             **async_default**
  Path Type:              Removal (Min at Fast Process Corner)
  Requirement:            0.000ns  (clk_out1_clk_wiz_0 rise@0.000ns - clk_out1_clk_wiz_0 rise@0.000ns)
  Data Path Delay:        1.460ns  (logic 0.128ns (8.765%)  route 1.332ns (91.235%))
  Logic Levels:           0  
  Clock Path Skew:        0.247ns (DCD - SCD - CPR)
    Destination Clock Delay (DCD):    -0.316ns
    Source Clock Delay      (SCD):    -0.525ns
    Clock Pessimism Removal (CPR):    -0.038ns

    Location             Delay type                Incr(ns)  Path(ns)    Netlist Resource(s)
  -------------------------------------------------------------------    -------------------
                         (clock clk_out1_clk_wiz_0 rise edge)
                                                      0.000     0.000 r  
    P17                                               0.000     0.000 r  fpga_clk (IN)
                         net (fo=0)                   0.000     0.000    U_clkgen/inst/clk_in1
    P17                  IBUF (Prop_ibuf_I_O)         0.246     0.246 r  U_clkgen/inst/clkin1_ibufg/O
                         net (fo=1, routed)           0.440     0.686    U_clkgen/inst/clk_in1_clk_wiz_0
    PLLE2_ADV_X0Y0       PLLE2_ADV (Prop_plle2_adv_CLKIN1_CLKOUT0)
                                                     -2.326    -1.639 r  U_clkgen/inst/plle2_adv_inst/CLKOUT0
                         net (fo=1, routed)           0.504    -1.135    U_clkgen/inst/clk_out1_clk_wiz_0
    BUFGCTRL_X0Y0        BUFG (Prop_bufg_I_O)         0.026    -1.109 r  U_clkgen/inst/clkout1_buf/O
                         net (fo=4776, routed)        0.585    -0.525    pll_clk1
    SLICE_X0Y28          FDPE                                         r  sys_rst_sync_reg[1]/C
  -------------------------------------------------------------------    -------------------
    SLICE_X0Y28          FDPE (Prop_fdpe_C_Q)         0.128    -0.397 f  sys_rst_sync_reg[1]/Q
                         net (fo=1989, routed)        1.332     0.936    U_display/out[0]
    SLICE_X28Y52         FDCE                                         f  U_display/refresh_cnt_reg[11]/CLR
  -------------------------------------------------------------------    -------------------

                         (clock clk_out1_clk_wiz_0 rise edge)
                                                      0.000     0.000 r  
    P17                                               0.000     0.000 r  fpga_clk (IN)
                         net (fo=0)                   0.000     0.000    U_clkgen/inst/clk_in1
    P17                  IBUF (Prop_ibuf_I_O)         0.434     0.434 r  U_clkgen/inst/clkin1_ibufg/O
                         net (fo=1, routed)           0.481     0.915    U_clkgen/inst/clk_in1_clk_wiz_0
    PLLE2_ADV_X0Y0       PLLE2_ADV (Prop_plle2_adv_CLKIN1_CLKOUT0)
                                                     -2.641    -1.726 r  U_clkgen/inst/plle2_adv_inst/CLKOUT0
                         net (fo=1, routed)           0.550    -1.176    U_clkgen/inst/clk_out1_clk_wiz_0
    BUFGCTRL_X0Y0        BUFG (Prop_bufg_I_O)         0.029    -1.147 r  U_clkgen/inst/clkout1_buf/O
                         net (fo=4776, routed)        0.832    -0.316    U_display/clk_out1
    SLICE_X28Y52         FDCE                                         r  U_display/refresh_cnt_reg[11]/C
                         clock pessimism              0.038    -0.278    
    SLICE_X28Y52         FDCE (Remov_fdce_C_CLR)     -0.146    -0.424    U_display/refresh_cnt_reg[11]
  -------------------------------------------------------------------
                         required time                          0.424    
                         arrival time                           0.936    
  -------------------------------------------------------------------
                         slack                                  1.360    





