memory_initialization_radix=16;
memory_initialization_vector=
 00026137
 80010113
 ffff32b7
 00306313
 0062a623
 0e4070ef
 0000006f
 0000d7b7
 0000d2b7
 13c7a703
 1382a303
 00072503
 00032583
 00008067
 0000d7b7
 0000d2b7
 13c7a683
 1382a703
 0000e337
 0006a383
 00072503
 92732823
 92a32a23
 00008067
 0000d7b7
 0000d2b7
 13c7a683
 1382a703
 0000e337
 0006a383
 00072503
 92732423
 92a32623
 00008067
 0000e7b7
 0000e737
 9287a583
 93072503
 92c7a283
 93472303
 40a58533
 00a5b3b3
 40628633
 407605b3
 00008067
 02faf5b7
 ff010113
 08058593
 00112623
 5ed050ef
 00c12083
 01010113
 00008067
 fe010113
 00112e23
 0000d7b7
 0000d0b7
 00912a23
 01212823
 1380a483
 13c7a903
 00812c23
 01312623
 01412423
 01512223
 01612023
 261050ef
 0000d2b7
 0000d337
 00092b03
 0bc2aa83
 0004aa03
 0c032983
 00050413
 00092583
 0004a383
 41658533
 00a5b633
 414386b3
 40c685b3
 331050ef
 000a8593
 71c050ef
 00098593
 278050ef
 00050593
 00040513
 654050ef
 fc0554e3
 01c12083
 01812403
 01412483
 01012903
 00c12983
 00812a03
 00412a83
 00012b03
 02010113
 00008067
 fd010113
 02112623
 0000d7b7
 0000d0b7
 02812423
 02912223
 1380a403
 13c7a483
 0000d2b7
 0000d337
 0000d3b7
 03212023
 01312e23
 01412c23
 01512a23
 01612823
 0bc2aa83
 0004ab03
 0c032983
 00042a03
 0c43a903
 01712623
 00050b93
 0004a583
 00042603
 41658533
 00a5b6b3
 41460733
 40d705b3
 271050ef
 000a8593
 65c050ef
 00098593
 1b8050ef
 00090593
 4e4050ef
 fca056e3
 0000d537
 b8850513
 14c000ef
 00100813
 010b8023
 02c12083
 02812403
 02412483
 02012903
 01c12983
 01812a03
 01412a83
 01012b03
 00c12b83
 03010113
 00008067
 0000e7b7
 0000e737
 ff010113
 9287a583
 93072503
 93472283
 00112623
 92c7a083
 40a58533
 00a5b333
 405083b3
 406385b3
 00812423
 1dd050ef
 0000d437
 00050593
 0c842503
 124050ef
 0000d637
 0cc62583
 00050413
 5b0050ef
 2f1050ef
 0000d837
 00050613
 00058693
 b9880513
 0a8000ef
 00040513
 2d5050ef
 0000d8b7
 00050613
 00058693
 bac88513
 08c000ef
 00812403
 00c12083
 0000d6b7
 bc068513
 01010113
 0740006f
 0000d7b7
 14c7a703
 0ff57613
 00072283
 0082f313
 fe031ce3
 0000d3b7
 1503a683
 0ff57513
 00a00593
 00a6a023
 00b60463
 00008067
 00072803
 00887893
 fe089ce3
 00d00e13
 01c6a023
 00008067
 0000d7b7
 14c7a703
 00072283
 0082f313
 fe031ce3
 0000d3b7
 1503a583
 00a5a023
 00008067
 fc010113
 02410313
 02b12223
 00030593
 00112e23
 02c12423
 02d12623
 02e12823
 02f12a23
 03012c23
 03112e23
 00612623
 014000ef
 01c12083
 00000513
 04010113
 00008067
 ea010113
 0000d7b7
 0d47a803
 14112e23
 0d07a083
 15512223
 0000dab7
 06100293
 800a8313
 14812c23
 14912a23
 13712e23
 15212823
 15312623
 15412423
 15612023
 13812c23
 13912a23
 13a12823
 13b12623
 00112c23
 01012e23
 00050b93
 00b12623
 00512a23
 00612823
 0000d4b7
 0000d437
 000bc683
 02500393
 04768663
 08068863
 14c4a383
 001b8b93
 0003a583
 0085f893
 fe089ce3
 15042a83
 00a00a13
 00daa023
 fd4698e3
 0003a603
 00867513
 fe051ce3
 00d00e13
 01caa023
 000bc683
 02500393
 fa769ee3
 001bc683
 001b8513
 00050593
 02000c93
 fff00c13
 fff00d13
 00000393
 05500893
 00900913
 fdd68613
 0ff67993
 00158b93
 0738e863
 01012b03
 00299a13
 016a0db3
 000dae03
 000e0067
 15c12083
 15812403
 15412483
 15012903
 14c12983
 14812a03
 14412a83
 14012b03
 13c12b83
 13812c03
 13412c83
 13012d03
 12c12d83
 16010113
 00008067
 00068c93
 0015c683
 000b8593
 00158b93
 fdd68613
 0ff67993
 f938fce3
 14c4ab83
 000ba803
 00887093
 fe009ce3
 15042283
 02500313
 00050b93
 0062a023
 eedff06f
 0015ca83
 fd068c13
 000b8593
 fd0a8d93
 000a8693
 03b96663
 002c1b93
 018b8f33
 00158593
 001f1713
 01570fb3
 0005ca83
 fd0f8c13
 fd0a8793
 000a8693
 fcf97ee3
 f20d50e3
 000c0d13
 fff00c13
 f15ff06f
 00c12c83
 14c4ad03
 000ca383
 004c8913
 0ff3fc13
 000d2583
 0085f993
 fe099ce3
 15042a03
 0ff3f513
 00a00b13
 00aa2023
 01212623
 e76c12e3
 000d2883
 0088f613
 fe061ce3
 00d00e13
 01ca2023
 01212623
 e49ff06f
 00100613
 42764663
 00c12d83
 004d8e13
 44038063
 000dae83
 01c12623
 41fedf13
 14c4ac03
 15042903
 120f4263
 000e8a93
 000f0a13
 00a00d93
 00012423
 000d8613
 00000693
 000a8513
 000a0593
 2b9030ef
 02a12023
 00000893
 2f488a63
 02410b13
 00100993
 000d8613
 00000693
 000a8513
 000a0593
 65c030ef
 000d8613
 00000693
 00050a93
 00058a13
 27d030ef
 00812e83
 00ab2023
 00098e13
 004b0b13
 00198993
 fd4e92e3
 fdbaf0e3
 03a9d663
 000c2d83
 008dff13
 fe0f1ce3
 01992023
 fffd0d13
 ffa9c6e3
 002e1f93
 12010713
 01f707b3
 f007a503
 01412583
 002e1813
 12010093
 010082b3
 efc28693
 01c10313
 00900393
 ff658893
 00a00a93
 00d00a13
 03000613
 00a3f463
 00088613
 00c50533
 0ff57e13
 000c2b03
 008b7993
 fe099ce3
 0ff57e93
 01d92023
 015e0a63
 d0668ee3
 0006a503
 ffc68693
 fc9ff06f
 000c2c83
 008cfd93
 fe0d9ce3
 01492023
 fe1ff06f
 000c2803
 00887093
 fe009ce3
 01d032b3
 41e00333
 02d00693
 00d92023
 41d00ab3
 40530a33
 00a00d93
 00012423
 ec5ff06f
 00c12d03
 007d0913
 ff897c13
 000c2983
 004c2a03
 008c0513
 00a12623
 000a0593
 00098513
 31d040ef
 00050b13
 395040ef
 00050613
 00058693
 00098513
 000a0593
 314040ef
 01812603
 01c12683
 541030ef
 2f1040ef
 0000d8b7
 00050613
 000b0593
 bd088513
 bb1ff0ef
 c61ff06f
 0015c683
 00138393
 000b8593
 cc9ff06f
 00800d93
 00012423
 00100313
 14c4ac03
 15042903
 04735263
 00c12983
 00798a13
 ff8a7513
 00850b13
 00052a83
 00452a03
 01612623
 e11ff06f
 04100e93
 00012423
 01d12a23
 00100313
 14c4ac03
 15042903
 01000d93
 fc7342e3
 00c12683
 00468393
 04c0006f
 14c4ac03
 000c2f03
 008f7f93
 fe0f9ce3
 15042903
 03000a93
 01592023
 000c2783
 0087f813
 fe081ce3
 00c12283
 07800093
 06100313
 00192023
 00428393
 01000d93
 00012423
 00612a23
 00c12583
 00000a13
 0005aa83
 00712623
 d89ff06f
 00c12583
 0005aa83
 00458913
 1a0a8463
 0da05c63
 02d00713
 08ec9e63
 000acf03
 0c0f1863
 1140006f
 0015c683
 000b8593
 bd5ff06f
 00c12f03
 0015c683
 000b8593
 004f0f93
 000f2c03
 01f12623
 c99ff06f
 fffd4813
 41f85093
 0015c683
 001d7d33
 000b8593
 ba1ff06f
 14c4a903
 00092c03
 008c7d13
 fe0d1ce3
 15042783
 02500713
 00e7a023
 b09ff06f
 00a00d93
 00012423
 eb9ff06f
 d1baf8e3
 00100613
 00000e13
 00100993
 d5a648e3
 d75ff06f
 0000d7b7
 bc878a93
 000c0593
 000a8513
 6d5020ef
 40ad0d33
 03a05263
 14c4a803
 15042083
 00082283
 0082f313
 fe031ce3
 0190a023
 fffd0d13
 fe0d16e3
 000acf03
 060f0863
 14c4a683
 15042383
 fff00513
 00a00613
 00d00893
 000c4663
 fffc0c13
 02ac0463
 0006a983
 0089fa13
 fe0a1ce3
 01e3a023
 04cf0263
 001acf03
 fffd0d13
 001a8a93
 fc0f1ae3
 03a05463
 14c4ad83
 15042583
 02000713
 000dac83
 008cfe93
 fe0e9ce3
 00e5a023
 fffd0d13
 fe0d16e3
 01212623
 a2dff06f
 0006ab03
 008b7e13
 fe0e1ce3
 0113a023
 fb1ff06f
 00c12703
 00770f93
 ff8ffa93
 008a8793
 000aae83
 004aaf03
 00f12623
 bd5ff06f
 00c12d83
 bc1ff06f
 06100293
 01000d93
 00012423
 00512a23
 d99ff06f
 01a05e63
 02d00e93
 efdc98e3
 0000dfb7
 02800f13
 bc8f8a93
 f25ff06f
 0000dcb7
 bc8c8a93
 02800f13
 f15ff06f
 00060a63
 00251503
 00259583
 40b50533
 00008067
 00051783
 01079713
 01075293
 f007f313
 0082d393
 00736633
 00c51023
 00059683
 00251503
 01069813
 01085893
 f006fe13
 0088de93
 01de6f33
 01e59023
 00259583
 40b50533
 00008067
 fe010113
 00812c23
 00051403
 00112e23
 00912a23
 40745793
 01212823
 01312623
 0017f093
 02008263
 01c12083
 07f47513
 01812403
 01412483
 01012903
 00c12983
 02010113
 00008067
 00058493
 40345593
 00f5f293
 00429713
 00747693
 0384d783
 00050993
 005765b3
 04068c63
 00100513
 08a68a63
 01041e13
 010e5513
 00040913
 00078593
 65d060ef
 00050e93
 f0047f13
 07f97513
 01e56fb3
 03d49c23
 080fe413
 00899023
 01c12083
 01812403
 01412483
 01012903
 00c12983
 02010113
 00008067
 02200313
 00058393
 0065d463
 02200393
 00049603
 00249683
 0144a583
 0184a503
 0ff3f713
 1a1020ef
 03e4d603
 01051913
 41095913
 02061c63
 0384d783
 02a49f23
 f81ff06f
 00078613
 02848513
 184020ef
 03c4d803
 01051893
 4108d913
 00081863
 0384d783
 02a49e23
 f59ff06f
 0384d783
 f51ff06f
 ff010113
 00912223
 00058493
 00060593
 00112623
 00812423
 00060413
 eb1ff0ef
 00050793
 00040593
 00048513
 00078413
 e9dff0ef
 00c12083
 40a40533
 00812403
 00412483
 01010113
 00008067
 00059703
 00259783
 00e51023
 00f51123
 00008067
 00062803
 00880893
 04e8f663
 0006a703
 00470313
 04f37063
 01162023
 00052783
 00059283
 00259603
 00f82023
 01052023
 00e82223
 0006a383
 00438513
 00a6a023
 00482583
 00080513
 00559023
 00c59123
 00008067
 00000813
 00080513
 00008067
 00050793
 00052503
 0047a683
 00452603
 00052703
 00c7a223
 00d52223
 00e7a023
 00052023
 00008067
 0045a603
 00452683
 0005a703
 00c52223
 00d5a223
 00e52023
 00a5a023
 00008067
 00259603
 02064263
 00051863
 0480006f
 00052503
 02050c63
 00452303
 00231383
 fec398e3
 00008067
 02050263
 00059703
 00c0006f
 00052503
 00050c63
 00452783
 0007c283
 fee298e3
 00008067
 00000513
 00008067
 00008067
 02050063
 00000713
 0080006f
 00078513
 00052783
 00e52023
 00050713
 fe0798e3
 00008067
 fd010113
 02812423
 01612823
 01712623
 01912223
 01a12023
 02112623
 02912223
 03212023
 01312e23
 01412c23
 01512a23
 01812423
 00050413
 00058b13
 00060d13
 00100b93
 00100c93
 1a040263
 00000c13
 00000493
 00000a93
 007bf713
 001c0c13
 00040793
 00000913
 08070663
 00100693
 06d70a63
 00200093
 06170063
 00300293
 04570663
 00400313
 02670c63
 00500393
 02770263
 00600513
 00a70863
 00042783
 00100913
 0a078a63
 0007a783
 00190913
 0a078463
 0007a783
 00190913
 08078e63
 0007a783
 00190913
 08078863
 0007a783
 00190913
 08078263
 0007a783
 00190913
 06078c63
 0007a783
 00190913
 06078663
 072b8463
 0007a783
 00190913
 00090593
 04078c63
 0007a783
 00190913
 04078663
 0007a783
 00258913
 04078063
 0007a783
 00358913
 02078a63
 0007a783
 00458913
 02078463
 0007a783
 00558913
 00078e63
 0007a783
 00658913
 00078863
 0007a783
 00758913
 f8079ee3
 00040a13
 000b8993
 00078413
 02090e63
 04098e63
 04040c63
 00442583
 004a2503
 000d0613
 000b00e7
 04a05263
 00040613
 00042403
 fff98993
 02048463
 00c4a023
 00060493
 fc0916e3
 02098a63
 02040a63
 00040613
 fff98993
 00042403
 fe0490e3
 00060a93
 00060493
 fddff06f
 000a0613
 fff90913
 000a2a03
 fc1ff06f
 e80412e3
 0004a023
 019c0c63
 001b9b93
 000a8413
 e61ff06f
 00002023
 00100073
 02c12083
 02812403
 02412483
 02012903
 01c12983
 01812a03
 01012b03
 00c12b83
 00812c03
 00412c83
 00012d03
 000a8513
 01412a83
 03010113
 00008067
 00050613
 00451503
 fe010113
 00812c23
 00112e23
 00912a23
 01212823
 01312623
 01412423
 01512223
 02462403
 24a05663
 00058493
 00000893
 00000e13
 00000e93
 00000813
 0ff8fa13
 1e04c263
 22040e63
 00040793
 00c0006f
 0007a783
 00078863
 0047a283
 00229383
 fe9398e3
 00000693
 00c0006f
 00040693
 00090413
 00042903
 00d42023
 fe0918e3
 1c078463
 0047a983
 001e8313
 01031a93
 00099f03
 010ade93
 001f7f93
 000f8c63
 409f5713
 00177093
 00180833
 01081293
 0102d813
 0007a383
 00038c63
 0003a683
 00d7a023
 00042783
 00f3a023
 00742023
 0004c863
 00148493
 01049713
 41075493
 00188893
 01089093
 4100d893
 f51518e3
 002e9513
 41c50eb3
 01d802b3
 01029813
 01085913
 00b05c63
 000015b7
 00040513
 c0c58593
 cb5ff0ef
 00050413
 00042383
 00040993
 0003aa83
 0043a303
 004aa603
 000aa683
 00c3a223
 006aa223
 00d3a023
 000aa023
 0c04c063
 0049aa03
 002a1f03
 009f0a63
 0009a983
 fe0998e3
 00042983
 02098463
 00442f83
 00090593
 000f9503
 024070ef
 0009a983
 00050913
 fe0994e3
 00042983
 004aa303
 0049a703
 0009a083
 000018b7
 00eaa223
 0069a223
 001aa023
 0159a023
 00040513
 00000613
 a7c88593
 c19ff0ef
 00052403
 00050a93
 02040063
 004aa503
 00090593
 00051503
 7c9060ef
 00042403
 00050913
 fe0414e3
 01c12083
 01812403
 01412483
 00c12983
 00812a03
 00412a83
 00090513
 01012903
 02010113
 00008067
 0049a783
 0007ce03
 f54e0ce3
 0009a983
 fe0998e3
 00042983
 f40994e3
 f69ff06f
 04040e63
 00040793
 00c0006f
 0007a783
 e20788e3
 0047a703
 00074083
 fe1a18e3
 e21ff06f
 0046a903
 001e0e13
 010e1993
 00190303
 0109de13
 00137a93
 01580f33
 010f1f93
 010fd813
 e65ff06f
 00000a13
 00058493
 00000913
 e89ff06f
 00002783
 00100073
 fe010113
 01212823
 00058913
 01400593
 00812c23
 01312623
 00112e23
 00060993
 00912a23
 43d040ef
 ffe50513
 00351813
 010902b3
 ffff86b7
 00092023
 00592223
 08068793
 00251593
 00f29023
 00029123
 01090793
 00b283b3
 00890413
 00428613
 3657f063
 00828713
 34777c63
 00092423
 00892023
 00c92623
 fff6c093
 fff00313
 00629223
 00129323
 28050663
 01099893
 ffff8e37
 00357493
 0108df93
 00000693
 fffe4813
 10048663
 00100e93
 0bd48463
 00200f13
 05e48463
 00878593
 0255fe63
 00470613
 02767a63
 003f9693
 0087a023
 0786f413
 00f92023
 00841093
 00e7a223
 0080e333
 00671023
 01071123
 00078413
 00060713
 00058793
 00100693
 00878493
 0454f863
 00470893
 0478f463
 01069e13
 010e5e93
 01fecf33
 003f1593
 0785f613
 007ef093
 0087a023
 00166433
 00f92023
 00841313
 00e7a223
 00836e33
 01c71023
 01071123
 00078413
 00088713
 00048793
 00168693
 00878493
 0454f863
 00470893
 0478f463
 01069e93
 010edf13
 01ff45b3
 00359613
 07867093
 007f7313
 0087a023
 0060e433
 00f92023
 00841e13
 00e7a223
 008e6eb3
 01d71023
 01071123
 00078413
 00088713
 00048793
 00168693
 16d50463
 00878493
 0454f863
 00470893
 0478f463
 01069f13
 010f5593
 01f5c633
 00361093
 0780f313
 0075fe13
 0087a023
 01c36433
 00f92023
 00841e93
 00e7a223
 008eef33
 01e71023
 01071123
 00078413
 00088713
 00048793
 00878493
 00168693
 0454f863
 00470893
 0478f463
 01069593
 0105d093
 01f0c633
 00361313
 07837e93
 0070fe13
 0087a023
 01cee433
 00f92023
 00841f13
 00e7a223
 008f65b3
 00b71023
 01071123
 00078413
 00088713
 00048793
 00878493
 00168893
 0454f863
 00470093
 0470f463
 01089613
 01065313
 01f34eb3
 003e9e13
 078e7f13
 00737593
 0087a023
 00bf6433
 00f92023
 00841893
 00e7a223
 0088e633
 00c71023
 01071123
 00078413
 00008713
 00048793
 00878493
 00268093
 0454f863
 00470313
 04737463
 01009e93
 010ede13
 01fe4f33
 003f1593
 0785f893
 007e7613
 0087a023
 00c8e433
 00f92023
 00841093
 00e7a223
 0080eeb3
 01d71023
 01071123
 00078413
 00030713
 00048793
 00368693
 ead510e3
 00042483
 06048e63
 00500593
 141040ef
 000042b7
 20000e93
 00100893
 fff28613
 0280006f
 0004af03
 100e8593
 011e1123
 00048413
 01059493
 00188893
 0104de93
 040f0063
 000f0493
 700ef393
 0119cfb3
 01f3e833
 00442e03
 00c87333
 fca8e4e3
 0004af03
 100e8593
 00048413
 006e1123
 01059493
 00188893
 0104de93
 fc0f14e3
 01812403
 00001537
 01c12083
 01412483
 00c12983
 a7c50593
 00090513
 01012903
 00000613
 02010113
 f84ff06f
 00040793
 00060713
 00000413
 cbdff06f
 fa010113
 04912a23
 03712e23
 04112e23
 04812c23
 05212823
 05312623
 05412423
 05512223
 05612023
 03812c23
 03912a23
 03a12823
 03b12623
 00d12e23
 00050493
 00100b93
 00060463
 00060b93
 fff58593
 ffc5fb13
 004b0793
 00f12823
 00000413
 26048863
 00040d93
 00140413
 00040593
 00040513
 7f0040ef
 00351513
 fe9564e3
 000d8593
 000d8513
 7dc040ef
 01012703
 00151393
 00712a23
 00770633
 00c12423
 01b12c23
 1a0d8c63
 01012683
 00812803
 000108b7
 fffd8993
 00000a93
 00000a13
 00100913
 410684b3
 fff88413
 01312623
 000b8513
 00090593
 78c040ef
 41f55d13
 010d5e13
 00812c83
 01c50eb3
 001a9b93
 008eff33
 01091f93
 019b8cb3
 010fd593
 41cf0bb3
 01758b33
 010b1793
 0107d293
 00b28333
 005c9023
 01948533
 0ff37393
 fffd8c13
 00751023
 00100d13
 001c7993
 00190b13
 002c8c13
 11bd7263
 04098e63
 000b0593
 000b8513
 71c040ef
 41f55713
 01075693
 00d50633
 010b1893
 00867833
 0108d993
 40d80bb3
 01798d33
 010d1e13
 010e5e93
 013e8f33
 01848c33
 01dc9123
 0fff7f93
 01fc1023
 00200d13
 00290b13
 004c8c13
 0bbd7463
 000b0593
 000b8513
 6c4040ef
 41f55c93
 010cd593
 00b507b3
 0087f2b3
 010b1313
 01035393
 40b28533
 00a38733
 01071693
 0106d813
 00780633
 010c1023
 001b0993
 018488b3
 0ff67b93
 01789023
 00098593
 67c040ef
 41f55e13
 010e5e93
 01d50533
 00857f33
 01099f93
 010fdc93
 41df0bb3
 017c85b3
 01059793
 0107d293
 002c0313
 019283b3
 005c1123
 00648733
 0ff3f693
 00d71023
 002d0d13
 002b0b13
 004c0c13
 f7bd60e3
 00190093
 00000913
 000d8463
 00c12903
 001a0a13
 00190933
 01ba8ab3
 e7ba6ce3
 00812a83
 01412a03
 01c12c03
 01012803
 014a84b3
 01812603
 fff48413
 ffc47d13
 05c12083
 05812403
 004d0b13
 015c2423
 016c2623
 010c2223
 00cc2023
 05412483
 05012903
 04c12983
 04812a03
 04412a83
 04012b03
 03c12b83
 03812c03
 03412c83
 03012d03
 000d8513
 02c12d83
 06010113
 00008067
 006b0093
 fff00293
 00200313
 00112423
 00512c23
 fff00d93
 00612a23
 dbdff06f
 fb010113
 04812423
 04912223
 fffff437
 04112623
 05212023
 03312e23
 03412c23
 03512a23
 03612823
 03712623
 03812423
 03912223
 03a12023
 01b12e23
 00c12423
 00d12623
 00058493
 00876433
 00051463
 3880106f
 40a002b3
 00151093
 01071313
 00c08a33
 00129793
 00070d93
 00050e93
 01035913
 00f12023
 000a0713
 00000a93
 00229b13
 00012383
 00e386b3
 40d70533
 ffe50593
 0015d613
 00160813
 00787893
 00068f93
 0a088463
 00100b93
 09788663
 00200c13
 07888a63
 00300c93
 05988e63
 00400d13
 05a88263
 00500e13
 03c88663
 00600f13
 01e88a63
 0006d983
 00268f93
 013900b3
 00169023
 000fd283
 002f8f93
 00590333
 fe6f9f23
 000fd783
 002f8f93
 00f903b3
 fe7f9f23
 000fd503
 002f8f93
 00a905b3
 febf9f23
 000fd603
 002f8f93
 00c90833
 ff0f9f23
 000fd883
 002f8f93
 01190bb3
 ff7f9f23
 000fdc03
 002f8f93
 01890cb3
 ff9f9f23
 07f70663
 000fdd03
 002fdf03
 004fd983
 006fde03
 008fd083
 00afd383
 00cfd583
 00efd783
 01a902b3
 01e90833
 01390533
 01c90bb3
 00190333
 007908b3
 00b90633
 00f90c33
 005f9023
 010f9123
 00af9223
 017f9323
 006f9423
 011f9523
 00cf9623
 018f9723
 010f8f93
 f9f71ee3
 001a8c93
 41668733
 019e8663
 000c8a93
 ec1ff06f
 00000c13
 00012223
 00012683
 002c1993
 009989b3
 01468bb3
 417a0fb3
 ffef8e93
 001edd13
 001d0f13
 007f7e13
 000b8d13
 0e0e0063
 00100093
 0a1e0e63
 00200393
 087e0e63
 00300593
 06be0e63
 00400793
 04fe0e63
 00500293
 025e0e63
 00600813
 010e0e63
 000b9503
 000d8593
 002b8d13
 33c040ef
 00a9a023
 00498993
 000d1503
 000d8593
 002d0d13
 324040ef
 00a9a023
 00498993
 000d1503
 000d8593
 002d0d13
 30c040ef
 00a9a023
 00498993
 000d1503
 000d8593
 002d0d13
 2f4040ef
 00a9a023
 00498993
 000d1503
 000d8593
 002d0d13
 2dc040ef
 00a9a023
 00498993
 000d1503
 000d8593
 002d0d13
 2c4040ef
 00a9a023
 00498993
 000d1503
 000d8593
 002d0d13
 2ac040ef
 00a9a023
 00498993
 0b4d0663
 000d1503
 000d8593
 010d0d13
 290040ef
 00050313
 ff2d1503
 000d8593
 0069a023
 27c040ef
 00050893
 ff4d1503
 000d8593
 0119a223
 268040ef
 00050613
 ff6d1503
 000d8593
 00c9a423
 254040ef
 00050713
 ff8d1503
 000d8593
 00e9a623
 240040ef
 00050693
 ffad1503
 000d8593
 00d9a823
 22c040ef
 00050f93
 ffcd1503
 000d8593
 01f9aa23
 218040ef
 00050e93
 ffed1503
 000d8593
 01d9ac23
 204040ef
 00a9ae23
 02098993
 f54d1ee3
 00412503
 019c0c33
 416b8a33
 00150f13
 01550663
 01e12223
 e39ff06f
 002c9b93
 017489b3
 41900e33
 00098693
 00000513
 00000313
 00000893
 00000593
 003e1a13
 00db00b3
 401683b3
 ffc38793
 0027d293
 00128813
 00787d13
 00008713
 280d0c63
 00100d93
 13bd0a63
 00200613
 10cd0063
 00300f93
 0dfd0663
 00400e93
 09dd0c63
 00500f13
 07ed0263
 00600c13
 038d0863
 00030713
 0000a303
 01051513
 01055b93
 006888b3
 791446e3
 00672e33
 01cb83b3
 01039793
 4107d513
 00408713
 00030813
 00072303
 01051d13
 010d5d93
 006888b3
 3b144863
 00682633
 00cd8fb3
 010f9e93
 410ed513
 00470713
 00030b93
 00072303
 01051513
 01055393
 006888b3
 37144863
 006bae33
 01c387b3
 01079293
 4102d513
 00470713
 00030d13
 00072303
 01051d93
 010dd613
 006888b3
 33144863
 006d2fb3
 01f60eb3
 010e9f13
 410f5513
 00470713
 00030393
 00072303
 01051513
 01055793
 006888b3
 2f144863
 0063ae33
 01c782b3
 01029813
 41085513
 00470713
 00030d93
 00072303
 01051613
 01065f93
 006888b3
 2b144863
 006daeb3
 01df8f33
 010f1c13
 410c5513
 00470713
 00030793
 00072303
 01051513
 01055293
 006888b3
 27144863
 0067ae33
 01c28833
 01081d13
 410d5513
 00470713
 12e69863
 00158d93
 414086b3
 2d558263
 000d8593
 e69ff06f
 00472283
 00ae8793
 01079513
 41055393
 00000f13
 01039e13
 005f0f33
 00470713
 010e5813
 13e45863
 00472c03
 00a80893
 01089f93
 410fde93
 00000f13
 010e9313
 018f0d33
 01035b93
 13a44863
 0182a3b3
 007b87b3
 00872d83
 01079513
 41055813
 01081613
 01bd03b3
 01065f93
 12744863
 01bc2eb3
 01df8f33
 00c72783
 010f1c13
 410c5b93
 010b9513
 00f38eb3
 01055293
 13d44863
 00fdae33
 01c28833
 01072f03
 01081d13
 410d5f93
 010f9c13
 01ee8833
 010c5313
 13044863
 01e7abb3
 017303b3
 01472e03
 01039793
 4107d293
 01029d13
 01c803b3
 010d5d93
 12744863
 01cf2633
 01872303
 00cd8fb3
 010f9e93
 410edb93
 010b9793
 006388b3
 0107d513
 13144863
 006e22b3
 00550833
 01081e13
 410e5513
 01c70713
 ece68ce3
 00072603
 01051f93
 010fde93
 00c88f33
 ede44ce3
 00c32333
 00472283
 006e8c33
 010c1b93
 410bd393
 01039e13
 005f0f33
 00470713
 010e5813
 ede44ce3
 00562d33
 01a80db3
 00472c03
 010d9613
 41065e93
 010e9313
 018f0d33
 01035b93
 eda45ce3
 00872d83
 00ab8293
 01029e13
 410e5813
 00000d13
 01081613
 01bd03b3
 01065f93
 ec745ce3
 00c72783
 00af8893
 01089313
 41035b93
 00000393
 010b9513
 00f38eb3
 01055293
 edd45ce3
 01072f03
 00a28d93
 010d9613
 41065f93
 00000e93
 010f9c13
 01ee8833
 010c5313
 ed045ce3
 01472e03
 00a30893
 01089513
 41055293
 00000813
 01029d13
 01c803b3
 010d5d93
 ec745ce3
 01872303
 00ad8f13
 010f1c13
 410c5b93
 00000393
 010b9793
 006388b3
 0107d513
 ed145ce3
 00a50893
 01089d13
 410d5513
 00000893
 ed5ff06f
 00a28893
 01089d93
 410dd513
 00000893
 d95ff06f
 00af8b93
 010b9393
 4103d513
 00000893
 d55ff06f
 00a78893
 01089d13
 410d5513
 00000893
 d15ff06f
 00a60c13
 010c1b93
 410bd513
 00000893
 cd5ff06f
 00a38893
 01089813
 41085513
 00000893
 c95ff06f
 00ad8f13
 010f1c13
 410c5513
 00000893
 c55ff06f
 00000593
 034060ef
 00c12683
 00812603
 00048593
 00050c13
 000c8513
 01d040ef
 00000513
 00000313
 00000893
 00000593
 013b00b3
 40198633
 ffc60f93
 002fde93
 001e8f13
 007f7b93
 00008693
 280b8c63
 00100393
 127b8a63
 00200793
 10fb8063
 00300293
 0c5b8663
 00400813
 090b8c63
 00500e13
 07cb8263
 00600d13
 03ab8863
 00030713
 0000a303
 01051513
 01055d93
 006888b3
 31144ee3
 006726b3
 00dd8633
 01061f93
 410fd513
 00408693
 00030f13
 0006a303
 01051b93
 010bd393
 006888b3
 3b144863
 006f27b3
 00f382b3
 01029813
 41085513
 00468693
 00030713
 0006a303
 01051513
 01055d93
 006888b3
 37144863
 00672633
 00cd8fb3
 010f9e93
 410ed513
 00468693
 00030b93
 0006a303
 01051393
 0103d793
 006888b3
 33144863
 006ba2b3
 00578833
 01081e13
 410e5513
 00468693
 00030d93
 0006a303
 01051513
 01055613
 006888b3
 2f144863
 006dafb3
 01f60eb3
 010e9f13
 410f5513
 00468693
 00030393
 0006a303
 01051793
 0107d293
 006888b3
 2b144863
 0063a833
 01028e33
 010e1d13
 410d5513
 00468693
 00030613
 0006a303
 01051513
 01055f93
 006888b3
 27144863
 00662eb3
 01df8f33
 010f1b93
 410bd513
 00468693
 12d99863
 00158393
 414089b3
 2d558263
 00038593
 e69ff06f
 0046af83
 00a80613
 01061513
 41055d93
 00000e13
 010d9e93
 01fe0e33
 00468693
 010edf13
 13c45863
 0046ad03
 00af0893
 01089293
 4102d813
 00000e13
 01081313
 01ae0bb3
 01035713
 13744863
 01afadb3
 01b70633
 0086a383
 01061513
 41055f13
 010f1793
 007b8db3
 0107d293
 13b44863
 007d2833
 01028e33
 00c6a603
 010e1d13
 410d5713
 01071513
 00cd8833
 01055f93
 13044863
 00c3aeb3
 01df8f33
 0106ae03
 010f1b93
 410bd293
 01029d13
 01c80eb3
 010d5313
 13d44863
 01c62733
 00e30db3
 0146af03
 010d9613
 41065f93
 010f9b93
 01ee8db3
 010bd393
 13b44863
 01ee27b3
 0186a303
 00f382b3
 01029813
 41085713
 01071613
 006d88b3
 01065f93
 13144863
 006f2533
 00af8eb3
 010e9f13
 410f5513
 01c68693
 ecd98ce3
 0006a783
 01051293
 0102d813
 00f88e33
 edc44ce3
 00f32333
 0046af83
 00680d33
 010d1713
 41075d93
 010d9e93
 01fe0e33
 00468693
 010edf13
 edc44ce3
 01f7abb3
 017f03b3
 0046ad03
 01039793
 4107d813
 01081313
 01ae0bb3
 01035713
 ed745ce3
 0086a383
 00a70f93
 010f9e93
 410edf13
 00000b93
 010f1793
 007b8db3
 0107d293
 edb45ce3
 00c6a603
 00a28893
 01089313
 41035713
 00000d93
 01071513
 00cd8833
 01055f93
 ed045ce3
 0106ae03
 00af8393
 01039793
 4107d293
 00000813
 01029d13
 01c80eb3
 010d5313
 edd45ce3
 0146af03
 00a30893
 01089513
 41055f93
 00000e93
 010f9b93
 01ee8db3
 010bd393
 edb45ce3
 0186a303
 00a38e13
 010e1d13
 410d5713
 00000d93
 01071613
 006d88b3
 01065f93
 ed145ce3
 00af8893
 01089b93
 410bd513
 00000893
 ed5ff06f
 00af8893
 01089393
 4103d513
 00000893
 d95ff06f
 00a28713
 01071d93
 410dd513
 00000893
 d55ff06f
 00a60893
 01089b93
 410bd513
 00000893
 d15ff06f
 00a78d13
 010d1713
 41075513
 00000893
 cd5ff06f
 00ad8893
 01089f13
 410f5513
 00000893
 c95ff06f
 00a38e13
 010e1d13
 410d5513
 00000893
 c55ff06f
 000c0593
 3b1050ef
 00c12683
 00812603
 00048593
 00050993
 000c8513
 5f4040ef
 00000a13
 00000513
 00000593
 00000893
 00000a93
 002a1b13
 01648c33
 00058093
 000c2583
 fffc8793
 01051813
 00b888b3
 0037f293
 01085e13
 63145a63
 00ae0313
 01031613
 41065513
 00000893
 00100e13
 004c0313
 1f9e7063
 12028c63
 07c28663
 00200f93
 03f28a63
 00058e93
 004c2583
 01051513
 01055f13
 00b888b3
 67144463
 00beabb3
 017f06b3
 01069393
 4103d513
 001e0e13
 00430313
 00058c13
 00032583
 01051093
 0100d793
 00b888b3
 61144863
 00bc22b3
 00578833
 01081d13
 410d5513
 001e0e13
 00430313
 00058613
 00032583
 01051f93
 010fde93
 00b888b3
 5b144263
 00b62533
 00ae8f33
 010f1b93
 410bd513
 001e0e13
 00430313
 099e6c63
 1380006f
 00432d83
 00a08d13
 010d1713
 41075813
 00000893
 001e0613
 01b88c33
 01081e13
 00430313
 010e5f93
 0b845463
 00432b03
 00af8b93
 010b9693
 4106d393
 00000c13
 01039093
 016c0e33
 0100d793
 0bc44463
 016da5b3
 00b782b3
 00832583
 01029813
 41085713
 01071d93
 00be08b3
 010ddf93
 0b144463
 00bb2eb3
 01df8533
 01051f13
 00360e13
 410f5513
 00c30313
 0b9e7463
 00032b03
 01051c13
 010c5093
 016888b3
 f71440e3
 0165a5b3
 00432d83
 00b087b3
 01079293
 4102d813
 001e0613
 01b88c33
 01081e13
 00430313
 010e5f93
 f78440e3
 01bb2eb3
 01df8533
 00432b03
 01051f13
 410f5393
 01039093
 016c0e33
 0100d793
 f7c450e3
 00a78893
 00832583
 01089d13
 410d5713
 00000e13
 01071d93
 00be08b3
 010ddf93
 f71450e3
 00af8b93
 010b9693
 00360e13
 4106d513
 00000893
 00c30313
 f79e60e3
 001a8a93
 019a0a33
 dd9aece3
 00098593
 151050ef
 00c12683
 00812603
 00048593
 00050993
 000c8513
 664040ef
 00000a13
 00000513
 00000593
 00000893
 00000a93
 002a1613
 00c483b3
 00058c13
 0003a583
 fffc8b13
 01051793
 00b888b3
 003b7093
 0107d293
 3d145063
 00a28d93
 010d9f93
 410fd513
 00000893
 00100e13
 00438313
 1f9e7063
 12008c63
 07c08663
 00200e93
 03d08a63
 00058f13
 0043a583
 01051513
 01055b93
 00b888b3
 3f144a63
 00bf26b3
 00db8633
 01061393
 4103d513
 001e0e13
 00430313
 00058b13
 00032583
 01051093
 0100d793
 00b888b3
 39144e63
 00bb22b3
 00578833
 01081d13
 410d5513
 001e0e13
 00430313
 00058f93
 00032583
 01051e93
 010edf13
 00b888b3
 35144c63
 00bfa533
 00af0bb3
 010b9693
 4106d513
 001e0e13
 00430313
 099e6c63
 1380006f
 00432d83
 00a08d13
 010d1713
 41075813
 00000893
 01081f93
 01b88b33
 001e0e13
 00430313
 010fdf13
 0b645463
 00432c03
 00af0693
 01069613
 41065393
 00000b13
 01039093
 018b0fb3
 0100d893
 0bf44463
 018da5b3
 00b887b3
 00832583
 01079293
 4102d713
 01071d93
 00bf88b3
 010ddf13
 0b144463
 00bc2eb3
 01df0533
 01051b93
 003e0e13
 410bd513
 00c30313
 0b9e7463
 00032c03
 01051b13
 010b5093
 018888b3
 f71440e3
 0185a5b3
 00432d83
 00b087b3
 01079293
 4102d813
 01081f93
 01b88b33
 001e0e13
 00430313
 010fdf13
 f76440e3
 01bc2eb3
 01df0533
 00432c03
 01051b93
 410bd393
 01039093
 018b0fb3
 0100d893
 f7f450e3
 00a88813
 00832583
 01081d13
 410d5713
 00000f93
 01071d93
 00bf88b3
 010ddf13
 f71450e3
 00af0693
 01069613
 003e0e13
 41065513
 00000893
 00c30313
 f79e60e3
 001a8a93
 019a0a33
 dd9aece3
 00098593
 6f0050ef
 00000413
 00000493
 00812a03
 00141993
 fffc8b13
 013a0ab3
 000ad383
 00100593
 007b7093
 41238c33
 018a9023
 002a8613
 1395f863
 0c008063
 0ab08263
 00200793
 08f08463
 00300293
 06508663
 00400813
 05008863
 00500d13
 03a08a63
 00600713
 00e08c63
 002adf83
 00200593
 004a8613
 412f8db3
 01ba9123
 00065f03
 00158593
 00260613
 412f0eb3
 ffd61f23
 00065b83
 00158593
 00260613
 412b86b3
 fed61f23
 00065883
 00158593
 00260613
 41288e33
 ffc61f23
 00065303
 00158593
 00260613
 412309b3
 ff361f23
 00065a03
 00158593
 00260613
 412a0ab3
 ff561f23
 00065383
 00260613
 00158593
 41238b33
 ff661f23
 0795f863
 00065c03
 00265083
 00465783
 00665803
 00865d03
 00a65f83
 00c65d83
 00e65703
 412c0f33
 412082b3
 41278eb3
 41280bb3
 412d0e33
 412f88b3
 412d86b3
 41270333
 01e61023
 00561123
 01d61223
 01761323
 01c61423
 01161523
 00d61623
 00661723
 00858593
 01060613
 f995ece3
 00148493
 01940433
 eb94e0e3
 04c12083
 04812403
 01051913
 04412483
 03c12983
 03812a03
 03412a83
 03012b03
 02c12b83
 02812c03
 02412c83
 02012d03
 01c12d83
 41095513
 04012903
 05010113
 00008067
 00bc2833
 01028d33
 010d1713
 41075513
 c45ff06f
 00b0ad33
 01ae0733
 01071d93
 410dd513
 9d1ff06f
 00ae8693
 01069393
 4103d513
 00000893
 a61ff06f
 00af0613
 01061393
 4103d513
 00000893
 cadff06f
 00a78713
 01071d93
 410dd513
 00000893
 c69ff06f
 00a78713
 01071d93
 410dd513
 00000893
 9f5ff06f
 00ab8893
 01089c13
 410c5513
 00000893
 c11ff06f
 00af0893
 01089b13
 410b5513
 00000893
 99dff06f
 00ab8893
 01089293
 4102d513
 00000893
 878ff06f
 00ad8893
 01089e93
 410ed513
 00000893
 ce8ff06f
 00000593
 470050ef
 00c12983
 00812903
 00050a13
 00098693
 00090613
 00048593
 00000513
 451030ef
 000a0593
 00000513
 444050ef
 00098693
 00090613
 00050a93
 00048593
 00000513
 689030ef
 000a8593
 00000513
 420050ef
 00050b13
 00048593
 00098693
 00090613
 00000513
 134040ef
 000b0593
 00000513
 3fc050ef
 e79ff06f
 ff010113
 00812423
 00852683
 00060413
 00058713
 00452603
 00c52583
 00052503
 00112623
 b85fe0ef
 00040593
 00812403
 00c12083
 01010113
 3bc0506f
 fe010113
 01312623
 01c52983
 00112e23
 00812c23
 00912a23
 01212823
 01412423
 01512223
 02052c23
 02052e23
 1c098263
 0039f793
 00050413
 00000493
 0a078e63
 00100713
 06e78c63
 00200093
 02178c63
 00100593
 9c8fe0ef
 03845583
 00100493
 3b5040ef
 fff00593
 02a41c23
 00040513
 9acfe0ef
 03845583
 39d040ef
 02a41c23
 02a41d23
 00100593
 00040513
 990fe0ef
 03845583
 381040ef
 fff00593
 02a41c23
 00040513
 978fe0ef
 03845583
 369040ef
 02a41c23
 18048063
 00148493
 00100593
 00040513
 958fe0ef
 03845583
 349040ef
 fff00593
 02a41c23
 00040513
 940fe0ef
 03845583
 331040ef
 02a41c23
 12048c63
 00148493
 0e998e63
 00100593
 00040513
 91cfe0ef
 03845583
 00148913
 309040ef
 02a41c23
 fff00593
 00040513
 900fe0ef
 03845583
 2f1040ef
 00050293
 02541c23
 00100593
 00040513
 00049463
 02541d23
 8dcfe0ef
 03845583
 2cd040ef
 02a41c23
 fff00593
 00040513
 8c4fe0ef
 03845583
 2b5040ef
 02a41c23
 00091463
 02a41d23
 00100593
 00040513
 8a4fe0ef
 03845583
 00190a93
 00290a13
 28d040ef
 fff00593
 02a41c23
 00040513
 884fe0ef
 03845583
 00390493
 271040ef
 00050313
 02641c23
 00100593
 00040513
 000a9463
 02641d23
 85cfe0ef
 03845583
 24d040ef
 fff00593
 02a41c23
 00040513
 844fe0ef
 03845583
 235040ef
 02a41c23
 020a0863
 f09996e3
 01c12083
 01812403
 01412483
 01012903
 00c12983
 00812a03
 00412a83
 00000513
 02010113
 00008067
 02a41d23
 ec999ee3
 fd1ff06f
 02a41d23
 00148493
 ec9996e3
 fc1ff06f
 02a41d23
 00148493
 e81ff06f
 00500793
 04a7ec63
 0000d2b7
 00251513
 97c28313
 006503b3
 0003a583
 00058067
 0000e637
 93862503
 00008067
 0000e8b7
 9408a503
 00008067
 0000e837
 93c82503
 00008067
 0000d737
 14472503
 00008067
 0000d6b7
 1406a503
 00008067
 00000513
 00008067
 00000513
 00008067
 fff50313
 00100793
 00060893
 1c67f663
 00158593
 01059293
 0102d593
 0000d637
 0035d393
 00700e93
 0075f693
 00000713
 99460613
 00800f93
 00400813
 00100e13
 02c00f13
 0033f793
 15d68863
 16d86a63
 ffd68393
 01039293
 00279793
 0102d693
 00f603b3
 14de6663
 0103a683
 00900793
 00800393
 00f702b3
 1662fa63
 ff010113
 00812623
 0340006f
 0e886663
 ffd40693
 01069793
 00239413
 0107d293
 008603b3
 0c5e6263
 0103a683
 00900293
 00800393
 005702b3
 0862fa63
 0006c403
 00e887b3
 00878023
 0016c703
 00e780a3
 0026c403
 00878123
 0036c703
 00e781a3
 03038463
 0046c403
 00878223
 0056c703
 00e782a3
 0066c403
 00878323
 01f39663
 0076c683
 00d783a3
 00158593
 007783b3
 01059793
 0107d593
 01e38023
 00028713
 0075f413
 0035d293
 0032f393
 f7d410e3
 00239693
 00900293
 00d607b3
 005702b3
 0307a683
 00800393
 f662eae3
 04a77263
 00c12403
 40e50633
 00000593
 00e88533
 01010113
 5a00006f
 0003a683
 00500293
 00400393
 f41ff06f
 00239413
 008603b3
 0203a683
 00900293
 00800393
 f29ff06f
 00c12403
 01010113
 00008067
 00279293
 005603b3
 0303a683
 00900793
 00800393
 ec9ff06f
 0003a683
 00500793
 00400393
 eb9ff06f
 00279293
 005606b3
 0206a683
 00900793
 00800393
 ea1ff06f
 00000713
 40e50633
 00000593
 00e88533
 5180006f
 fea768e3
 00008067
 00052783
 00050813
 00000513
 0007c683
 00078713
 0c068c63
 02c00513
 00178713
 2aa68863
 0005a883
 fd068613
 0ff67293
 00900313
 00188393
 0a536e63
 0075a023
 0017c303
 16030063
 00278793
 14a30a63
 fd030613
 02e00f13
 00900f93
 02c00893
 0ff67293
 03e30663
 0c5fe063
 00174303
 00178513
 00078713
 12030463
 29130863
 fd030613
 00050793
 0ff67293
 fde31ee3
 0105a383
 00500513
 00138e13
 01c5a823
 00174303
 00078713
 04030263
 02c00713
 00178393
 20e30863
 04500e93
 00900f13
 02c00f93
 fd030893
 0df37293
 0ff8f693
 0dd28e63
 1adf7063
 0145a783
 00038713
 00100513
 00178613
 00c5aa23
 00e82023
 00008067
 02b00e13
 05c68663
 02d00e93
 05d68263
 02e00f13
 19e68463
 0045af83
 0075a023
 00100513
 001f8793
 00f5a223
 00e82023
 00008067
 0105a683
 00078713
 00100513
 00168793
 00f5a823
 00e82023
 00008067
 0075a023
 0017c883
 1a088663
 00278713
 1aa88263
 0085a603
 fd088693
 0ff6f293
 00900513
 00160313
 00557e63
 02e00393
 12788c63
 0065a423
 00100513
 00e82023
 00008067
 0065a423
 0027c303
 00030a63
 02c00e93
 00170793
 ebd31ae3
 00078713
 00400513
 f45ff06f
 0145a503
 00150e13
 01c5aa23
 0017ce83
 120e8463
 02c00f13
 00138713
 13ee8063
 00c5af83
 fd5e8893
 0fd8f293
 001f8693
 00d5a623
 00028863
 00100513
 00e82023
 00008067
 0013c603
 0e060e63
 00238713
 0fe60a63
 0185a303
 fd060793
 0ff7f513
 00130e93
 00900e13
 01d5ac23
 fcae66e3
 0023c603
 0a060e63
 00338513
 0be60863
 00900393
 02c00f13
 fd060f93
 0ffff893
 0113fe63
 0045a283
 00050713
 00100513
 00128693
 00d5a223
 e99ff06f
 00174603
 00150313
 00050713
 06060a63
 09e60c63
 00030513
 fc5ff06f
 0017c303
 00138713
 00038793
 04030263
 05f30263
 00070393
 e39ff06f
 0075a023
 0017c303
 02030863
 00278393
 02a30263
 00070793
 e11ff06f
 0065a423
 0027c303
 00030a63
 02c00e13
 00170393
 ffc312e3
 00038713
 00500513
 e21ff06f
 00000513
 e19ff06f
 00050713
 00700513
 e0dff06f
 00038713
 00300513
 e01ff06f
 00600513
 df9ff06f
 00200513
 df1ff06f
 00030713
 00700513
 de5ff06f
 00050713
 00400513
 dd9ff06f
 f8010113
 06812c23
 06912a23
 07212823
 07312623
 07412423
 07512223
 07612023
 06112e23
 05712e23
 00058a13
 0005c583
 01412623
 02012823
 00012823
 02012a23
 02012c23
 02012e23
 04012023
 04012223
 04012423
 04012623
 00012a23
 00012c23
 00012e23
 02012023
 02012223
 02012423
 02012623
 03010493
 00050a93
 00060b13
 00068993
 00070913
 00078413
 14058863
 00c10b93
 00048593
 000b8513
 c4dff0ef
 00251293
 05010793
 00578333
 00c12703
 fc032383
 00074503
 00138613
 fcc32023
 fc051ae3
 01412623
 015a0ab3
 000a4583
 000a0813
 115a7c63
 000a0893
 02c00693
 00c0006f
 01012623
 00084583
 0165c0b3
 00d58663
 00188023
 00c12803
 01280833
 00080893
 ff5860e3
 000a4e03
 01412623
 000a0393
 00c10b93
 040e0063
 00048593
 000b8513
 bc5ff0ef
 00251e93
 05010f13
 01df0fb3
 00c12b03
 fc0fa583
 000b4803
 00158293
 fc5fa023
 fc081ae3
 01412623
 000a0393
 035a7663
 02c00b93
 000a4783
 0137c333
 01778663
 006a0023
 00c12383
 012383b3
 00712623
 00038a13
 ff53e0e3
 01010a93
 00048b13
 000aa503
 00040593
 004a8a93
 550040ef
 00050593
 000b2503
 004b0b13
 540040ef
 00050413
 fd549ee3
 07c12083
 07812403
 07412483
 07012903
 06c12983
 06812a03
 06412a83
 06012b03
 05c12b83
 08010113
 00008067
 00aa0ab3
 000a0813
 ef5a6ae3
 f99ff06f
 f20598e3
 f91ff06f
 00f00313
 00050713
 02c37e63
 00f77793
 0a079063
 08059263
 ff067693
 00f67613
 00e686b3
 00b72023
 00b72223
 00b72423
 00b72623
 01070713
 fed766e3
 00061463
 00008067
 40c306b3
 00269693
 00000297
 005686b3
 00c68067
 00b70723
 00b706a3
 00b70623
 00b705a3
 00b70523
 00b704a3
 00b70423
 00b703a3
 00b70323
 00b702a3
 00b70223
 00b701a3
 00b70123
 00b700a3
 00b70023
 00008067
 0ff5f593
 00859693
 00d5e5b3
 01059693
 00d5e5b3
 f6dff06f
 00279693
 00000297
 005686b3
 00008293
 fa0680e7
 00028093
 ff078793
 40f70733
 00f60633
 f6c378e3
 f3dff06f
 00b506b3
 00050793
 00059863
 0240006f
 00178793
 00f68a63
 0007c703
 fe071ae3
 40a78533
 00008067
 40a68533
 00008067
 00000513
 00008067
 00050f13
 00058e13
 00000813
 0005dc63
 00a037b3
 40b005b3
 40f58e33
 40a00f33
 fff00813
 0006da63
 00c035b3
 40d006b3
 40b686b3
 40c00633
 00060713
 00068793
 000f0513
 000e0593
 24069463
 0000d6b7
 a8868693
 0ece7663
 000108b7
 0d167863
 0ff00893
 00c8f463
 00800793
 00f658b3
 011686b3
 0006c303
 00f30333
 02000793
 406788b3
 00678c63
 011e15b3
 006f5333
 01161733
 00b365b3
 011f1533
 01075313
 0265f6b3
 01071613
 01065613
 01055793
 0265d5b3
 01069693
 00f6e7b3
 02b605b3
 00b7fa63
 00e787b3
 00e7e663
 00b7f463
 00e787b3
 40b787b3
 0267f6b3
 01051513
 01055513
 0267d7b3
 01069693
 00a6e533
 02f607b3
 00f57a63
 00e50533
 00e56663
 00f57463
 00e50533
 40f50533
 01155533
 00000593
 00080a63
 00a037b3
 40b005b3
 40f585b3
 40a00533
 00008067
 010008b7
 01000793
 f3166ce3
 01800793
 f31ff06f
 00061663
 00100713
 02f75733
 00010637
 12c77663
 0ff00613
 00e67463
 00800793
 00f75633
 00c686b3
 0006c303
 40ee05b3
 00f30333
 02000793
 406788b3
 08678663
 01171733
 006e5633
 01075693
 011e15b3
 006f5333
 00b36333
 01071593
 0105d593
 01035e13
 011f1533
 02d677b3
 02d65633
 01079793
 01c7e7b3
 02c58633
 00c7fa63
 00e787b3
 00e7e663
 00c7f463
 00e787b3
 40c78633
 02d677b3
 01031313
 01035313
 02d65633
 01079793
 02c58633
 0067e5b3
 00c5fa63
 00e585b3
 00e5e663
 00c5f463
 00e585b3
 40c585b3
 01075613
 02c5f7b3
 01071693
 0106d693
 01055313
 02c5d5b3
 01079793
 0067e7b3
 02b685b3
 00b7fa63
 00e787b3
 00e7e663
 00b7f463
 00e787b3
 40b785b3
 02c5f7b3
 01051513
 01055513
 02c5d5b3
 01079793
 00a7e533
 02b685b3
 00b57a63
 00e50533
 00e56663
 00b57463
 00e50533
 40b50533
 e95ff06f
 01000637
 01000793
 ecc76ee3
 01800793
 ed5ff06f
 e8de62e3
 000107b7
 04f6f863
 0ff00313
 00d337b3
 00379793
 0000d737
 00f6d8b3
 a8870713
 01170733
 00074303
 00f30333
 02000793
 406788b3
 02679a63
 01c6e463
 e4cf62e3
 40cf0533
 40de05b3
 00af3f33
 41e585b3
 e31ff06f
 01000737
 01000793
 fae6ece3
 01800793
 fb1ff06f
 006657b3
 011696b3
 00d7e6b3
 006e5fb3
 006f57b3
 011f1533
 0106df13
 011e15b3
 03efde33
 01161eb3
 00b7e7b3
 01069593
 0105d593
 0107d713
 03eff633
 03c58fb3
 01061613
 00e66733
 000e0613
 01f77e63
 00d70733
 fffe0613
 00d76863
 01f77663
 ffee0613
 00d70733
 41f70733
 03e77e33
 01079793
 0107d793
 03e75733
 010e1e13
 00fe6e33
 02e585b3
 00070793
 00be7e63
 00de0e33
 fff70793
 00de6863
 00be7663
 ffe70793
 00de0e33
 01061613
 00010fb7
 00f66633
 40be05b3
 ffff8e13
 01c67f33
 010ed713
 01065613
 01cefe33
 03cf07b3
 03c60e33
 02ef0f33
 02e60633
 01cf0f33
 0107d713
 01e70733
 01c77463
 01f60633
 01075e13
 00ce0633
 00010e37
 fffe0e13
 01c77733
 01071713
 01c7f7b3
 00f707b3
 00c5e663
 00c59e63
 00f57c63
 41d78eb3
 01d7b7b3
 00d787b3
 40f60633
 000e8793
 40f507b3
 00f53533
 40c585b3
 40a585b3
 00659333
 0117d533
 00a36533
 0115d5b3
 cc9ff06f
 00050893
 00058793
 00060813
 00068513
 00088313
 28069463
 0000d6b7
 a8868693
 0ec5f663
 00010737
 0ce67863
 0ff00713
 00c73733
 00371713
 00e65533
 00a686b3
 0006c683
 02000513
 00e68733
 40e506b3
 00e50c63
 00d795b3
 00e8d733
 00d61833
 00b765b3
 00d89333
 01085893
 0315d6b3
 01081613
 01065613
 01035793
 0315f733
 00068513
 02d605b3
 01071713
 00f767b3
 00b7fe63
 010787b3
 fff68513
 0107e863
 00b7f663
 ffe68513
 010787b3
 40b787b3
 0317f733
 01031313
 01035313
 0317d7b3
 01071713
 00676333
 02f606b3
 00078613
 00d37c63
 00680333
 fff78613
 01036663
 00d37463
 ffe78613
 01051513
 00c56533
 00000593
 0e40006f
 01000537
 01000713
 f2a66ce3
 01800713
 f31ff06f
 00061663
 00100713
 02c75833
 00010737
 0ce87063
 0ff00713
 01077463
 00800513
 00a85733
 00e686b3
 0006c703
 02000613
 00a70733
 40e606b3
 0ae61663
 410787b3
 00100593
 01085893
 01081613
 01065613
 01035713
 0317f6b3
 0317d7b3
 01069693
 00e6e733
 02f60e33
 00078513
 01c77e63
 01070733
 fff78513
 01076863
 01c77663
 ffe78513
 01070733
 41c70733
 031777b3
 01031313
 01035313
 03175733
 01079793
 0067e333
 02e606b3
 00070613
 00d37c63
 00680333
 fff70613
 01036663
 00d37463
 ffe70613
 01051513
 00c56533
 00008067
 01000737
 01000513
 f4e864e3
 01800513
 f41ff06f
 00d81833
 00e7d533
 00d89333
 00d797b3
 00e8d733
 01085893
 00f76633
 03157733
 01081793
 0107d793
 01065593
 03155533
 01071713
 00b76733
 02a786b3
 00050593
 00d77e63
 01070733
 fff50593
 01076863
 00d77663
 ffe50593
 01070733
 40d706b3
 0316f733
 01061613
 01065613
 0316d6b3
 01071713
 02d78533
 00c767b3
 00068713
 00a7fe63
 010787b3
 fff68713
 0107e863
 00a7f663
 ffe68713
 010787b3
 01059593
 40a787b3
 00e5e5b3
 eb9ff06f
 18d5e663
 00010737
 04e6f463
 0ff00713
 00d735b3
 00359593
 0000d737
 00b6d533
 a8870713
 00a70733
 00074703
 02000513
 00b70733
 40e505b3
 02e51663
 00100513
 eef6eee3
 00c8b533
 00154513
 ef1ff06f
 01000737
 01000593
 fce6e0e3
 01800593
 fb9ff06f
 00e65833
 00b696b3
 00d86833
 00e7de33
 01085e93
 03de76b3
 00b797b3
 00e8d733
 00b61333
 00f76633
 01081793
 0107d793
 01065713
 03de5e33
 01069693
 00e6e733
 03c78f33
 000e0513
 01e77e63
 01070733
 fffe0513
 01076863
 01e77663
 ffee0513
 01070733
 41e70733
 03d776b3
 03d75733
 01069693
 02e78e33
 01061793
 0107d793
 00f6e7b3
 00070613
 01c7fe63
 010787b3
 fff70613
 0107e863
 01c7f663
 ffe70613
 010787b3
 01051513
 00010eb7
 00c56533
 fffe8693
 00d57833
 01055613
 00d376b3
 01035313
 41c787b3
 02d80e33
 02d606b3
 010e5713
 02680833
 00d80833
 01070733
 02660633
 00d77463
 01d60633
 01075693
 00c68633
 02c7e663
 cec79ce3
 000107b7
 fff78793
 00f77733
 01071713
 00fe7e33
 00b898b3
 01c70733
 00000593
 dae8fee3
 fff50513
 ccdff06f
 00000593
 00000513
 da9ff06f
 00050e93
 00058313
 00060813
 00068793
 22069a63
 0000d737
 a8870713
 0cc5fc63
 000106b7
 0ad67e63
 0ff00693
 00c6f463
 00800793
 00f656b3
 00d70733
 00074703
 00f707b3
 02000713
 40f708b3
 00f70c63
 011315b3
 00fed7b3
 01161833
 00b7e5b3
 011e9533
 01085693
 02d5f7b3
 01081613
 01065613
 01055713
 02d5d5b3
 01079793
 00e7e733
 02b605b3
 00b77a63
 01070733
 01076663
 00b77463
 01070733
 40b70733
 02d777b3
 01051513
 01055513
 02d75733
 01079793
 00a7e533
 02e60733
 00e57a63
 01050533
 01056663
 00e57463
 01050533
 40e50533
 01155533
 00000593
 00008067
 010006b7
 01000793
 f4d666e3
 01800793
 f45ff06f
 00061663
 00100693
 02c6d833
 000106b7
 12d87663
 0ff00693
 0106f463
 00800793
 00f856b3
 00d70733
 00074603
 410305b3
 00f60633
 02000793
 40c788b3
 08c78663
 01181833
 00c357b3
 011315b3
 01085313
 00ced633
 00b66633
 01081593
 0105d593
 011e9533
 0267d6b3
 0267f733
 01065793
 02d586b3
 01071713
 00f76733
 00d77a63
 01070733
 01076663
 00d77463
 01070733
 40d706b3
 0266f733
 01061613
 01065613
 0266d6b3
 01071713
 02d586b3
 00c765b3
 00d5fa63
 010585b3
 0105e663
 00d5f463
 010585b3
 40d585b3
 01085693
 02d5f733
 01081793
 0107d793
 01055613
 02d5d5b3
 01071713
 00c76733
 02b785b3
 00b77a63
 01070733
 01076663
 00b77463
 01070733
 40b705b3
 02d5f733
 01051513
 01055513
 02d5d5b3
 02b785b3
 01071793
 00a7e533
 00b57a63
 01050533
 01056663
 00b57463
 01050533
 40b50533
 ea9ff06f
 010006b7
 01000793
 ecd86ee3
 01800793
 ed5ff06f
 e8d5ece3
 000107b7
 04f6f863
 0ff00893
 00d8b7b3
 00379793
 0000d737
 00f6d833
 a8870713
 01070733
 00074883
 00f888b3
 02000793
 41178833
 03179a63
 0066e463
 e4ceece3
 40ce8533
 40d305b3
 00aebeb3
 41d585b3
 e45ff06f
 01000737
 01000793
 fae6ece3
 01800793
 fb1ff06f
 011657b3
 010696b3
 00d7ee33
 01135f33
 011ed7b3
 010e9533
 010e5e93
 010315b3
 03df5333
 00b7e7b3
 010e1593
 0105d593
 0107d713
 01061633
 03df76b3
 02658f33
 01069693
 00e6e733
 00030693
 01e77e63
 01c70733
 fff30693
 01c76863
 01e77663
 ffe30693
 01c70733
 41e70733
 03d77333
 01079793
 0107d793
 03d75733
 01031313
 00f36333
 02e585b3
 00070793
 00b37e63
 01c30333
 fff70793
 01c36863
 00b37663
 ffe70793
 01c30333
 01069693
 00010f37
 00f6e6b3
 40b305b3
 ffff0313
 0066feb3
 01065713
 0106d693
 00667333
 026e87b3
 02668333
 02ee8eb3
 02e686b3
 006e8eb3
 0107d713
 01d70733
 00677463
 01e686b3
 01075313
 00d306b3
 00010337
 fff30313
 00677733
 01071713
 0067f7b3
 00f707b3
 00d5e663
 00d59e63
 00f57c63
 40c78633
 00c7b7b3
 01c787b3
 40f686b3
 00060793
 40f507b3
 00f53533
 40d585b3
 40a585b3
 011598b3
 0107d533
 00a8e533
 0105d5b3
 cddff06f
 fd010113
 01312e23
 0145d993
 02812423
 02912223
 01412c23
 01512a23
 01712623
 00c59493
 02112623
 03212023
 01612823
 7ff9f993
 00050413
 00060b93
 00068a93
 00c4d493
 01f5da13
 0a098263
 7ff00793
 10f98063
 01d55793
 00349493
 0097e4b3
 008007b7
 00f4e4b3
 00351913
 c0198993
 00000b13
 014ad513
 00ca9413
 7ff57513
 00c45413
 01fada93
 10050063
 7ff00793
 16f50063
 01dbd793
 00341413
 0087e433
 008007b7
 00f46433
 c0150513
 003b9793
 00000713
 002b1693
 00e6e6b3
 00a98533
 fff68693
 00e00813
 015a4633
 00150593
 14d86c63
 0000d537
 00269693
 9d450513
 00a686b3
 0006a683
 00068067
 00a4e933
 06090c63
 04048063
 00048513
 1e5010ef
 ff550713
 01c00793
 02e7cc63
 01d00793
 ff850913
 40e787b3
 012494b3
 00f457b3
 0097e4b3
 01241933
 c0d00993
 40a989b3
 f41ff06f
 1ad010ef
 02050513
 fc5ff06f
 fd850493
 009414b3
 00000913
 fddff06f
 00a4e933
 02090263
 00050913
 7ff00993
 00300b13
 f11ff06f
 00000493
 00000993
 00100b13
 f01ff06f
 00000493
 7ff00993
 00200b13
 ef1ff06f
 017467b3
 06078e63
 04040063
 00040513
 149010ef
 ff550693
 01c00793
 02d7ce63
 01d00713
 ff850793
 40d70733
 00f41433
 00ebd733
 00876433
 00fb97b3
 c0d00713
 40a70533
 ee5ff06f
 000b8513
 10d010ef
 02050513
 fc1ff06f
 fd850413
 008b9433
 00000793
 fd9ff06f
 017467b3
 02078263
 000b8793
 7ff00513
 00300713
 eb1ff06f
 00000413
 00000513
 00100713
 ea1ff06f
 00000413
 7ff00513
 00200713
 e91ff06f
 00010f37
 ffff0e93
 01095713
 0107d893
 01d97933
 01d7f7b3
 03288833
 02f906b3
 02f70fb3
 01f80333
 0106d813
 00680833
 03170e33
 01f87463
 01ee0e33
 01085393
 01d87833
 01d6f6b3
 01045f13
 01d472b3
 01081813
 00d80833
 02570eb3
 025906b3
 032f0933
 01d90333
 0106d913
 00690933
 03e70733
 01d97663
 00010337
 00670733
 01095e93
 000109b7
 00ee8eb3
 fff98713
 00e97933
 00e6f6b3
 0104d413
 01091913
 00e4f4b3
 02978733
 00d90933
 012383b3
 02f40333
 029886b3
 028887b3
 006688b3
 01075693
 011686b3
 0066f463
 013787b3
 0106d893
 000109b7
 00f88fb3
 fff98793
 029288b3
 00f6f6b3
 00f77733
 01069693
 00e686b3
 025407b3
 029f04b3
 028f0333
 00f484b3
 0108d413
 009404b3
 00f4f463
 01330333
 000107b7
 fff78793
 00f4f733
 00f8f8b3
 01071713
 007e0e33
 01170733
 012e3933
 01d70733
 01270433
 00de0e33
 00de36b3
 01f408b3
 00d88f33
 01d73733
 01243433
 00876433
 0104d493
 01f8b8b3
 00df36b3
 00940433
 00d8e6b3
 00d40433
 00640433
 017f5793
 00941413
 00f46433
 009e1793
 0107e7b3
 00f037b3
 017e5e13
 009f1713
 01c7e7b3
 00e7e7b3
 01000737
 00e47733
 10070663
 0017d713
 0017f793
 00f767b3
 01f41713
 00e7e7b3
 00145413
 3ff58693
 0ed05a63
 0077f713
 02070063
 00f7f713
 00400513
 00a70a63
 00478713
 00f737b3
 00f40433
 00070793
 01000737
 00e47733
 00070a63
 ff000737
 fff70713
 00e47433
 40058693
 7fe00713
 16d74a63
 0037d713
 01d41793
 00e7e7b3
 00345413
 01469713
 00c41413
 7ff006b7
 00d77733
 00c45413
 00876433
 01f61613
 02c12083
 00c46733
 02812403
 02412483
 02012903
 01c12983
 01812a03
 01412a83
 01012b03
 00c12b83
 00078513
 00070593
 03010113
 00008067
 000a0613
 00048413
 00090793
 000b0713
 00200693
 0ed70c63
 00300693
 0cd70e63
 00100693
 f2d714e3
 00000413
 00000793
 08c0006f
 000a8613
 fd9ff06f
 00050593
 f0dff06f
 00100513
 40d50533
 03800713
 fca74ce3
 01f00713
 06a74663
 41e58593
 00b41733
 00a7d6b3
 00b797b3
 00d76733
 00f037b3
 00f767b3
 00a45433
 0077f713
 02070063
 00f7f713
 00400693
 00d70a63
 00478713
 00f737b3
 00f40433
 00070793
 00800737
 00e47733
 06071a63
 01d41713
 0037d793
 00f767b3
 00345413
 00000693
 eedff06f
 fe100713
 40d70733
 02000813
 00e45733
 00000693
 01050663
 43e58593
 00b416b3
 00f6e7b3
 00f037b3
 00f767b3
 00000413
 f89ff06f
 00080437
 00000793
 7ff00693
 00000613
 ea5ff06f
 00000413
 00000793
 7ff00693
 e95ff06f
 00000413
 00000793
 00100693
 e85ff06f
 00100837
 fff80813
 fe010113
 00b877b3
 0145d713
 00d87833
 0146d313
 00812c23
 00379793
 7ff77413
 01d55713
 00912a23
 00f767b3
 01f5d493
 01d65713
 00351593
 00381813
 00112e23
 01212823
 01312623
 7ff37313
 7ff00513
 01f6d693
 01076733
 00361613
 00a31663
 00c76533
 00051463
 0016c693
 40640833
 2c969863
 13005063
 04031063
 00c766b3
 70068c63
 fff80513
 02051063
 00c58633
 00b63533
 00e787b3
 00a787b3
 00060593
 00100413
 0700006f
 7ff00693
 02d81063
 7ff00413
 2140006f
 7ff00693
 20d40663
 008006b7
 00d76733
 00080513
 03800693
 0aa6cc63
 01f00693
 06a6ce63
 02000813
 40a80833
 010716b3
 00a658b3
 01061633
 0116e6b3
 00c03633
 00c6e633
 00a75733
 00b60633
 00b63533
 00f70733
 00a707b3
 00060593
 00800737
 00e7f733
 1a070663
 00140413
 7ff00713
 5ce40a63
 ff800737
 fff70713
 00e7f7b3
 0015f513
 0015d713
 00a76533
 01f79593
 00a5e5b3
 0017d793
 1780006f
 fe050693
 02000893
 00d756b3
 00000813
 01150863
 04000813
 40a80533
 00a71833
 00c86633
 00c03633
 00c6e633
 00000713
 f7dff06f
 00c76633
 00c03633
 ff1ff06f
 0e080263
 40830533
 02041e63
 00b7e6b3
 52068c63
 fff50693
 00069c63
 00c585b3
 00e787b3
 00c5b633
 00c787b3
 ee1ff06f
 7ff00813
 03051263
 00070793
 00060593
 eddff06f
 7ff00693
 fed308e3
 008006b7
 00d7e7b3
 00050693
 03800513
 06d54e63
 01f00513
 04d54063
 02000813
 40d80833
 01079533
 00d5d8b3
 010595b3
 01156533
 00b035b3
 00b56533
 00d7d7b3
 00c505b3
 00e787b3
 00c5b633
 00c787b3
 00030413
 ee1ff06f
 fe068513
 02000893
 00a7d833
 00000513
 01168863
 04000513
 40d50533
 00a79533
 00b56533
 00a03533
 00a86533
 00000793
 fb9ff06f
 00b7e533
 00a03533
 ff1ff06f
 00140693
 7fe6f513
 08051863
 00b7e6b3
 06041463
 46068063
 00c766b3
 02068a63
 00c58633
 00e787b3
 00b63533
 00a787b3
 00800737
 00e7f733
 00060593
 00070a63
 ff800737
 fff70713
 00e7f7b3
 00100413
 0075f713
 42070c63
 00f5f713
 00400693
 42d70663
 00458713
 00b73533
 00a787b3
 00070593
 4180006f
 ec068ee3
 00c76633
 da060ce3
 00000493
 004007b7
 00000593
 7ff00413
 3f80006f
 7ff00513
 3ea68263
 00c58633
 00b63533
 00e787b3
 00a787b3
 01f79513
 00165613
 00c565b3
 0017d793
 00068413
 f8dff06f
 0f005c63
 08031e63
 00c766b3
 44068663
 fff80513
 02051063
 40c58633
 00c5b533
 40e787b3
 40a787b3
 00060593
 00100413
 0540006f
 7ff00693
 d2d80ce3
 03800693
 0aa6c663
 01f00693
 06a6c863
 02000813
 40a80833
 010716b3
 00a658b3
 01061633
 0116e6b3
 00c03633
 00c6e633
 00a75733
 40c58633
 00c5b533
 40e78733
 40a707b3
 00060593
 00800937
 0127f733
 ee070ee3
 fff90913
 0127f933
 00058993
 2140006f
 7ff00693
 eed402e3
 008006b7
 00d76733
 00080513
 f89ff06f
 fe050693
 02000893
 00d756b3
 00000813
 01150863
 04000813
 40a80533
 00a71833
 00c86633
 00c03633
 00c6e633
 00000713
 f89ff06f
 00c76633
 00c03633
 ff1ff06f
 0e080863
 40830533
 04041263
 00b7e833
 34080c63
 fff50813
 00081e63
 40b605b3
 40f707b3
 00b63633
 40c787b3
 00068493
 f05ff06f
 7ff00893
 03151463
 00070793
 00060593
 7ff00413
 0d00006f
 7ff00813
 ff0306e3
 00800837
 0107e7b3
 00050813
 03800513
 09054063
 01f00513
 05054263
 02000893
 410888b3
 01179533
 0105de33
 011595b3
 01c56533
 00b035b3
 00b56533
 0107d7b3
 40a605b3
 40f707b3
 00b63633
 40c787b3
 00030413
 00068493
 ee1ff06f
 fe080513
 02000e13
 00a7d8b3
 00000513
 01c80863
 04000513
 41050533
 00a79533
 00b56533
 00a03533
 00a8e533
 00000793
 fb5ff06f
 00b7e533
 00a03533
 ff1ff06f
 00140513
 7fe57513
 08051863
 00b7e833
 00c76533
 06041263
 00081c63
 26050663
 00070793
 00060593
 00068493
 d75ff06f
 d60508e3
 40c58833
 0105b8b3
 40e78533
 41150533
 008008b7
 011578b3
 00088c63
 40b605b3
 40f707b3
 00b63633
 40c787b3
 fc9ff06f
 00a865b3
 22058863
 00050793
 00080593
 d2dff06f
 00081c63
 22050263
 00070793
 00060593
 00068493
 afdff06f
 ae050ce3
 d41ff06f
 40c589b3
 0135b533
 40e78933
 40a90933
 00800537
 00a97533
 08050463
 40b609b3
 40f707b3
 01363633
 40c78933
 00068493
 08090263
 00090513
 719000ef
 ff850713
 01f00793
 08e7c063
 02000793
 40e787b3
 00e91933
 00f9d7b3
 0127e7b3
 00e995b3
 0a874463
 40870733
 00170693
 01f00613
 06d64263
 02000713
 40d70733
 00e79633
 00d5d533
 00e595b3
 00a66633
 00b035b3
 00b665b3
 00d7d7b3
 00000413
 c6dff06f
 0129e5b3
 f80596e3
 00000793
 00000413
 1480006f
 00098513
 699000ef
 02050513
 f7dff06f
 fd850793
 00f997b3
 00000593
 f91ff06f
 fe170713
 02000613
 00e7d733
 00000513
 00c68863
 04000513
 40d50533
 00a79533
 00a5e533
 00a03533
 00a765b3
 00000793
 f95ff06f
 40e40433
 ff800737
 fff70713
 00e7f7b3
 bf1ff06f
 00070793
 00060593
 00050413
 be1ff06f
 00070793
 00060593
 bd5ff06f
 7ff00413
 00000793
 00000593
 00800737
 00e7f733
 00070e63
 00140413
 7ff00713
 0ce40063
 ff800737
 fff70713
 00e7f7b3
 01d79713
 0035d513
 00a76533
 7ff00713
 0037d793
 00e41e63
 00f56533
 00000793
 00050863
 000807b7
 00000513
 00000493
 01441713
 7ff006b7
 00c79793
 01c12083
 01812403
 00d77733
 00c7d793
 01f49493
 00f767b3
 0097e733
 01012903
 01412483
 00c12983
 00070593
 02010113
 00008067
 00080413
 b2dff06f
 00070793
 00060593
 00050413
 da5ff06f
 00000793
 00000593
 00000493
 f49ff06f
 00000793
 ff5ff06f
 00000593
 00000493
 004007b7
 b35ff06f
 00000793
 00000593
 f49ff06f
 0145d713
 001006b7
 fff68793
 7ff77713
 3fe00613
 00b7f7b3
 01f5d593
 04e65e63
 41d00613
 00e65a63
 80000537
 fff54513
 00a58533
 00008067
 00d7e7b3
 43300693
 40e686b3
 01f00613
 02d64063
 bed70713
 00e797b3
 00d55533
 00a7e533
 02058063
 40a00533
 00008067
 41300513
 40e50533
 00a7d533
 fe9ff06f
 00000513
 00008067
 ff010113
 00112623
 00812423
 00912223
 08050663
 41f55793
 00a7c433
 40f40433
 01f55493
 00040513
 485000ef
 41e00713
 00a00793
 40a70733
 04a7c863
 00b00793
 40a787b3
 01550513
 00f457b3
 00a41433
 00048513
 00c79793
 01471713
 00c7d793
 01f51513
 00f767b3
 00c12083
 00a7e733
 00040513
 00812403
 00412483
 00070593
 01010113
 00008067
 ff550513
 00a417b3
 00048513
 00000413
 fbdff06f
 00000713
 00000793
 ff1ff06f
 fe010113
 00912a23
 01755493
 01212823
 01312623
 01412423
 00951993
 00112e23
 00812c23
 01512223
 0ff4f493
 00058a13
 0099d993
 01f55913
 08048463
 0ff00793
 0af48063
 00399993
 040007b7
 00f9e9b3
 f8148493
 00000a93
 017a5513
 009a1413
 0ff57513
 00945413
 01fa5a13
 08050a63
 0ff00793
 0af50663
 00341413
 040007b7
 00f46433
 f8150513
 00000793
 002a9693
 00f6e6b3
 fff68693
 00e00713
 01494633
 40a48533
 08d76e63
 0000d737
 a1070713
 00269693
 00e686b3
 0006a703
 00070067
 02098a63
 00098513
 33d000ef
 ffb50793
 f8a00493
 00f999b3
 40a484b3
 f79ff06f
 0ff00493
 00200a93
 f60988e3
 00300a93
 f69ff06f
 00000493
 00100a93
 f5dff06f
 02040a63
 00040513
 2fd000ef
 ffb50793
 00f41433
 f8a00793
 40a78533
 f6dff06f
 0ff00513
 00200793
 f60402e3
 00300793
 f5dff06f
 00000513
 00100793
 f51ff06f
 00541813
 1289f463
 fff50513
 00000693
 01085413
 0289d333
 000107b7
 fff78793
 00f877b3
 0106d693
 0289f733
 00030593
 026788b3
 01071713
 00e6e733
 01177e63
 01070733
 fff30593
 01076863
 01177663
 ffe30593
 01070733
 41170733
 028758b3
 02877733
 031786b3
 01071793
 00088713
 00d7fe63
 010787b3
 fff88713
 0107e863
 00d7f663
 ffe88713
 010787b3
 01059413
 40d787b3
 00e46433
 00f037b3
 00f46433
 07f50713
 0ce05e63
 00747793
 00078a63
 00f47793
 00400693
 00d78463
 00440413
 080007b7
 00f477b3
 00078a63
 f80007b7
 fff78793
 00f47433
 08050713
 0fe00793
 00345413
 06e7cc63
 01771793
 00941413
 7f800737
 00e7f7b3
 00945413
 0087e433
 01f61513
 01c12083
 00a46533
 01812403
 01412483
 01012903
 00c12983
 00812a03
 00412a83
 02010113
 00008067
 01f99693
 0019d993
 eddff06f
 00090613
 00098413
 000a8793
 00300713
 08e78863
 00100713
 08e78c63
 00200713
 f4e794e3
 00000413
 0ff00713
 f85ff06f
 000a0613
 fd9ff06f
 00400437
 00000613
 00300793
 fc9ff06f
 00100793
 40e787b3
 01b00713
 04f74e63
 09e50513
 00f457b3
 00a41433
 00803433
 0087e433
 00747793
 00078a63
 00f47793
 00400713
 00e78463
 00440413
 040007b7
 00f477b3
 00345413
 02078263
 00000413
 00100713
 f15ff06f
 00400437
 0ff00713
 00000613
 f05ff06f
 00000413
 00000713
 ef9ff06f
 01755693
 008007b7
 fff78793
 0175d713
 0ff6f693
 0ff00813
 00a7f633
 0ff77713
 00b7f7b3
 01f55513
 01f5d593
 01069863
 06060a63
 ffe00513
 00008067
 01071463
 fe079ae3
 06069263
 00071463
 04078863
 00060c63
 00b51463
 02d75063
 02050c63
 fff00513
 00008067
 fff00513
 00058a63
 00058513
 00008067
 00e6d663
 fe0502e3
 00008067
 fcc7ece3
 fef66ae3
 00000513
 00008067
 00100513
 00008067
 fe0608e3
 fbdff06f
 f8d70ee3
 fa0716e3
 fa0788e3
 fa5ff06f
 01755693
 008007b7
 fff78793
 0175d713
 0ff6f693
 0ff00813
 00a7f633
 0ff77713
 00b7f7b3
 01f55513
 01f5d593
 01069863
 06060a63
 00200513
 00008067
 01071463
 fe079ae3
 06069263
 00071463
 04078863
 00060c63
 00b51463
 02d75063
 02050c63
 fff00513
 00008067
 fff00513
 00058a63
 00058513
 00008067
 00e6d663
 fe0502e3
 00008067
 fcc7ece3
 fef66ae3
 00000513
 00008067
 00100513
 00008067
 fe0608e3
 fbdff06f
 f8d70ee3
 fa0716e3
 fa0788e3
 fa5ff06f
 fe010113
 01212823
 01755913
 00912a23
 01312623
 01412423
 00951493
 00112e23
 00812c23
 01512223
 0ff97913
 00058a13
 0094d493
 01f55993
 08090663
 0ff00793
 0af90263
 00349493
 040007b7
 00f4e4b3
 f8190913
 00000a93
 017a5513
 009a1413
 0ff57513
 00945413
 01fa5a13
 08050c63
 0ff00793
 0af50863
 00341413
 040007b7
 00f46433
 f8150513
 00000793
 002a9713
 00f76733
 00a90533
 fff70713
 00e00593
 0149c6b3
 00150613
 08e5ee63
 0000d5b7
 00271713
 a4c58593
 00b70733
 00072703
 00070067
 02048a63
 00048513
 69c000ef
 ffb50793
 f8a00913
 00f494b3
 40a90933
 f75ff06f
 0ff00913
 00200a93
 f60486e3
 00300a93
 f65ff06f
 00000913
 00100a93
 f59ff06f
 02040a63
 00040513
 65c000ef
 ffb50793
 00f41433
 f8a00793
 40a78533
 f69ff06f
 0ff00513
 00200793
 f60400e3
 00300793
 f59ff06f
 00000513
 00100793
 f4dff06f
 000107b7
 fff78313
 0104d713
 01045593
 0064f4b3
 00647433
 029408b3
 02870833
 02b70433
 029585b3
 0108d493
 010585b3
 00b484b3
 0104f463
 00f40433
 0064f7b3
 01079793
 0068f8b3
 011787b3
 00679713
 0104d493
 00e03733
 01a7d793
 00848433
 00f767b3
 00641413
 00f46433
 080007b7
 00f477b3
 08078e63
 00145793
 00147413
 0087e433
 07f60713
 08e05863
 00747793
 00078a63
 00f47793
 00400593
 00b78463
 00440413
 080007b7
 00f477b3
 00078a63
 f80007b7
 fff78793
 00f47433
 08060713
 0fe00793
 00345413
 0ae7da63
 00000413
 0ff00713
 0a80006f
 00098693
 00048413
 000a8793
 00200713
 fee782e3
 00300713
 08e78063
 00100713
 f8e796e3
 00000413
 00000713
 0780006f
 000a0693
 fd9ff06f
 00050613
 f71ff06f
 00100793
 40e787b3
 01b00713
 fcf74ce3
 09e60613
 00f457b3
 00c41433
 00803433
 0087e433
 00747793
 00078a63
 00f47793
 00400713
 00e78463
 00440413
 040007b7
 00f477b3
 00345413
 fa0780e3
 00000413
 00100713
 0100006f
 00400437
 0ff00713
 00000693
 01771793
 00941413
 7f800737
 00e7f7b3
 00945413
 0087e433
 01f69513
 01c12083
 00a46533
 01812403
 01412483
 01012903
 00c12983
 00812a03
 00412a83
 02010113
 00008067
 ff010113
 00112623
 00812423
 00912223
 0e050663
 41f55793
 00a7c433
 40f40433
 01f55493
 00040513
 43c000ef
 09e00793
 00050713
 40a78533
 09600793
 04a7c063
 00800793
 00e7d663
 ff870713
 00e41433
 00941413
 01751513
 00945413
 00856433
 01f49513
 00c12083
 00a46533
 00812403
 00412483
 01010113
 00008067
 09900793
 02a7d063
 00500793
 40e787b3
 01b70693
 00f457b3
 00d41433
 00803433
 0087e433
 00500793
 00e7d663
 ffb70793
 00f41433
 fc0006b7
 fff68693
 00747793
 00d476b3
 00078a63
 00f47413
 00400793
 00f40463
 00468693
 040007b7
 00f6f7b3
 00078c63
 fc0007b7
 fff78793
 00f6f6b3
 09f00793
 40e78533
 0036d413
 f59ff06f
 00000493
 00000413
 f4dff06f
 fe010113
 00112e23
 00812c23
 00912a23
 01212823
 01312623
 01412423
 00b567b3
 10078663
 00050413
 00058993
 06058063
 00058513
 328000ef
 00050493
 0be00913
 40990933
 09600793
 0527c863
 02800793
 0097d663
 fd848493
 00941433
 00941413
 01791513
 00945413
 01c12083
 00856533
 01812403
 01412483
 01012903
 00c12983
 00812a03
 02010113
 00008067
 2d0000ef
 02050493
 fa9ff06f
 09900793
 0327da63
 01b48613
 00040513
 00098593
 278000ef
 00b56533
 02500613
 00a03a33
 40960633
 00040513
 00098593
 224000ef
 00aa6433
 02500793
 0097d663
 fdb48793
 00f41433
 fc000537
 fff50513
 00747793
 00a47533
 00078a63
 00f47413
 00400793
 00f40463
 00450513
 040007b7
 00f577b3
 00078c63
 fc0007b7
 fff78793
 0bf00913
 00f57533
 40990933
 00355413
 f35ff06f
 00000413
 00000913
 f29ff06f
 01755713
 0ff77713
 ff010113
 00170793
 00812423
 00912223
 00951413
 00112623
 0fe7f793
 00945413
 01f55493
 04078263
 00345793
 38070713
 01d41413
 00c79793
 01471713
 00c7d793
 01f49513
 00f767b3
 00c12083
 00a7e733
 00040513
 00812403
 00412483
 00070593
 01010113
 00008067
 04071663
 00000793
 fc0402e3
 00040513
 1a4000ef
 00a00793
 02a7c263
 00b00793
 40a787b3
 01550713
 00f457b3
 00e41433
 38900713
 40a70733
 f95ff06f
 ff550793
 00f417b3
 00000413
 fe9ff06f
 00000793
 00040a63
 00345793
 00080737
 01d41413
 00e7e7b3
 7ff00713
 f65ff06f
 00050613
 00000513
 0015f693
 00068463
 00c50533
 0015d593
 00161613
 fe0596e3
 00008067
 06054063
 0605c663
 00058613
 00050593
 fff00513
 02060c63
 00100693
 00b67a63
 00c05863
 00161613
 00169693
 feb66ae3
 00000513
 00c5e663
 40c585b3
 00d56533
 0016d693
 00165613
 fe0696e3
 00008067
 00008293
 fb5ff0ef
 00058513
 00028067
 40a00533
 00b04863
 40b005b3
 f9dff06f
 40b005b3
 00008293
 f91ff0ef
 40a00533
 00028067
 00008293
 0005ca63
 00054c63
 f79ff0ef
 00058513
 00028067
 40b005b3
 fe0558e3
 40a00533
 f61ff0ef
 40b00533
 00028067
 02060063
 02000793
 40c787b3
 00f04c63
 fe060513
 00000713
 00a5d533
 00070593
 00008067
 00c5d733
 00c55533
 00f595b3
 00b56533
 fe9ff06f
 02060063
 02000793
 40c787b3
 00f04c63
 fe060593
 00000713
 00b515b3
 00070513
 00008067
 00c51733
 00c595b3
 00f55533
 00a5e5b3
 fe9ff06f
 000107b7
 02f57a63
 0ff00793
 00a7b7b3
 00379793
 0000d737
 02000693
 40f686b3
 00f55533
 a8870793
 00a78533
 00054503
 40a68533
 00008067
 01000737
 01000793
 fce56ae3
 01800793
 fcdff06f
 00050813
 48050663
 40a008b3
 00251713
 00e58733
 00289313
 00000593
 00000513
 00000f93
 00000e93
 00389893
 00e306b3
 40d707b3
 ffc78293
 0022d393
 00138e13
 007e7793
 00068e13
 28078a63
 00100f13
 13e78a63
 00200293
 10578063
 00300393
 0c778663
 00400f13
 09e78c63
 00500293
 06578263
 00600393
 02778863
 000f8e13
 0006af83
 01051513
 01055f13
 01fe8eb3
 3fd64663
 01fe27b3
 00ff02b3
 01029393
 4103d513
 00468e13
 000f8f13
 000e2f83
 01051513
 01055293
 01fe8eb3
 3bd64663
 01ff27b3
 00f283b3
 01039f13
 410f5513
 004e0e13
 000f8293
 000e2f83
 01051793
 0107d393
 01fe8eb3
 37d64663
 01f2af33
 01e38533
 01051293
 4102d513
 004e0e13
 000f8393
 000e2f83
 01051f13
 010f5513
 01fe8eb3
 33d64663
 01f3a2b3
 005507b3
 01079393
 4103d513
 004e0e13
 000f8293
 000e2f83
 01051513
 01055393
 01fe8eb3
 2fd64663
 01f2a7b3
 00f38f33
 010f1293
 4102d513
 004e0e13
 000f8393
 000e2f83
 01051793
 0107df13
 01fe8eb3
 2bd64663
 01f3a2b3
 005f0533
 01051393
 4103d513
 004e0e13
 000f8f13
 000e2f83
 01051293
 0102d513
 01fe8eb3
 27d64663
 01ff23b3
 007507b3
 01079f13
 410f5513
 004e0e13
 13c71663
 00158593
 41168733
 e6b818e3
 00008067
 004e2f83
 00af0513
 01051e93
 410edf13
 00000e93
 010f1793
 01fe8eb3
 004e0e13
 0107d293
 13d65863
 00a28e93
 004e2383
 010e9793
 4107d293
 00000e93
 01029f13
 007e8eb3
 010f5793
 13d64863
 007fafb3
 01f78533
 008e2f83
 01051293
 4102d793
 01079513
 01fe8eb3
 01055293
 13d64863
 01f3a3b3
 00728f33
 00ce2383
 010f1793
 4107d293
 01029f13
 007e8eb3
 010f5793
 13d64863
 007fafb3
 01f78533
 010e2f83
 01051293
 4102d793
 01079513
 01fe8eb3
 01055293
 13d64863
 01f3a3b3
 00728f33
 014e2383
 010f1793
 4107d293
 01029f13
 007e8eb3
 010f5793
 13d64863
 007fafb3
 01f78533
 018e2f83
 01051293
 4102d793
 01079513
 01fe8eb3
 01055293
 13d64863
 01f3a3b3
 00728f33
 010f1793
 4107d513
 01ce0e13
 edc70ee3
 000e2383
 01051513
 01055f13
 007e8eb3
 edd64ce3
 007fafb3
 01ff07b3
 004e2f83
 01079293
 4102df13
 010f1793
 01fe8eb3
 004e0e13
 0107d293
 edd64ce3
 01f3a3b3
 00728f33
 004e2383
 010f1513
 41055293
 01029f13
 007e8eb3
 010f5793
 edd65ce3
 00a78e93
 008e2f83
 010e9f13
 410f5793
 00000e93
 01079513
 01fe8eb3
 01055293
 edd65ce3
 00a28e93
 00ce2383
 010e9513
 41055293
 00000e93
 01029f13
 007e8eb3
 010f5793
 edd65ce3
 00a78e93
 010e2f83
 010e9f13
 410f5793
 00000e93
 01079513
 01fe8eb3
 01055293
 edd65ce3
 00a28e93
 014e2383
 010e9513
 41055293
 00000e93
 01029f13
 007e8eb3
 010f5793
 edd65ce3
 00a78e93
 018e2f83
 010e9f13
 410f5793
 00000e93
 01079513
 01fe8eb3
 01055293
 edd65ce3
 00a28e93
 010e9513
 41055513
 00000e93
 ed5ff06f
 00a50e93
 010e9293
 4102d513
 00000e93
 d99ff06f
 00af0e93
 010e9793
 4107d513
 00000e93
 d59ff06f
 00a38e93
 010e9513
 41055513
 00000e93
 d19ff06f
 00a50e93
 010e9f13
 410f5513
 00000e93
 cd9ff06f
 00a38e93
 010e9793
 4107d513
 00000e93
 c99ff06f
 00a28e93
 010e9513
 41055513
 00000e93
 c59ff06f
 00af0e93
 010e9e13
 410e5513
 00000e93
 c19ff06f
 00000513
 00008067
 24050a63
 fd010113
 03212023
 01712623
 00151913
 40a00bb3
 01412c23
 01512a23
 01612823
 01812423
 01912223
 01a12023
 001b9c93
 02112623
 02812423
 02912223
 01312e23
 00050b13
 00058c13
 00068d13
 01260933
 00000a13
 00000a93
 002b9b93
 019909b3
 413907b3
 ffe78093
 0010d293
 00128313
 002a1413
 00737393
 008c0433
 00098493
 0e038063
 00100713
 0ae38e63
 00200513
 08a38e63
 00300593
 06b38e63
 00400613
 04c38e63
 00500693
 02d38e63
 00600813
 01038e63
 00099503
 000d0593
 00298493
 911ff0ef
 00a42023
 00440413
 00049503
 000d0593
 00248493
 8f9ff0ef
 00a42023
 00440413
 00049503
 000d0593
 00248493
 8e1ff0ef
 00a42023
 00440413
 00049503
 000d0593
 00248493
 8c9ff0ef
 00a42023
 00440413
 00049503
 000d0593
 00248493
 8b1ff0ef
 00a42023
 00440413
 00049503
 000d0593
 00248493
 899ff0ef
 00a42023
 00440413
 00049503
 000d0593
 00248493
 881ff0ef
 00a42023
 00440413
 0a990663
 00049503
 000d0593
 01048493
 865ff0ef
 00050893
 ff249503
 000d0593
 01142023
 851ff0ef
 00050e13
 ff449503
 000d0593
 01c42223
 83dff0ef
 00050e93
 ff649503
 000d0593
 01d42423
 829ff0ef
 00050f13
 ff849503
 000d0593
 01e42623
 815ff0ef
 00050f93
 ffa49503
 000d0593
 01f42823
 801ff0ef
 00050793
 ffc49503
 000d0593
 00f42a23
 fecff0ef
 00050293
 ffe49503
 000d0593
 00542c23
 fd8ff0ef
 00a42e23
 02040413
 f4991ee3
 001a8a93
 016a0a33
 41798933
 e55b14e3
 02c12083
 02812403
 02412483
 02012903
 01c12983
 01812a03
 01412a83
 01012b03
 00c12b83
 00812c03
 00412c83
 00012d03
 03010113
 00008067
 00008067
 22050e63
 40a002b3
 01061693
 00151793
 00129393
 0106d693
 00f58633
 00000f93
 00229293
 00c385b3
 40b60733
 ffe70313
 00135813
 00180893
 0078fe13
 00058793
 0a0e0463
 00100e93
 09de0663
 00200f13
 07ee0a63
 00300713
 04ee0e63
 00400313
 046e0263
 00500813
 030e0663
 00600893
 011e0a63
 0005de03
 00258793
 01c68eb3
 01d59023
 0007df03
 00278793
 01e68733
 fee79f23
 0007d303
 00278793
 00668833
 ff079f23
 0007d883
 00278793
 01168e33
 ffc79f23
 0007de83
 00278793
 01d68f33
 ffe79f23
 0007d703
 00278793
 00e68333
 fe679f23
 0007d803
 00278793
 010688b3
 ff179f23
 14f60663
 ff010113
 00812623
 0007d403
 0027df03
 0047de83
 0067de03
 0087d303
 00a7d883
 00c7d803
 00e7d703
 00868433
 01e68f33
 01d68eb3
 01c68e33
 00668333
 011688b3
 01068833
 00e68733
 00879023
 01e79123
 01d79223
 01c79323
 00679423
 01179523
 01079623
 00e79723
 01078793
 f8f61ee3
 001f8f93
 40558633
 0df50263
 00c385b3
 40b607b3
 ffe78413
 00145f13
 001f0e93
 007efe13
 00058793
 f60e08e3
 00100313
 066e0e63
 00200893
 071e0263
 00300813
 050e0663
 00400713
 02ee0a63
 00500413
 008e0e63
 00600f13
 09ee1863
 0007d303
 00278793
 006688b3
 ff179f23
 0007d803
 00278793
 01068733
 fee79f23
 0007d403
 00278793
 00868f33
 ffe79f23
 0007de83
 00278793
 01d68e33
 ffc79f23
 0007d303
 00278793
 006688b3
 ff179f23
 0007d803
 00278793
 01068733
 fee79f23
 ecf61ee3
 001f8f93
 40558633
 f5f512e3
 00c12403
 01010113
 00008067
 001f8f93
 40558633
 dff516e3
 00008067
 0005de83
 00258793
 01d68e33
 01c59023
 f65ff06f
 24050c63
 fd010113
 03212023
 01612823
 00058913
 01812423
 00050b13
 00251c13
 01312e23
 01512a23
 01712623
 00068a93
 00060b93
 00000593
 000c0613
 00090513
 001b1993
 01412c23
 02112623
 02812423
 02912223
 01912223
 01890c33
 d99fc0ef
 013a89b3
 00000a13
 415987b3
 ffe78093
 0010d293
 00128313
 001a1413
 00737393
 008b8433
 000a8c93
 00000493
 0e038063
 00100713
 0ae38e63
 00200513
 08a38e63
 00300593
 06b38e63
 00400613
 04c38e63
 00500693
 02d38e63
 00600813
 01038e63
 00041503
 000a9583
 00240413
 002a8c93
 c58ff0ef
 00050493
 000c9583
 00041503
 002c8c93
 00240413
 c40ff0ef
 00a484b3
 000c9583
 00041503
 002c8c93
 00240413
 c28ff0ef
 00a484b3
 000c9583
 00041503
 002c8c93
 00240413
 c10ff0ef
 00a484b3
 000c9583
 00041503
 002c8c93
 00240413
 bf8ff0ef
 00a484b3
 000c9583
 00041503
 002c8c93
 00240413
 be0ff0ef
 00a484b3
 000c9583
 00041503
 002c8c93
 00240413
 bc8ff0ef
 00a484b3
 0b998663
 000c9583
 00041503
 010c8c93
 01040413
 bacff0ef
 00050893
 ff2c9583
 ff241503
 011484b3
 b98ff0ef
 00050e13
 ff4c9583
 ff441503
 01c484b3
 b84ff0ef
 00050e93
 ff6c9583
 ff641503
 01d484b3
 b70ff0ef
 00050f13
 ff8c9583
 ff841503
 01e484b3
 b5cff0ef
 00050f93
 ffac9583
 ffa41503
 01f484b3
 b48ff0ef
 00050793
 ffcc9583
 ffc41503
 00f484b3
 b34ff0ef
 00050293
 ffec9583
 ffe41503
 005484b3
 b20ff0ef
 00a484b3
 f5999ee3
 00992023
 00490913
 016a0a33
 e52c14e3
 02c12083
 02812403
 02412483
 02012903
 01c12983
 01812a03
 01412a83
 01012b03
 00c12b83
 00812c03
 00412c83
 03010113
 00008067
 00008067
 fa010113
 04112e23
 04812c23
 04912a23
 05212823
 05312623
 05412423
 05512223
 05612023
 03712e23
 03812c23
 03912a23
 03a12823
 03b12623
 00b12c23
 00d12e23
 24050a63
 00151413
 00251793
 00050c13
 00060b13
 008609b3
 00f12a23
 00012623
 00012823
 00c12083
 01812283
 01412603
 00209913
 01228933
 00000593
 00090513
 b19fc0ef
 01c12483
 00000b93
 416986b3
 ffe68313
 00135393
 00138513
 00757593
 00048a13
 000b0d93
 00000a93
 0e058063
 00100713
 0ae58e63
 00200613
 08c58e63
 00300813
 07058e63
 00400893
 05158e63
 00500c93
 03958e63
 00600d13
 01a58e63
 00049583
 000b1503
 002b0d93
 00848a33
 9dcff0ef
 00050a93
 000a1583
 000d9503
 008a0a33
 002d8d93
 9c4ff0ef
 00aa8ab3
 000a1583
 000d9503
 008a0a33
 002d8d93
 9acff0ef
 00aa8ab3
 000a1583
 000d9503
 008a0a33
 002d8d93
 994ff0ef
 00aa8ab3
 000a1583
 000d9503
 008a0a33
 002d8d93
 97cff0ef
 00aa8ab3
 000a1583
 000d9503
 008a0a33
 002d8d93
 964ff0ef
 00aa8ab3
 000a1583
 000d9503
 002d8d93
 008a0a33
 94cff0ef
 00aa8ab3
 0db98463
 000a1583
 000d9503
 008a0d33
 008d0a33
 930ff0ef
 00050e13
 000d1583
 002d9503
 01ca8cb3
 008a0ab3
 918ff0ef
 00050e93
 000a1583
 004d9503
 01dc8d33
 008a8a33
 900ff0ef
 00050f13
 000a9583
 006d9503
 01ed0cb3
 008a0ab3
 8e8ff0ef
 00050f93
 000a1583
 008d9503
 01fc8d33
 008a8a33
 8d0ff0ef
 00050793
 000a9583
 00ad9503
 00fd0cb3
 010d8d93
 8b8ff0ef
 00050293
 000a1583
 ffcd9503
 005c8ab3
 008a0d33
 8a0ff0ef
 00050693
 000d1583
 ffed9503
 00da8cb3
 008d0a33
 888ff0ef
 00ac8ab3
 f5b990e3
 01592023
 001b8093
 00490913
 00248493
 001c0663
 00008b93
 e25ff06f
 00c12303
 01012903
 008b0b33
 018303b3
 00712623
 00190493
 008989b3
 01790663
 00912823
 dd5ff06f
 05c12083
 05812403
 05412483
 05012903
 04c12983
 04812a03
 04412a83
 04012b03
 03c12b83
 03812c03
 03412c83
 03012d03
 02c12d83
 06010113
 00008067
 fb010113
 04112623
 04812423
 04912223
 05212023
 03312e23
 03412c23
 03512a23
 03612823
 03712623
 03812423
 03912223
 03a12023
 01b12e23
 00b12423
 00d12623
 1e050a63
 00151413
 00251793
 00050b93
 00060a93
 00860933
 00f12223
 00000c13
 00012023
 00812083
 00412603
 002c1a13
 01408a33
 00000593
 000a0513
 84dfc0ef
 00c12983
 00000b13
 415906b3
 ffe68293
 0012d313
 00130393
 0033f513
 00098493
 000a8d93
 00000d13
 08050e63
 00100613
 06c50263
 00200593
 02b50863
 00099583
 000a9503
 002a8d93
 008984b3
 f31fe0ef
 40555813
 40255713
 07f87593
 00f77513
 f1dfe0ef
 00050d13
 00049583
 000d9503
 008484b3
 002d8d93
 f05fe0ef
 40255893
 40555c93
 07fcf593
 00f8f513
 ef1fe0ef
 00ad0d33
 00049583
 000d9503
 002d8d93
 008484b3
 ed9fe0ef
 40555e93
 40255e13
 07fef593
 00fe7513
 ec5fe0ef
 00ad0d33
 0bb90c63
 00049583
 000d9503
 00848cb3
 008c84b3
 ea9fe0ef
 40555f93
 40255f13
 07fff593
 00ff7513
 e95fe0ef
 00050793
 000c9583
 002d9503
 00fd0d33
 00848cb3
 e7dfe0ef
 40555293
 40255693
 07f2f593
 00f6f513
 e69fe0ef
 00050313
 00049583
 004d9503
 006d04b3
 008d8d93
 e51fe0ef
 40255393
 40555513
 07f57593
 00f3f513
 e3dfe0ef
 00050613
 000c9583
 ffed9503
 00c48d33
 008c84b3
 e25fe0ef
 40255713
 40555593
 07f5f593
 00f77513
 e11fe0ef
 00ad0d33
 f5b918e3
 01aa2023
 001b0093
 004a0a13
 00298993
 001b8663
 00008b13
 e79ff06f
 00012a03
 008a8ab3
 017c0c33
 001a0993
 00890933
 016a0663
 01312023
 e35ff06f
 04c12083
 04812403
 04412483
 04012903
 03c12983
 03812a03
 03412a83
 03012b03
 02c12b83
 02812c03
 02412c83
 02012d03
 01c12d83
 05010113
 00008067
 f7010113
 00810613
 00410593
 04e10513
 08112623
 08812423
 08912223
 09212023
 07312e23
 07412c23
 07512a23
 07612823
 07712623
 07812423
 07912223
 07a12023
 05b12e23
 00012223
 84cf90ef
 00100513
 e9dfb0ef
 00050793
 00200513
 00f11623
 e8dfb0ef
 00050293
 00300513
 00511723
 e7dfb0ef
 00050313
 00400513
 00611823
 e6dfb0ef
 00050393
 00500513
 02712423
 e5dfb0ef
 5c050c63
 00050093
 02a12623
 00c12703
 5a071463
 01011583
 00059663
 06600613
 00c11823
 0020fd93
 0010fb13
 0040fb93
 01b03a33
 01703833
 014b0c33
 0000dab7
 010c05b3
 158a8c93
 7d000513
 01912a23
 04011623
 00008413
 ccdfe0ef
 02a12223
 000b0913
 00050993
 5a0b1a63
 580d9a63
 560b9a63
 22091463
 240d9263
 00447f93
 000f8a63
 02012603
 00c11583
 02412503
 e35fb0ef
 02812783
 04079e63
 00100913
 0080006f
 02812903
 00291293
 01228333
 00131393
 02712423
 df5f80ef
 00c10513
 b59fb0ef
 e11f80ef
 e35f80ef
 e5df80ef
 fc050ae3
 00050593
 00a00513
 c49fe0ef
 00050713
 02812503
 00170593
 c0dfe0ef
 02a12423
 db9f80ef
 00c10513
 b1dfb0ef
 dd5f80ef
 df9f80ef
 00050993
 00c11503
 00058a13
 00000593
 6b9000ef
 00050593
 00e11503
 6ad000ef
 00050593
 01011503
 6a1000ef
 00050593
 02411503
 695000ef
 000086b7
 b0568493
 00050913
 56950663
 42a4ee63
 00002837
 8f280a93
 57550863
 00005d37
 eafd0d93
 57b51c63
 0000de37
 c34e0513
 874f90ef
 00200893
 0000dcb7
 134cae83
 00000d93
 00000c13
 160e8e63
 0000df37
 00189f93
 958f0793
 01f78d33
 0000dbb7
 0000db37
 0000dab7
 0380006f
 05010293
 00828333
 ffc35583
 001c0c13
 134ca083
 01b58db3
 010c1613
 010d9813
 010d9893
 01065c13
 01085413
 4108dd93
 121c7663
 004c1413
 018402b3
 00229313
 05010393
 006384b3
 fdc4a703
 fe049e23
 00177693
 02068463
 ff64d603
 000d5683
 00d60e63
 000c0593
 cc4b8513
 fcdf80ef
 ffc4d503
 00150593
 feb49e23
 018400b3
 00209613
 05010813
 00c804b3
 fdc4ae83
 002ef893
 02088663
 ff84d603
 00cd5683
 02d60063
 000c0593
 cf4b0513
 f8df80ef
 ffc4de03
 fdc4ae83
 001e0f13
 ffe49e23
 018407b3
 004eff93
 00279413
 f20f8ae3
 05010393
 008384b3
 ffa4d603
 018d5683
 04d61a63
 ffc4d583
 f25ff06f
 00c11603
 01812583
 00098513
 e1df90ef
 02c12403
 02a12823
 00247d93
 dc0d82e3
 00e11e03
 00c11e83
 01c12583
 02412503
 010e1f13
 03410693
 01df6633
 9bcfa0ef
 02c12403
 d9dff06f
 000c0593
 d28a8513
 efdf80ef
 ffc4d703
 00170693
 01069513
 01055593
 feb49e23
 eb9ff06f
 00000413
 bb1fb0ef
 02412583
 0000dbb7
 00a40d33
 d58b8513
 ec9f80ef
 0000dab7
 00098593
 d70a8513
 eb9f80ef
 000a0593
 00098513
 bedf80ef
 0000de37
 00050593
 d88e0513
 e9df80ef
 010d1b13
 00098513
 000a0593
 010b5413
 bc9f80ef
 2e051c63
 00098513
 000a0593
 bb9f80ef
 00900993
 2ca9f863
 134ca583
 02812503
 01041f13
 410f5c13
 96dfe0ef
 0000dfb7
 00050593
 df8f8513
 e4df80ef
 0000d7b7
 0000d2b7
 e1078593
 e1c28513
 e39f80ef
 0000d337
 0000d3b7
 e3430593
 e6c38513
 e25f80ef
 0000d6b7
 0000d737
 e8470593
 e8c68513
 e11f80ef
 00090593
 0000d937
 ea490513
 e01f80ef
 02c12683
 0016f513
 04050863
 134ca583
 04058463
 00000493
 0000ddb7
 00449093
 00908633
 00261813
 05010893
 01088d33
 ff6d5603
 00048593
 ec0d8513
 00148b13
 dbdf80ef
 134cab83
 010b1a93
 010ad493
 fd74e6e3
 02c12683
 0026fe13
 040e0863
 134cae83
 240e8463
 00000913
 0000da37
 00491f13
 012f0fb3
 002f9793
 05010293
 00f28333
 ff835603
 00090593
 edca0513
 d6df80ef
 00190413
 134ca383
 01041713
 01075913
 fc7966e3
 02c12683
 0046f513
 04050663
 134ca583
 08058663
 00000493
 0000ddb7
 00449093
 00908633
 00261813
 05010893
 01088d33
 ffad5603
 00048593
 ef8d8513
 00148b13
 d15f80ef
 134cab83
 010b1a93
 010ad493
 fd74e6e3
 134cae03
 00000413
 0000d9b7
 020e0e63
 00441e93
 008e8a33
 002a1f13
 05010f93
 01ef87b3
 ff47d603
 00040593
 f1498513
 cd1f80ef
 00140313
 134ca283
 01031393
 0103d413
 fc5466e3
 100c0463
 0f805a63
 0000dc37
 f7cc0513
 ca9f80ef
 04e10513
 b8df80ef
 08c12083
 08812403
 08412483
 08012903
 07c12983
 07812a03
 07412a83
 07012b03
 06c12b83
 06812c03
 06412c83
 06012d03
 05c12d83
 00000513
 09010113
 00008067
 00009537
 a0250593
 10b90863
 0000fb37
 9f5b0c13
 15891063
 0000dbb7
 c68b8513
 c3df80ef
 00300893
 bc9ff06f
 00100693
 a6d714e3
 01011403
 a60410e3
 341534b7
 41548513
 00a12623
 a49ff06f
 00700093
 02112623
 a2dff06f
 00098593
 000c0513
 f0cfe0ef
 00ac8d33
 03a12023
 a80900e3
 ca1ff06f
 00098593
 000b0513
 ef0fe0ef
 00ac88b3
 01112e23
 a60b80e3
 fcdff06f
 01912c23
 a40d88e3
 fddff06f
 0000dcb7
 f90c8513
 bb9f80ef
 f11ff06f
 0000d737
 f3070513
 ba9f80ef
 f01ff06f
 0000da37
 db8a0513
 b99f80ef
 00140413
 d25ff06f
 134ca583
 02812503
 e94fe0ef
 00050493
 000a0593
 00098513
 8b5f80ef
 00050593
 00048513
 ea4fe0ef
 0000deb7
 00050593
 da0e8513
 b59f80ef
 cd5ff06f
 0046f993
 e40986e3
 e91ff06f
 0000d637
 bd860513
 b3df80ef
 00000893
 ac9ff06f
 0000d0b7
 c0808513
 b29f80ef
 00100893
 ab5ff06f
 0000dcb7
 c98c8513
 b15f80ef
 00400893
 aa1ff06f
 00010cb7
 fffc8413
 0000dcb7
 c21ff06f
 00b546b3
 0016f293
 00155713
 0015d613
 00028c63
 ffffa337
 00130393
 007647b3
 01079593
 0105d613
 00e64833
 00187893
 00255e13
 00165293
 00088c63
 ffffaeb7
 001e8f13
 01e2cfb3
 010f9693
 0106d293
 01c2c733
 00177313
 00355393
 0012d893
 00030c63
 ffffa5b7
 00158613
 00c8c7b3
 01079813
 01085893
 0078ce33
 001e7e93
 00455f13
 0018d313
 000e8c63
 ffffafb7
 001f8693
 00d342b3
 01029713
 01075313
 01e343b3
 0013f593
 00555613
 00135e93
 00058c63
 ffffa837
 00180893
 011ec7b3
 01079e13
 010e5e93
 00cecf33
 001f7f93
 00655693
 001ed593
 000f8c63
 ffffa2b7
 00128713
 00e5c333
 01031393
 0103d593
 00d5c633
 00167813
 00755893
 0015df13
 00080c63
 ffffa7b7
 00178e13
 01cf4533
 01051e93
 010edf13
 001f7f93
 001f5513
 011f8c63
 ffffa6b7
 00168293
 00554733
 01071313
 01035513
 00008067
 00a5c6b3
 0ff57713
 0016f293
 00050793
 00175613
 0015d813
 00028c63
 ffffa337
 00130393
 00784533
 01051593
 0105d813
 00c848b3
 0018fe13
 00275e93
 00185313
 000e0c63
 ffffaf37
 001f0f93
 01f346b3
 01069293
 0102d313
 01d34633
 00167393
 00375593
 00135e93
 00038c63
 ffffa837
 00180893
 011ec533
 01051e13
 010e5e93
 00becf33
 001f7f93
 00475693
 001ed593
 000f8c63
 ffffa2b7
 00128313
 0065c633
 01061393
 0103d593
 00d5c833
 00187893
 00575e13
 0015d293
 00088c63
 ffffaeb7
 001e8f13
 01e2c533
 01051f93
 010fd293
 01c2c6b3
 0016f313
 00675393
 0012de13
 00030c63
 ffffa637
 00160593
 00be4833
 01081893
 0108de13
 007e4eb3
 001eff13
 00775713
 001e5313
 000f0c63
 ffffafb7
 001f8293
 00534533
 01051693
 0106d313
 00137393
 00135e13
 14e39463
 0087de93
 01cecf33
 001f7f93
 0087d713
 001e5393
 0097d793
 000f8c63
 ffffa2b7
 00128693
 00d3c533
 01051313
 01035393
 00f3c633
 00167593
 00275813
 0013df93
 00058c63
 ffffa8b7
 00188e13
 01cfceb3
 010e9f13
 010f5f93
 010fc7b3
 0017f293
 00375693
 001fd593
 00028c63
 ffffa337
 00130393
 0075c533
 01051613
 01065593
 00d5c833
 00187893
 00475e13
 0015d293
 00088c63
 ffffaeb7
 001e8f13
 01e2cfb3
 010f9793
 0107d293
 01c2c6b3
 0016f313
 00575393
 0012d893
 00030c63
 ffffa637
 00160593
 00b8c533
 01051813
 01085893
 0078ce33
 001e7e93
 00675f13
 0018d313
 000e8c63
 ffffafb7
 001f8793
 00f342b3
 01029693
 0106d313
 01e343b3
 0013f613
 00775713
 00135e13
 00060c63
 ffffa5b7
 00158813
 010e4533
 01051893
 0108de13
 001e7e93
 001e5513
 00ee8c63
 ffffaf37
 001f0f93
 01f547b3
 01079293
 0102d513
 00008067
 ffffa637
 00160593
 00be4833
 01081893
 0108de13
 ea9ff06f
 00a5c833
 0ff57693
 01051713
 00187293
 00050793
 01075313
 0016d613
 0015de13
 00028c63
 ffffa5b7
 00158393
 007e4533
 01051893
 0108de13
 00ce4eb3
 001eff13
 0026df93
 001e5393
 000f0c63
 ffffa837
 00180293
 0053c733
 01071613
 01065393
 01f3c5b3
 0015f893
 0036de13
 0013d813
 00088c63
 ffffaeb7
 001e8f13
 01e84533
 01051f93
 010fd813
 01c842b3
 0012f713
 0046d613
 00185e93
 00070c63
 ffffa3b7
 00138593
 00bec8b3
 01089e13
 010e5e93
 00cecf33
 001f7f93
 0056d813
 001ed393
 000f8c63
 ffffa2b7
 00128713
 00e3c533
 01051613
 01065393
 0103c5b3
 0015f893
 0066de13
 0013d293
 00088c63
 ffffaeb7
 001e8f13
 01e2cfb3
 010f9813
 01085293
 01c2c733
 00177613
 0076d693
 0012de13
 00060c63
 ffffa3b7
 00138593
 00be4533
 01051893
 0108de13
 001e7e93
 001e5393
 3cde9a63
 00835713
 00e3c633
 00167593
 00835693
 0013df13
 00935313
 00058c63
 ffffa8b7
 00188e13
 01cf4533
 01051e93
 010edf13
 006f4fb3
 001ff813
 0026d293
 001f5313
 00080c63
 ffffa3b7
 00138713
 00e34633
 01061593
 0105d313
 005348b3
 0018fe13
 0036de93
 00135293
 000e0c63
 ffffaf37
 001f0f93
 01f2c533
 01051813
 01085293
 01d2c3b3
 0013f613
 0046d713
 0012de93
 00060c63
 ffffa5b7
 00158313
 006ec8b3
 01089e13
 010e5e93
 00eecf33
 001f7f93
 0056d813
 001ed593
 000f8c63
 ffffa2b7
 00128393
 0075c533
 01051613
 01065593
 0105c733
 00177313
 0066d893
 0015d813
 00030c63
 ffffae37
 001e0e93
 01d84f33
 010f1f93
 010fd813
 011842b3
 0012f393
 0076d693
 00185313
 00038c63
 ffffa637
 00160593
 00b34533
 01051713
 01075313
 00137893
 00135813
 28d89863
 0107d293
 005843b3
 0ff2f593
 0013f693
 0107d793
 0015d613
 00185e13
 00068c63
 ffffa737
 00170313
 006e4533
 01051893
 0108de13
 00ce4eb3
 001eff13
 0025df93
 001e5713
 000f0c63
 ffffa837
 00180293
 005743b3
 01039693
 0106d713
 01f74633
 00167313
 0035d893
 00175f93
 00030c63
 ffffae37
 001e0e93
 01dfc533
 01051f13
 010f5f93
 011fc833
 00187293
 0045d393
 001fd893
 00028c63
 ffffa6b7
 00168713
 00e8c633
 01061313
 01035893
 0078ce33
 001e7e93
 0055df13
 0018d393
 000e8c63
 ffffafb7
 001f8813
 0103c533
 01051293
 0102d393
 01e3c6b3
 0016f713
 0065d313
 0013df13
 00070c63
 ffffa637
 00160893
 011f4e33
 010e1e93
 010edf13
 006f4fb3
 001ff813
 0075d593
 001f5713
 00080c63
 ffffa2b7
 00128393
 00774533
 01051693
 0106d713
 00177313
 00175f13
 14b31463
 0087df93
 01efc833
 00187593
 0087d293
 001f5313
 0097d793
 00058c63
 ffffa3b7
 00138693
 00d34533
 01051713
 01075313
 0067c633
 00167893
 0022de13
 00135593
 00088c63
 ffffaeb7
 001e8f13
 01e5cfb3
 010f9813
 01085593
 00be47b3
 0017f393
 0032d693
 0015d893
 00038c63
 ffffa737
 00170313
 0068c533
 01051613
 01065893
 0116ce33
 001e7e93
 0042df13
 0018d393
 000e8c63
 ffffafb7
 001f8813
 0103c5b3
 01059793
 0107d393
 01e3c6b3
 0016f713
 0052d313
 0013de93
 00070c63
 ffffa637
 00160893
 011ec533
 01051e13
 010e5e93
 006ecf33
 001f7f93
 0062d813
 001ed313
 000f8c63
 ffffa5b7
 00158793
 00f343b3
 01039693
 0106d313
 01034733
 00177613
 0072d293
 00135f13
 00060c63
 ffffa8b7
 00188e13
 01cf4533
 01051e93
 010edf13
 001f7f93
 001f5513
 005f8c63
 ffffa837
 00180593
 00b547b3
 01079393
 0103d513
 00008067
 ffffa637
 00160893
 011f4e33
 010e1e93
 010edf13
 ea9ff06f
 ffffae37
 001e0e93
 01d84f33
 010f1f93
 010fd813
 d61ff06f
 ffffaf37
 001f0f93
 01f3c833
 01081293
 0102d393
 c1dff06f
 00a5c6b3
 0ff57713
 01051793
 0016f293
 0107d313
 00175613
 0015d893
 00028c63
 ffffa3b7
 00138593
 00b8c533
 01051813
 01085893
 00c8ce33
 001e7e93
 00275f13
 0018d393
 000e8c63
 ffffafb7
 001f8693
 00d3c2b3
 01029793
 0107d393
 01e3c633
 00167593
 00375813
 0013df13
 00058c63
 ffffa8b7
 00188e13
 01cf4533
 01051e93
 010edf13
 010f4fb3
 001ff293
 00475693
 001f5813
 00028c63
 ffffa7b7
 00178393
 00784633
 01061593
 0105d813
 00d848b3
 0018fe13
 00575e93
 00185793
 000e0c63
 ffffaf37
 001f0f93
 01f7c533
 01051293
 0102d793
 01d7c6b3
 0016f393
 00675593
 0017de93
 00038c63
 ffffa637
 00160813
 010ec8b3
 01089e13
 010e5e93
 00becf33
 001f7f93
 00775713
 001ed393
 000f8c63
 ffffa2b7
 00128793
 00f3c533
 01051693
 0106d393
 0013f593
 0013de93
 14e59463
 00835f13
 01df4fb3
 001ff293
 00835713
 001ed593
 00935313
 00028c63
 ffffa7b7
 00178693
 00d5c533
 01051393
 0103d593
 0065c633
 00167813
 00275893
 0015d293
 00080c63
 ffffae37
 001e0e93
 01d2cf33
 010f1f93
 010fd293
 0112c333
 00137793
 00375693
 0012d813
 00078c63
 ffffa3b7
 00138593
 00b84533
 01051613
 01065813
 00d848b3
 0018fe13
 00475e93
 00185393
 000e0c63
 ffffaf37
 001f0f93
 01f3c2b3
 01029313
 01035393
 01d3c7b3
 0017f593
 00575693
 0013de13
 00058c63
 ffffa637
 00160813
 010e4533
 01051893
 0108de13
 00de4eb3
 001eff13
 00675f93
 001e5593
 000f0c63
 ffffa2b7
 00128313
 0065c3b3
 01039793
 0107d593
 01f5c6b3
 0016f613
 00775713
 0015de93
 00060c63
 ffffa837
 00180893
 011ec533
 01051e13
 010e5e93
 001eff13
 001ed513
 00ef0c63
 ffffafb7
 001f8293
 00554333
 01031393
 0103d513
 00008067
 ffffa637
 00160813
 010ec8b3
 01089e13
 010e5e93
 ea9ff06f
 00000000
 00000000
 00000000
 00000000
 00000000
 00000000
 00000000
 00000000
 00000000
 00000000
 00000000
 00000000
 00000000
 00000000
 00000000
 00000000
 00000000
 00000000
 00000000
 00000000
 00000000
 00000000
 00000000
 00000000
 00000000
 00000000
 00000000
 00000000
 00000000
 00000000
 00000000
 00000000
 00000000
 00000000
 00000000
 00000000
 00000000
 00000000
 00000000
 00000000
 00000000
 00000000
 00000000
 00000000
 00000000
 00000000
 00000000
 00000000
 00000000
 00000000
 00000000
 00000000
 00000000
 00000000
 00000000
 00000000
 00000000
 00000000
 00000000
 00000000
 00000000
 00000000
 00000000
 00000000
 00000000
 00000000
 00000000
 00000000
 00000000
 00000000
 00000000
 00000000
 00000000
 00000000
 00000000
 00000000
 00000000
 00000000
 00000000
 00000000
 00000000
 00000000
 00000000
 00000000
 00000000
 00000000
 00000000
 00000000
 00000000
 00000000
 00000000
 00000000
 00000000
 00000000
 00000000
 00000000
 00000000
 00000000
 00000000
 00000000
 00000000
 00000000
 00000000
 00000000
 00000000
 00000000
 00000000
 00000000
 00000000
 00000000
 00000000
 00000000
 00000000
 00000000
 00000000
 00000000
 00000000
 00000000
 00000000
 00000000
 00000000
 00000000
 00000000
 00000000
 00000000
 00000000
 00000000
 00000000
 00000000
 00000000
 00000000
 00000000
 00000000
 00000000
 00000000
 00000000
 00000000
 00000000
 00000000
 00000000
 00000000
 00000000
 00000000
 00000000
 00000000
 00000000
 00000000
 00000000
 00000000
 00000000
 00000000
 00000000
 00000000
 00000000
 00000000
 00000000
 00000000
 00000000
 00000000
 00000000
 00000000
 00000000
 00000000
 00000000
 00000000
 00000000
 00000000
 00000000
 00000000
 00000000
 00000000
 00000000
 00000000
 00000000
 00000000
 00000000
 00000000
 00000000
 00000000
 00000000
 00000000
 00000000
 00000000
 00000000
 00000000
 00000000
 00000000
 00000000
 00000000
 00000000
 00000000
 00000000
 00000000
 00000000
 00000000
 00000000
 00000000
 00000000
 00000000
 00000000
 00000000
 00000000
 00000000
 00000000
 00000000
 00000000
 00000000
 00000000
 00000000
 00000000
 00000000
 00000000
 00000000
 00000000
 00000000
 00000000
 00000000
 00000000
 00000000
 00000000
 00000000
 00000000
 00000000
 00000000
 00000000
 00000000
 00000000
 00000000
 00000000
 00000000
 00000000
 00000000
 00000000
 00000000
 00000000
 00000000
 00000000
 00000000
 00000000
 00000000
 00000000
 00000000
 00000000
 00000000
 00000000
 00000000
 00000000
 00000000
 00000000
 00000000
 00000000
 00000000
 00000000
 00000000
 00000000
 00000000
 00000000
 00000000
 00000000
 00000000
 00000000
 00000000
 00000000
 00000000
 00000000
 00000000
 00000000
 00000000
 00000000
 00000000
 00000000
 00000000
 00000000
 00000000
 00000000
 00000000
 00000000
 00000000
 00000000
 00000000
 00000000
 00000000
 00000000
 00000000
 00000000
 00000000
 00000000
 00000000
 00000000
 00000000
 00000000
 00000000
 00000000
 00000000
 00000000
 00000000
 00000000
 00000000
 00000000
 00000000
 00000000
 00000000
 00000000
 00000000
 00000000
 00000000
 00000000
 00000000
 00000000
 00000000
 00000000
 00000000
 00000000
 00000000
 00000000
 00000000
 00000000
 00000000
 00000000
 00000000
 00000000
 00000000
 00000000
 00000000
 00000000
 00000000
 00000000
 00000000
 00000000
 00000000
 00000000
 00000000
 00000000
 00000000
 00000000
 00000000
 00000000
 00000000
 00000000
 00000000
 00000000
 00000000
 00000000
 00000000
 00000000
 00000000
 00000000
 00000000
 00000000
 00000000
 00000000
 00000000
 00000000
 00000000
 00000000
 00000000
 00000000
 00000000
 00000000
 00000000
 00000000
 00000000
 00000000
 00000000
 00000000
 00000000
 00000000
 00000000
 00000000
 00000000
 00000000
 00000000
 00000000
 00000000
 00000000
 00000000
 00000000
 00000000
 00000000
 00000000
 00000000
 00000000
 00000000
 00000000
 00000000
 00000000
 00000000
 00000000
 00000000
 00000000
 00000000
 00000000
 00000000
 00000000
 00000000
 00000000
 00000000
 00000000
 00000000
 00000000
 00000000
 00000000
 00000000
 00000000
 00000000
 00000000
 00000000
 00000000
 00000000
 00000000
 00000000
 00000000
 00000000
 00000000
 00000000
 00000000
 00000000
 00000000
 00000000
 00000000
 00000000
 00000000
 00000000
 00000000
 00000000
 00000000
 00000000
 00000000
 00000000
 00000000
 00000000
 00000000
 00000000
 00000000
 00000000
 00000000
 00000000
 00000000
 00000000
 00000000
 00000000
 00000000
 00000000
 00000000
 00000000
 00000000
 00000000
 00000000
 00000000
 00000000
 00000000
 00000000
 00000000
 00000000
 00000000
 00000000
 00000000
 00000000
 00000000
 00000000
 00000000
 00000000
 00000000
 00000000
 00000000
 00000000
 00000000
 00000000
 00000000
 00000000
 00000000
 00000000
 00000000
 00000000
 00000000
 00000000
 00000000
 00000000
 00000000
 00000000
 00000000
 00000000
 00000000
 00000000
 00000000
 00000000
 00000000
 00000000
 00000000
 00000000
 00000000
 00000000
 00000000
 00000000
 00000000
 00000000
 00000000
 00000000
 00000000
 00000000
 00000000
 00000000
 00000000
 00000000
 00000000
 00000000
 00000000
 00000000
 00000000
 00000000
 00000000
 00000000
 00000000
 00000000
 00000000
 00000000
 00000000
 00000000
 00000000
 00000000
 00000000
 00000000
 00000000
 00000000
 00000000
 00000000
 00000000
 00000000
 00000000
 00000000
 00000000
 00000000
 00000000
 00000000
 00000000
 00000000
 00000000
 00000000
 00000000
 00000000
 00000000
 00000000
 00000000
 00000000
 00000000
 00000000
 00000000
 00000000
 00000000
 00000000
 00000000
 00000000
 00000000
 00000000
 00000000
 00000000
 00000000
 00000000
 00000000
 00000000
 00000000
 00000000
 00000000
 00000000
 00000000
 00000000
 00000000
 00000000
 00000000
 00000000
 00000000
 00000000
 00000000
 00000000
 00000000
 00000000
 00000000
 00000000
 00000000
 00000000
 00000000
 00000000
 00000000
 00000000
 00000000
 00000000
 00000000
 00000000
 00000000
 00000000
 00000000
 00000000
 00000000
 00000000
 00000000
 00000000
 00000000
 00000000
 00000000
 00000000
 00000000
 00000000
 00000000
 00000000
 00000000
 00000000
 00000000
 00000000
 00000000
 00000000
 00000000
 00000000
 00000000
 00000000
 00000000
 00000000
 00000000
 00000000
 00000000
 00000000
 00000000
 00000000
 00000000
 00000000
 00000000
 00000000
 00000000
 00000000
 00000000
 00000000
 00000000
 00000000
 00000000
 00000000
 00000000
 00000000
 00000000
 00000000
 00000000
 00000000
 00000000
 00000000
 00000000
 00000000
 00000000
 00000000
 00000000
 00000000
 00000000
 00000000
 00000000
 00000000
 00000000
 00000000
 00000000
 00000000
 00000000
 00000000
 00000000
 00000000
 00000000
 00000000
 00000000
 00000000
 00000000
 00000000
 00000000
 00000000
 00000000
 00000000
 00000000
 00000000
 00000000
 00000000
 00000000
 00000000
 00000000
 00000000
 00000000
 00000000
 00000000
 00000000
 00000000
 00000000
 00000000
 00000000
 00000000
 00000000
 00000000
 00000000
 00000000
 00000000
 00000000
 00000000
 00000000
 00000000
 00000000
 00000000
 00000000
 00000000
 00000000
 00000000
 00000000
 00000000
 00000000
 00000000
 00000000
 00000000
 00000000
 00000000
 00000000
 00000000
 00000000
 00000000
 00000000
 00000000
 00000000
 00000000
 00000000
 00000000
 00000000
 00000000
 00000000
 00000000
 00000000
 00000000
 00000000
 00000000
 00000000
 00000000
 00000000
 00000000
 00000000
 00000000
 00000000
 00000000
 00000000
 00000000
 00000000
 00000000
 00000000
 00000000
 00000000
 00000000
 00000000
 00000000
 00000000
 00000000
 00000000
 00000000
 00000000
 00000000
 00000000
 00000000
 00000000
 00000000
 00000000
 00000000
 00000000
 00000000
 00000000
 00000000
 00000000
 00000000
 00000000
 00000000
 00000000
 00000000
 00000000
 00000000
 00000000
 00000000
 00000000
 00000000
 00000000
 00000000
 00000000
 00000000
 00000000
 00000000
 00000000
 00000000
 00000000
 00000000
 00000000
 00000000
 00000000
 00000000
 00000000
 00000000
 00000000
 00000000
 00000000
 00000000
 00000000
 00000000
 00000000
 00000000
 00000000
 00000000
 00000000
 00000000
 00000000
 00000000
 00000000
 00000000
 00000000
 00000000
 00000000
 00000000
 00000000
 00000000
 00000000
 00000000
 00000000
 00000000
 00000000
 00000000
 00000000
 00000000
 00000000
 00000000
 00000000
 00000000
 00000000
 00000000
 00000000
 00000000
 00000000
 00000000
 00000000
 00000000
 00000000
 00000000
 00000000
 00000000
 00000000
 00000000
 00000000
 00000000
 00000000
 00000000
 00000000
 00000000
 00000000
 00000000
 00000000
 00000000
 00000000
 00000000
 00000000
 00000000
 00000000
 00000000
 00000000
 00000000
 00000000
 00000000
 00000000
 00000000
 00000000
 00000000
 00000000
 00000000
 00000000
 00000000
 00000000
 00000000
 00000000
 00000000
 00000000
 00000000
 00000000
 00000000
 00000000
 00000000
 00000000
 00000000
 00000000
 00000000
 00000000
 00000000
 00000000
 00000000
 00000000
 00000000
 00000000
 00000000
 00000000
 00000000
 00000000
 00000000
 00000000
 00000000
 00000000
 00000000
 00000000
 00000000
 00000000
 00000000
 00000000
 00000000
 00000000
 00000000
 00000000
 00000000
 00000000
 00000000
 00000000
 00000000
 00000000
 00000000
 00000000
 00000000
 00000000
 00000000
 00000000
 00000000
 00000000
 00000000
 00000000
 00000000
 00000000
 00000000
 00000000
 00000000
 00000000
 00000000
 00000000
 00000000
 00000000
 00000000
 00000000
 00000000
 00000000
 00000000
 00000000
 00000000
 00000000
 00000000
 00000000
 00000000
 00000000
 00000000
 00000000
 00000000
 00000000
 00000000
 00000000
 00000000
 00000000
 00000000
 00000000
 00000000
 00000000
 00000000
 00000000
 00000000
 00000000
 00000000
 00000000
 00000000
 00000000
 00000000
 00000000
 00000000
 00000000
 00000000
 00000000
 00000000
 00000000
 00000000
 00000000
 00000000
 00000000
 00000000
 00000000
 00000000
 00000000
 00000000
 00000000
 00000000
 00000000
 00000000
 00000000
 00000000
 00000000
 00000000
 00000000
 00000000
 00000000
 00000000
 00000000
 00000000
 00000000
 00000000
 00000000
 00000000
 00000000
 00000000
 00000000
 00000000
 00000000
 00000000
 00000000
 00000000
 00000000
 00000000
 00000000
 00000000
 00000000
 00000000
 00000000
 00000000
 00000000
 00000000
 00000000
 00000000
 00000000
 00000000
 00000000
 00000000
 00000000
 00000000
 00000000
 00000000
 00000000
 00000000
 00000000
 00000000
 00000000
 00000000
 00000000
 00000000
 00000000
 00000000
 00000000
 00000000
 00000000
 00000000
 00000000
 00000000
 00000000
 00000000
 00000000
 00000000
 00000000
 00000000
 00000000
 00000000
 00000000
 00000000
 00000000
 00000000
 00000000
 00000000
 00000000
 00000000
 00000000
 00000000
 00000000
 00000000
 00000000
 00000000
 00000000
 00000000
 00000000
 00000000
 00000000
 00000000
 00000000
 00000000
 00000000
 00000000
 00000000
 00000000
 00000000
 00000000
 00000000
 00000000
 00000000
 00000000
 00000000
 00000000
 00000000
 00000000
 00000000
 00000000
 00000000
 00000000
 00000000
 00000000
 00000000
 00000000
 00000000
 00000000
 00000000
 00000000
 00000000
 00000000
 00000000
 00000000
 00000000
 00000000
 00000000
 00000000
 00000000
 00000000
 00000000
 00000000
 00000000
 00000000
 00000000
 00000000
 00000000
 00000000
 00000000
 00000000
 00000000
 00000000
 00000000
 00000000
 00000000
 00000000
 00000000
 00000000
 00000000
 00000000
 00000000
 00000000
 00000000
 00000000
 00000000
 00000000
 00000000
 00000000
 00000000
 00000000
 00000000
 00000000
 00000000
 00000000
 00000000
 00000000
 00000000
 00000000
 00000000
 00000000
 00000000
 00000000
 00000000
 00000000
 00000000
 00000000
 00000000
 00000000
 00000000
 00000000
 00000000
 00000000
 00000000
 00000000
 00000000
 00000000
 00000000
 00000000
 00000000
 00000000
 00000000
 00000000
 00000000
 00000000
 00000000
 00000000
 00000000
 00000000
 00000000
 00000000
 00000000
 00000000
 00000000
 00000000
 00000000
 00000000
 00000000
 00000000
 00000000
 00000000
 00000000
 00000000
 00000000
 00000000
 00000000
 00000000
 00000000
 00000000
 00000000
 00000000
 00000000
 00000000
 00000000
 00000000
 00000000
 00000000
 00000000
 00000000
 00000000
 00000000
 00000000
 00000000
 00000000
 00000000
 00000000
 00000000
 00000000
 00000000
 00000000
 00000000
 00000000
 00000000
 00000000
 00000000
 00000000
 00000000
 00000000
 00000000
 00000000
 00000000
 00000000
 00000000
 00000000
 00000000
 00000000
 00000000
 00000000
 00000000
 00000000
 00000000
 00000000
 00000000
 00000000
 00000000
 00000000
 00000000
 00000000
 00000000
 00000000
 00000000
 00000000
 00000000
 00000000
 00000000
 00000000
 00000000
 00000000
 00000000
 00000000
 00000000
 00000000
 00000000
 00000000
 00000000
 00000000
 00000000
 00000000
 00000000
 00000000
 00000000
 00000000
 00000000
 00000000
 00000000
 00000000
 00000000
 00000000
 00000000
 00000000
 00000000
 00000000
 00000000
 00000000
 00000000
 00000000
 00000000
 00000000
 00000000
 00000000
 00000000
 00000000
 00000000
 00000000
 00000000
 00000000
 00000000
 00000000
 00000000
 00000000
 00000000
 00000000
 00000000
 00000000
 00000000
 00000000
 00000000
 00000000
 00000000
 00000000
 00000000
 00000000
 00000000
 00000000
 00000000
 00000000
 00000000
 00000000
 00000000
 00000000
 00000000
 00000000
 00000000
 00000000
 00000000
 00000000
 00000000
 00000000
 00000000
 00000000
 00000000
 00000000
 00000000
 00000000
 00000000
 00000000
 00000000
 00000000
 00000000
 00000000
 00000000
 00000000
 00000000
 00000000
 00000000
 00000000
 00000000
 00000000
 00000000
 00000000
 00000000
 00000000
 00000000
 00000000
 00000000
 00000000
 00000000
 00000000
 00000000
 00000000
 00000000
 00000000
 00000000
 00000000
 00000000
 00000000
 00000000
 00000000
 00000000
 00000000
 00000000
 00000000
 00000000
 00000000
 00000000
 00000000
 00000000
 00000000
 00000000
 00000000
 00000000
 00000000
 00000000
 00000000
 00000000
 00000000
 00000000
 00000000
 00000000
 00000000
 00000000
 00000000
 00000000
 00000000
 00000000
 00000000
 00000000
 00000000
 00000000
 00000000
 00000000
 00000000
 00000000
 00000000
 00000000
 00000000
 00000000
 00000000
 00000000
 00000000
 00000000
 00000000
 00000000
 00000000
 00000000
 00000000
 00000000
 00000000
 00000000
 00000000
 00000000
 00000000
 00000000
 00000000
 00000000
 00000000
 00000000
 00000000
 00000000
 00000000
 00000000
 00000000
 00000000
 00000000
 00000000
 00000000
 00000000
 00000000
 00000000
 00000000
 00000000
 00000000
 00000000
 00000000
 00000000
 00000000
 00000000
 00000000
 00000000
 00000000
 00000000
 00000000
 00000000
 00000000
 00000000
 00000000
 00000000
 00000000
 00000000
 00000000
 00000000
 00000000
 00000000
 00000000
 00000000
 00000000
 00000000
 00000000
 00000000
 00000000
 00000000
 00000000
 00000000
 00000000
 00000000
 00000000
 00000000
 00000000
 00000000
 00000000
 00000000
 00000000
 00000000
 00000000
 00000000
 00000000
 00000000
 00000000
 00000000
 00000000
 00000000
 00000000
 00000000
 00000000
 00000000
 00000000
 00000000
 00000000
 00000000
 00000000
 00000000
 00000000
 00000000
 00000000
 00000000
 00000000
 00000000
 00000000
 00000000
 00000000
 00000000
 00000000
 00000000
 00000000
 00000000
 00000000
 00000000
 00000000
 00000000
 00000000
 00000000
 00000000
 00000000
 00000000
 00000000
 00000000
 00000000
 00000000
 00000000
 00000000
 00000000
 00000000
 00000000
 00000000
 00000000
 00000000
 00000000
 00000000
 00000000
 00000000
 00000000
 00000000
 00000000
 00000000
 00000000
 00000000
 00000000
 00000000
 00000000
 00000000
 00000000
 00000000
 00000000
 00000000
 00000000
 00000000
 00000000
 00000000
 00000000
 00000000
 00000000
 00000000
 00000000
 00000000
 00000000
 00000000
 00000000
 00000000
 00000000
 00000000
 00000000
 00000000
 00000000
 00000000
 00000000
 00000000
 00000000
 00000000
 00000000
 00000000
 00000000
 00000000
 00000000
 00000000
 00000000
 00000000
 00000000
 00000000
 00000000
 00000000
 00000000
 00000000
 00000000
 00000000
 00000000
 00000000
 00000000
 00000000
 00000000
 00000000
 00000000
 00000000
 00000000
 00000000
 00000000
 00000000
 00000000
 00000000
 00000000
 00000000
 00000000
 00000000
 00000000
 00000000
 00000000
 00000000
 00000000
 00000000
 00000000
 00000000
 00000000
 00000000
 00000000
 00000000
 00000000
 00000000
 00000000
 00000000
 00000000
 00000000
 00000000
 00000000
 00000000
 00000000
 00000000
 00000000
 00000000
 00000000
 00000000
 00000000
 00000000
 00000000
 00000000
 00000000
 00000000
 00000000
 00000000
 00000000
 00000000
 00000000
 00000000
 00000000
 00000000
 00000000
 00000000
 00000000
 00000000
 00000000
 00000000
 00000000
 00000000
 00000000
 00000000
 00000000
 00000000
 00000000
 00000000
 00000000
 00000000
 00000000
 00000000
 00000000
 00000000
 00000000
 00000000
 00000000
 00000000
 00000000
 00000000
 00000000
 00000000
 00000000
 00000000
 00000000
 00000000
 00000000
 00000000
 00000000
 00000000
 00000000
 00000000
 00000000
 00000000
 00000000
 00000000
 00000000
 00000000
 00000000
 00000000
 00000000
 00000000
 00000000
 00000000
 00000000
 00000000
 00000000
 00000000
 00000000
 00000000
 00000000
 00000000
 00000000
 00000000
 00000000
 00000000
 00000000
 00000000
 00000000
 00000000
 00000000
 00000000
 00000000
 00000000
 00000000
 00000000
 00000000
 00000000
 00000000
 00000000
 00000000
 00000000
 00000000
 00000000
 00000000
 00000000
 00000000
 00000000
 00000000
 00000000
 00000000
 00000000
 00000000
 00000000
 00000000
 00000000
 00000000
 00000000
 00000000
 00000000
 00000000
 00000000
 00000000
 00000000
 00000000
 00000000
 00000000
 00000000
 00000000
 00000000
 00000000
 00000000
 00000000
 00000000
 00000000
 00000000
 00000000
 00000000
 00000000
 00000000
 00000000
 00000000
 00000000
 00000000
 00000000
 00000000
 00000000
 00000000
 00000000
 00000000
 00000000
 00000000
 00000000
 00000000
 00000000
 00000000
 00000000
 00000000
 00000000
 00000000
 00000000
 00000000
 00000000
 00000000
 00000000
 00000000
 00000000
 00000000
 00000000
 00000000
 00000000
 00000000
 00000000
 00000000
 00000000
 00000000
 00000000
 00000000
 00000000
 00000000
 00000000
 00000000
 00000000
 00000000
 00000000
 00000000
 00000000
 00000000
 00000000
 00000000
 00000000
 00000000
 00000000
 00000000
 00000000
 00000000
 00000000
 00000000
 00000000
 00000000
 00000000
 00000000
 00000000
 00000000
 00000000
 00000000
 00000000
 00000000
 00000000
 00000000
 00000000
 00000000
 00000000
 00000000
 00000000
 00000000
 00000000
 00000000
 00000000
 00000000
 00000000
 00000000
 00000000
 00000000
 00000000
 00000000
 00000000
 00000000
 00000000
 00000000
 00000000
 00000000
 00000000
 00000000
 00000000
 00000000
 00000000
 00000000
 00000000
 00000000
 00000000
 00000000
 00000000
 00000000
 00000000
 00000000
 00000000
 00000000
 00000000
 00000000
 00000000
 00000000
 00000000
 00000000
 00000000
 00000000
 00000000
 00000000
 00000000
 00000000
 00000000
 00000000
 00000000
 00000000
 00000000
 00000000
 00000000
 00000000
 00000000
 00000000
 00000000
 00000000
 00000000
 00000000
 00000000
 00000000
 00000000
 00000000
 00000000
 00000000
 00000000
 00000000
 00000000
 00000000
 00000000
 00000000
 00000000
 00000000
 00000000
 00000000
 00000000
 00000000
 00000000
 00000000
 00000000
 00000000
 00000000
 00000000
 00000000
 00000000
 00000000
 00000000
 00000000
 00000000
 00000000
 00000000
 00000000
 00000000
 00000000
 00000000
 00000000
 00000000
 00000000
 00000000
 00000000
 00000000
 00000000
 00000000
 00000000
 00000000
 00000000
 00000000
 00000000
 00000000
 00000000
 00000000
 00000000
 00000000
 00000000
 00000000
 00000000
 00000000
 00000000
 00000000
 00000000
 00000000
 00000000
 00000000
 00000000
 00000000
 00000000
 00000000
 00000000
 00000000
 00000000
 00000000
 00000000
 00000000
 00000000
 00000000
 00000000
 00000000
 00000000
 00000000
 00000000
 00000000
 00000000
 00000000
 00000000
 00000000
 00000000
 00000000
 00000000
 00000000
 00000000
 00000000
 00000000
 00000000
 00000000
 00000000
 00000000
 00000000
 00000000
 00000000
 00000000
 00000000
 00000000
 00000000
 00000000
 00000000
 00000000
 00000000
 00000000
 00000000
 00000000
 00000000
 00000000
 00000000
 00000000
 00000000
 00000000
 00000000
 00000000
 00000000
 00000000
 00000000
 00000000
 00000000
 00000000
 00000000
 00000000
 00000000
 00000000
 00000000
 00000000
 00000000
 00000000
 00000000
 00000000
 00000000
 00000000
 00000000
 00000000
 00000000
 00000000
 00000000
 00000000
 00000000
 00000000
 00000000
 00000000
 00000000
 00000000
 00000000
 00000000
 00000000
 00000000
 00000000
 00000000
 00000000
 00000000
 00000000
 00000000
 00000000
 00000000
 00000000
 00000000
 00000000
 00000000
 00000000
 00000000
 00000000
 00000000
 00000000
 00000000
 00000000
 00000000
 00000000
 00000000
 00000000
 00000000
 00000000
 00000000
 00000000
 00000000
 00000000
 00000000
 00000000
 00000000
 00000000
 00000000
 00000000
 00000000
 00000000
 00000000
 00000000
 00000000
 00000000
 00000000
 00000000
 00000000
 00000000
 00000000
 00000000
 00000000
 00000000
 00000000
 00000000
 00000000
 00000000
 00000000
 00000000
 00000000
 00000000
 00000000
 00000000
 00000000
 00000000
 00000000
 00000000
 00000000
 00000000
 00000000
 00000000
 00000000
 00000000
 00000000
 00000000
 00000000
 00000000
 00000000
 00000000
 00000000
 00000000
 00000000
 00000000
 00000000
 00000000
 00000000
 00000000
 00000000
 00000000
 00000000
 00000000
 00000000
 00000000
 00000000
 00000000
 00000000
 00000000
 00000000
 00000000
 00000000
 00000000
 00000000
 00000000
 00000000
 00000000
 00000000
 00000000
 00000000
 00000000
 00000000
 00000000
 00000000
 00000000
 00000000
 00000000
 00000000
 00000000
 00000000
 00000000
 00000000
 00000000
 00000000
 00000000
 00000000
 00000000
 00000000
 00000000
 00000000
 00000000
 00000000
 00000000
 00000000
 00000000
 00000000
 00000000
 00000000
 00000000
 00000000
 00000000
 00000000
 00000000
 00000000
 00000000
 00000000
 00000000
 00000000
 00000000
 00000000
 00000000
 00000000
 00000000
 00000000
 00000000
 00000000
 00000000
 00000000
 00000000
 00000000
 00000000
 00000000
 00000000
 00000000
 00000000
 00000000
 00000000
 00000000
 00000000
 00000000
 00000000
 00000000
 00000000
 00000000
 00000000
 00000000
 00000000
 00000000
 00000000
 00000000
 00000000
 00000000
 00000000
 00000000
 00000000
 00000000
 00000000
 00000000
 00000000
 00000000
 00000000
 00000000
 00000000
 00000000
 00000000
 00000000
 00000000
 00000000
 00000000
 00000000
 00000000
 00000000
 00000000
 00000000
 00000000
 00000000
 00000000
 00000000
 00000000
 00000000
 00000000
 00000000
 00000000
 00000000
 00000000
 00000000
 00000000
 00000000
 00000000
 00000000
 00000000
 00000000
 00000000
 00000000
 00000000
 00000000
 00000000
 00000000
 00000000
 00000000
 00000000
 00000000
 00000000
 00000000
 00000000
 00000000
 00000000
 00000000
 00000000
 00000000
 00000000
 00000000
 00000000
 00000000
 00000000
 00000000
 00000000
 00000000
 00000000
 00000000
 00000000
 00000000
 00000000
 00000000
 00000000
 00000000
 00000000
 00000000
 00000000
 00000000
 00000000
 00000000
 00000000
 00000000
 00000000
 00000000
 00000000
 00000000
 00000000
 00000000
 00000000
 00000000
 00000000
 00000000
 00000000
 00000000
 00000000
 00000000
 00000000
 00000000
 00000000
 00000000
 00000000
 00000000
 00000000
 00000000
 00000000
 00000000
 00000000
 00000000
 00000000
 00000000
 00000000
 00000000
 00000000
 00000000
 00000000
 00000000
 00000000
 00000000
 00000000
 00000000
 00000000
 00000000
 00000000
 00000000
 00000000
 00000000
 00000000
 00000000
 00000000
 00000000
 00000000
 00000000
 00000000
 00000000
 00000000
 00000000
 00000000
 00000000
 00000000
 00000000
 00000000
 00000000
 00000000
 00000000
 00000000
 00000000
 00000000
 00000000
 00000000
 00000000
 00000000
 00000000
 00000000
 00000000
 00000000
 00000000
 00000000
 00000000
 00000000
 00000000
 00000000
 00000000
 00000000
 00000000
 00000000
 00000000
 00000000
 00000000
 00000000
 00000000
 00000000
 00000000
 00000000
 00000000
 00000000
 00000000
 00000000
 00000000
 00000000
 00000000
 00000000
 00000000
 00000000
 00000000
 00000000
 00000000
 00000000
 00000000
 00000000
 00000000
 00000000
 00000000
 00000000
 00000000
 00000000
 00000000
 00000000
 00000000
 00000000
 00000000
 00000000
 00000000
 00000000
 00000000
 00000000
 00000000
 00000000
 00000000
 00000000
 00000000
 00000000
 00000000
 00000000
 00000000
 00000000
 00000000
 00000000
 00000000
 00000000
 00000000
 00000000
 00000000
 00000000
 00000000
 00000000
 00000000
 00000000
 00000000
 00000000
 00000000
 00000000
 00000000
 00000000
 00000000
 00000000
 00000000
 00000000
 00000000
 00000000
 00000000
 00000000
 00000000
 00000000
 00000000
 00000000
 00000000
 00000000
 00000000
 00000000
 00000000
 00000000
 00000000
 00000000
 00000000
 00000000
 00000000
 00000000
 00000000
 00000000
 00000000
 00000000
 00000000
 00000000
 00000000
 00000000
 00000000
 00000000
 00000000
 00000000
 00000000
 00000000
 00000000
 00000000
 00000000
 00000000
 00000000
 00000000
 00000000
 00000000
 00000000
 00000000
 00000000
 00000000
 00000000
 00000000
 00000000
 00000000
 00000000
 00000000
 00000000
 00000000
 00000000
 00000000
 00000000
 00000000
 00000000
 00000000
 00000000
 00000000
 00000000
 00000000
 00000000
 00000000
 00000000
 00000000
 00000000
 00000000
 00000000
 00000000
 00000000
 00000000
 00000000
 00000000
 00000000
 00000000
 00000000
 00000000
 00000000
 00000000
 00000000
 00000000
 00000000
 00000000
 00000000
 00000000
 00000000
 00000000
 00000000
 00000000
 00000000
 00000000
 00000000
 00000000
 00000000
 00000000
 00000000
 00000000
 00000000
 00000000
 00000000
 00000000
 00000000
 00000000
 00000000
 00000000
 00000000
 00000000
 00000000
 00000000
 00000000
 00000000
 00000000
 00000000
 00000000
 00000000
 00000000
 00000000
 00000000
 00000000
 00000000
 00000000
 00000000
 00000000
 00000000
 00000000
 00000000
 00000000
 00000000
 00000000
 00000000
 00000000
 00000000
 00000000
 00000000
 00000000
 00000000
 00000000
 00000000
 00000000
 00000000
 00000000
 00000000
 00000000
 00000000
 00000000
 00000000
 00000000
 00000000
 00000000
 00000000
 00000000
 00000000
 00000000
 00000000
 00000000
 00000000
 00000000
 00000000
 00000000
 00000000
 00000000
 00000000
 00000000
 00000000
 00000000
 00000000
 00000000
 00000000
 00000000
 00000000
 00000000
 00000000
 00000000
 00000000
 00000000
 00000000
 00000000
 00000000
 00000000
 00000000
 00000000
 00000000
 00000000
 00000000
 00000000
 00000000
 00000000
 00000000
 00000000
 00000000
 00000000
 00000000
 00000000
 00000000
 00000000
 00000000
 00000000
 00000000
 00000000
 00000000
 00000000
 00000000
 00000000
 00000000
 00000000
 00000000
 00000000
 00000000
 00000000
 00000000
 00000000
 00000000
 00000000
 00000000
 00000000
 00000000
 00000000
 00000000
 00000000
 00000000
 00000000
 00000000
 00000000
 00000000
 00000000
 00000000
 00000000
 00000000
 00000000
 00000000
 00000000
 00000000
 00000000
 00000000
 00000000
 00000000
 00000000
 00000000
 00000000
 00000000
 00000000
 00000000
 00000000
 00000000
 00000000
 00000000
 00000000
 00000000
 00000000
 00000000
 00000000
 00000000
 00000000
 00000000
 00000000
 00000000
 00000000
 00000000
 00000000
 00000000
 00000000
 00000000
 00000000
 00000000
 00000000
 00000000
 00000000
 00000000
 00000000
 00000000
 00000000
 00000000
 00000000
 00000000
 00000000
 00000000
 00000000
 00000000
 00000000
 00000000
 00000000
 00000000
 00000000
 00000000
 00000000
 00000000
 00000000
 00000000
 00000000
 00000000
 00000000
 00000000
 00000000
 00000000
 00000000
 00000000
 00000000
 00000000
 00000000
 00000000
 00000000
 00000000
 00000000
 00000000
 00000000
 00000000
 00000000
 00000000
 00000000
 00000000
 00000000
 00000000
 00000000
 00000000
 00000000
 00000000
 00000000
 00000000
 00000000
 00000000
 00000000
 00000000
 00000000
 00000000
 00000000
 00000000
 00000000
 00000000
 00000000
 00000000
 00000000
 00000000
 00000000
 00000000
 00000000
 00000000
 00000000
 00000000
 00000000
 00000000
 00000000
 00000000
 00000000
 00000000
 00000000
 00000000
 00000000
 00000000
 00000000
 00000000
 00000000
 00000000
 00000000
 00000000
 00000000
 00000000
 00000000
 00000000
 00000000
 00000000
 00000000
 00000000
 00000000
 00000000
 00000000
 00000000
 00000000
 00000000
 00000000
 00000000
 00000000
 00000000
 00000000
 00000000
 00000000
 00000000
 00000000
 00000000
 00000000
 00000000
 00000000
 00000000
 00000000
 00000000
 00000000
 00000000
 00000000
 00000000
 00000000
 00000000
 00000000
 00000000
 00000000
 00000000
 00000000
 00000000
 00000000
 00000000
 00000000
 00000000
 00000000
 00000000
 00000000
 00000000
 00000000
 00000000
 00000000
 00000000
 00000000
 00000000
 00000000
 00000000
 00000000
 00000000
 00000000
 00000000
 00000000
 00000000
 00000000
 00000000
 00000000
 00000000
 00000000
 00000000
 00000000
 00000000
 00000000
 00000000
 00000000
 00000000
 00000000
 00000000
 00000000
 00000000
 00000000
 00000000
 00000000
 00000000
 00000000
 00000000
 00000000
 00000000
 00000000
 00000000
 00000000
 00000000
 00000000
 00000000
 00000000
 00000000
 00000000
 00000000
 00000000
 00000000
 00000000
 00000000
 00000000
 00000000
 00000000
 00000000
 00000000
 00000000
 00000000
 00000000
 00000000
 00000000
 00000000
 00000000
 00000000
 00000000
 00000000
 00000000
 00000000
 00000000
 00000000
 00000000
 00000000
 00000000
 00000000
 00000000
 00000000
 00000000
 00000000
 00000000
 00000000
 00000000
 00000000
 00000000
 00000000
 00000000
 00000000
 00000000
 00000000
 00000000
 00000000
 00000000
 00000000
 00000000
 00000000
 00000000
 00000000
 00000000
 00000000
 00000000
 00000000
 00000000
 00000000
 00000000
 00000000
 00000000
 00000000
 00000000
 00000000
 00000000
 00000000
 00000000
 00000000
 00000000
 00000000
 00000000
 00000000
 00000000
 00000000
 00000000
 00000000
 00000000
 00000000
 00000000
 00000000
 00000000
 00000000
 00000000
 00000000
 00000000
 00000000
 00000000
 00000000
 00000000
 00000000
 00000000
 00000000
 00000000
 00000000
 00000000
 00000000
 00000000
 00000000
 00000000
 00000000
 00000000
 00000000
 00000000
 00000000
 00000000
 00000000
 00000000
 00000000
 00000000
 00000000
 00000000
 00000000
 00000000
 00000000
 00000000
 00000000
 00000000
 00000000
 00000000
 00000000
 00000000
 00000000
 00000000
 00000000
 00000000
 00000000
 00000000
 00000000
 00000000
 00000000
 00000000
 00000000
 00000000
 00000000
 00000000
 00000000
 00000000
 00000000
 00000000
 00000000
 00000000
 00000000
 00000000
 00000000
 00000000
 00000000
 00000000
 00000000
 00000000
 00000000
 00000000
 00000000
 00000000
 00000000
 00000000
 00000000
 00000000
 00000000
 00000000
 00000000
 00000000
 00000000
 00000000
 00000000
 00000000
 00000000
 00000000
 00000000
 00000000
 00000000
 00000000
 00000000
 00000000
 00000000
 00000000
 00000000
 00000000
 00000000
 00000000
 00000000
 00000000
 00000000
 00000000
 00000000
 00000000
 00000000
 00000000
 00000000
 00000000
 00000000
 00000000
 00000000
 00000000
 00000000
 00000000
 00000000
 00000000
 00000000
 00000000
 00000000
 00000000
 00000000
 00000000
 00000000
 00000000
 00000000
 00000000
 00000000
 00000000
 00000000
 00000000
 00000000
 00000000
 00000000
 00000000
 00000000
 00000000
 00000000
 00000000
 00000000
 00000000
 00000000
 00000000
 00000000
 00000000
 00000000
 00000000
 00000000
 00000000
 00000000
 00000000
 00000000
 00000000
 00000000
 00000000
 00000000
 00000000
 00000000
 00000000
 00000000
 00000000
 00000000
 00000000
 00000000
 00000000
 00000000
 00000000
 00000000
 00000000
 00000000
 00000000
 00000000
 00000000
 00000000
 00000000
 00000000
 00000000
 00000000
 00000000
 00000000
 00000000
 00000000
 00000000
 00000000
 00000000
 00000000
 00000000
 00000000
 00000000
 00000000
 00000000
 00000000
 00000000
 00000000
 00000000
 00000000
 00000000
 00000000
 00000000
 00000000
 00000000
 00000000
 00000000
 00000000
 00000000
 00000000
 00000000
 00000000
 00000000
 00000000
 00000000
 00000000
 00000000
 00000000
 00000000
 00000000
 00000000
 00000000
 00000000
 00000000
 00000000
 00000000
 00000000
 00000000
 00000000
 00000000
 00000000
 00000000
 00000000
 00000000
 00000000
 00000000
 00000000
 00000000
 00000000
 00000000
 00000000
 00000000
 00000000
 00000000
 00000000
 00000000
 00000000
 00000000
 00000000
 00000000
 00000000
 00000000
 00000000
 00000000
 00000000
 00000000
 00000000
 00000000
 00000000
 00000000
 00000000
 00000000
 00000000
 00000000
 00000000
 00000000
 00000000
 00000000
 00000000
 00000000
 00000000
 00000000
 00000000
 00000000
 00000000
 00000000
 00000000
 00000000
 00000000
 00000000
 00000000
 00000000
 00000000
 00000000
 00000000
 00000000
 00000000
 00000000
 00000000
 00000000
 00000000
 00000000
 00000000
 00000000
 00000000
 00000000
 00000000
 00000000
 00000000
 00000000
 00000000
 00000000
 00000000
 00000000
 00000000
 00000000
 00000000
 00000000
 00000000
 00000000
 00000000
 00000000
 00000000
 00000000
 00000000
 00000000
 00000000
 00000000
 00000000
 00000000
 00000000
 00000000
 00000000
 00000000
 00000000
 00000000
 00000000
 00000000
 00000000
 00000000
 00000000
 00000000
 00000000
 00000000
 00000000
 00000000
 00000000
 00000000
 00000000
 00000000
 00000000
 00000000
 00000000
 00000000
 00000000
 00000000
 00000000
 00000000
 00000000
 00000000
 00000000
 00000000
 00000000
 00000000
 00000000
 00000000
 00000000
 00000000
 00000000
 00000000
 00000000
 00000000
 00000000
 00000000
 00000000
 00000000
 00000000
 00000000
 00000000
 00000000
 00000000
 00000000
 00000000
 00000000
 00000000
 00000000
 00000000
 00000000
 00000000
 00000000
 00000000
 00000000
 00000000
 00000000
 00000000
 00000000
 00000000
 00000000
 00000000
 00000000
 00000000
 00000000
 00000000
 00000000
 00000000
 00000000
 00000000
 00000000
 00000000
 00000000
 00000000
 00000000
 00000000
 00000000
 00000000
 00000000
 00000000
 00000000
 00000000
 00000000
 00000000
 00000000
 00000000
 00000000
 00000000
 00000000
 00000000
 00000000
 00000000
 00000000
 00000000
 00000000
 00000000
 00000000
 00000000
 00000000
 00000000
 00000000
 00000000
 00000000
 00000000
 00000000
 00000000
 00000000
 00000000
 00000000
 00000000
 00000000
 00000000
 00000000
 00000000
 00000000
 00000000
 00000000
 00000000
 00000000
 00000000
 00000000
 00000000
 00000000
 00000000
 00000000
 00000000
 00000000
 00000000
 00000000
 00000000
 00000000
 00000000
 00000000
 00000000
 00000000
 00000000
 00000000
 00000000
 00000000
 00000000
 00000000
 00000000
 00000000
 00000000
 00000000
 00000000
 00000000
 00000000
 00000000
 00000000
 00000000
 00000000
 00000000
 00000000
 00000000
 00000000
 00000000
 00000000
 00000000
 00000000
 00000000
 00000000
 00000000
 00000000
 00000000
 00000000
 00000000
 00000000
 00000000
 00000000
 00000000
 00000000
 00000000
 00000000
 00000000
 00000000
 00000000
 00000000
 00000000
 00000000
 00000000
 00000000
 00000000
 00000000
 00000000
 00000000
 00000000
 00000000
 00000000
 00000000
 00000000
 00000000
 00000000
 00000000
 00000000
 00000000
 00000000
 00000000
 00000000
 00000000
 00000000
 00000000
 00000000
 00000000
 00000000
 00000000
 00000000
 00000000
 00000000
 00000000
 00000000
 00000000
 00000000
 00000000
 00000000
 00000000
 00000000
 00000000
 00000000
 00000000
 00000000
 00000000
 00000000
 00000000
 00000000
 00000000
 00000000
 00000000
 00000000
 00000000
 00000000
 00000000
 00000000
 00000000
 00000000
 00000000
 00000000
 00000000
 00000000
 00000000
 00000000
 00000000
 00000000
 00000000
 00000000
 00000000
 00000000
 00000000
 00000000
 00000000
 00000000
 00000000
 00000000
 00000000
 00000000
 00000000
 00000000
 00000000
 00000000
 00000000
 00000000
 00000000
 00000000
 00000000
 00000000
 00000000
 00000000
 00000000
 00000000
 00000000
 00000000
 00000000
 00000000
 00000000
 00000000
 00000000
 00000000
 00000000
 00000000
 00000000
 00000000
 00000000
 00000000
 00000000
 00000000
 00000000
 00000000
 00000000
 00000000
 00000000
 00000000
 00000000
 00000000
 00000000
 00000000
 00000000
 00000000
 00000000
 00000000
 00000000
 00000000
 00000000
 00000000
 00000000
 00000000
 00000000
 00000000
 00000000
 00000000
 00000000
 00000000
 00000000
 00000000
 00000000
 00000000
 00000000
 00000000
 00000000
 00000000
 00000000
 00000000
 00000000
 00000000
 00000000
 00000000
 00000000
 00000000
 00000000
 00000000
 00000000
 00000000
 00000000
 00000000
 00000000
 00000000
 00000000
 00000000
 00000000
 00000000
 00000000
 00000000
 00000000
 00000000
 00000000
 00000000
 00000000
 00000000
 00000000
 00000000
 00000000
 00000000
 00000000
 00000000
 00000000
 00000000
 00000000
 00000000
 00000000
 00000000
 00000000
 00000000
 00000000
 00000000
 00000000
 00000000
 00000000
 00000000
 00000000
 00000000
 00000000
 00000000
 00000000
 00000000
 00000000
 00000000
 00000000
 00000000
 00000000
 00000000
 00000000
 00000000
 00000000
 00000000
 00000000
 00000000
 00000000
 00000000
 00000000
 00000000
 00000000
 00000000
 00000000
 00000000
 00000000
 00000000
 00000000
 00000000
 00000000
 00000000
 00000000
 00000000
 00000000
 00000000
 00000000
 00000000
 00000000
 00000000
 00000000
 00000000
 00000000
 00000000
 00000000
 00000000
 00000000
 00000000
 00000000
 00000000
 00000000
 00000000
 00000000
 00000000
 00000000
 00000000
 00000000
 00000000
 00000000
 00000000
 00000000
 00000000
 00000000
 00000000
 00000000
 00000000
 00000000
 00000000
 00000000
 00000000
 00000000
 00000000
 00000000
 00000000
 00000000
 00000000
 00000000
 00000000
 00000000
 00000000
 00000000
 00000000
 00000000
 00000000
 00000000
 00000000
 00000000
 00000000
 00000000
 00000000
 00000000
 00000000
 00000000
 00000000
 00000000
 00000000
 00000000
 00000000
 00000000
 00000000
 00000000
 00000000
 00000000
 00000000
 00000000
 00000000
 00000000
 00000000
 00000000
 00000000
 00000000
 00000000
 00000000
 00000000
 00000000
 00000000
 00000000
 00000000
 00000000
 00000000
 00000000
 00000000
 00000000
 00000000
 00000000
 00000000
 00000000
 00000000
 00000000
 00000000
 00000000
 00000000
 00000000
 00000000
 00000000
 00000000
 00000000
 00000000
 00000000
 00000000
 00000000
 00000000
 00000000
 00000000
 00000000
 00000000
 00000000
 00000000
 00000000
 00000000
 00000000
 00000000
 00000000
 00000000
 00000000
 00000000
 00000000
 00000000
 00000000
 00000000
 00000000
 00000000
 00000000
 00000000
 00000000
 00000000
 00000000
 00000000
 00000000
 00000000
 00000000
 00000000
 00000000
 00000000
 00000000
 00000000
 00000000
 00000000
 00000000
 00000000
 00000000
 00000000
 00000000
 00000000
 00000000
 00000000
 00000000
 00000000
 00000000
 00000000
 00000000
 00000000
 00000000
 00000000
 00000000
 00000000
 00000000
 00000000
 00000000
 00000000
 00000000
 00000000
 00000000
 00000000
 00000000
 00000000
 00000000
 00000000
 00000000
 00000000
 00000000
 00000000
 00000000
 00000000
 00000000
 00000000
 00000000
 00000000
 00000000
 00000000
 00000000
 00000000
 00000000
 00000000
 00000000
 00000000
 00000000
 00000000
 00000000
 00000000
 00000000
 00000000
 00000000
 00000000
 00000000
 00000000
 00000000
 00000000
 00000000
 00000000
 00000000
 00000000
 00000000
 00000000
 00000000
 00000000
 00000000
 00000000
 00000000
 00000000
 00000000
 00000000
 00000000
 00000000
 00000000
 00000000
 00000000
 00000000
 00000000
 00000000
 00000000
 00000000
 00000000
 00000000
 00000000
 00000000
 00000000
 00000000
 00000000
 00000000
 00000000
 00000000
 00000000
 00000000
 00000000
 00000000
 00000000
 00000000
 00000000
 00000000
 00000000
 00000000
 00000000
 00000000
 00000000
 00000000
 00000000
 00000000
 00000000
 00000000
 00000000
 00000000
 00000000
 00000000
 00000000
 00000000
 00000000
 00000000
 00000000
 00000000
 00000000
 00000000
 00000000
 00000000
 00000000
 00000000
 00000000
 00000000
 00000000
 00000000
 00000000
 00000000
 00000000
 00000000
 00000000
 00000000
 00000000
 00000000
 00000000
 00000000
 00000000
 00000000
 00000000
 00000000
 00000000
 00000000
 00000000
 00000000
 00000000
 00000000
 00000000
 00000000
 00000000
 00000000
 00000000
 00000000
 00000000
 00000000
 00000000
 00000000
 00000000
 00000000
 00000000
 00000000
 00000000
 00000000
 00000000
 00000000
 00000000
 00000000
 00000000
 00000000
 00000000
 00000000
 00000000
 00000000
 00000000
 00000000
 00000000
 00000000
 00000000
 00000000
 00000000
 00000000
 00000000
 00000000
 00000000
 00000000
 00000000
 00000000
 00000000
 00000000
 00000000
 00000000
 00000000
 00000000
 00000000
 00000000
 00000000
 00000000
 00000000
 00000000
 00000000
 00000000
 00000000
 00000000
 00000000
 00000000
 00000000
 00000000
 00000000
 00000000
 00000000
 00000000
 00000000
 00000000
 00000000
 00000000
 00000000
 00000000
 00000000
 00000000
 00000000
 00000000
 00000000
 00000000
 00000000
 00000000
 00000000
 00000000
 00000000
 00000000
 00000000
 00000000
 00000000
 00000000
 00000000
 00000000
 00000000
 00000000
 00000000
 00000000
 00000000
 00000000
 00000000
 00000000
 00000000
 00000000
 00000000
 00000000
 00000000
 00000000
 00000000
 00000000
 00000000
 00000000
 00000000
 00000000
 00000000
 00000000
 00000000
 00000000
 00000000
 00000000
 00000000
 00000000
 00000000
 00000000
 00000000
 00000000
 00000000
 00000000
 00000000
 00000000
 00000000
 00000000
 00000000
 00000000
 00000000
 00000000
 00000000
 00000000
 00000000
 00000000
 00000000
 00000000
 00000000
 00000000
 00000000
 00000000
 00000000
 00000000
 00000000
 00000000
 00000000
 00000000
 00000000
 00000000
 00000000
 00000000
 00000000
 00000000
 00000000
 00000000
 00000000
 00000000
 00000000
 00000000
 00000000
 00000000
 00000000
 00000000
 00000000
 00000000
 00000000
 00000000
 00000000
 00000000
 00000000
 00000000
 00000000
 00000000
 00000000
 00000000
 00000000
 00000000
 00000000
 00000000
 00000000
 00000000
 00000000
 00000000
 00000000
 00000000
 00000000
 00000000
 00000000
 00000000
 00000000
 00000000
 00000000
 00000000
 00000000
 00000000
 00000000
 00000000
 00000000
 00000000
 00000000
 00000000
 00000000
 00000000
 00000000
 00000000
 00000000
 00000000
 00000000
 00000000
 00000000
 00000000
 00000000
 00000000
 00000000
 00000000
 00000000
 00000000
 00000000
 00000000
 00000000
 00000000
 00000000
 00000000
 00000000
 00000000
 00000000
 00000000
 00000000
 00000000
 00000000
 00000000
 00000000
 00000000
 00000000
 00000000
 00000000
 00000000
 00000000
 00000000
 00000000
 00000000
 00000000
 00000000
 00000000
 00000000
 00000000
 00000000
 00000000
 00000000
 00000000
 00000000
 00000000
 00000000
 00000000
 00000000
 00000000
 00000000
 00000000
 00000000
 00000000
 00000000
 00000000
 00000000
 00000000
 00000000
 00000000
 00000000
 00000000
 00000000
 00000000
 00000000
 00000000
 00000000
 00000000
 00000000
 00000000
 00000000
 00000000
 00000000
 00000000
 00000000
 00000000
 00000000
 00000000
 00000000
 00000000
 00000000
 00000000
 00000000
 00000000
 00000000
 00000000
 00000000
 00000000
 00000000
 00000000
 00000000
 00000000
 00000000
 00000000
 00000000
 00000000
 00000000
 00000000
 00000000
 00000000
 00000000
 00000000
 00000000
 00000000
 00000000
 00000000
 00000000
 00000000
 00000000
 00000000
 00000000
 00000000
 00000000
 00000000
 00000000
 00000000
 00000000
 00000000
 00000000
 00000000
 00000000
 00000000
 00000000
 00000000
 00000000
 00000000
 00000000
 00000000
 00000000
 00000000
 00000000
 00000000
 00000000
 00000000
 00000000
 000008c4
 0000051c
 00000904
 0000051c
 0000051c
 0000051c
 0000051c
 000008d0
 0000051c
 0000051c
 00000500
 000008ec
 0000051c
 00000500
 00000540
 00000540
 00000540
 00000540
 00000540
 00000540
 00000540
 00000540
 00000540
 0000051c
 0000051c
 0000051c
 0000051c
 0000051c
 0000051c
 0000051c
 0000051c
 0000051c
 0000051c
 0000051c
 0000051c
 0000051c
 0000051c
 0000051c
 0000051c
 0000051c
 0000051c
 0000051c
 0000051c
 0000051c
 0000051c
 0000051c
 0000051c
 0000051c
 0000051c
 0000051c
 0000051c
 0000051c
 0000051c
 00000814
 0000051c
 0000051c
 0000051c
 0000051c
 0000051c
 0000051c
 0000051c
 0000051c
 0000051c
 0000051c
 00000590
 000005e4
 0000051c
 00000760
 0000051c
 0000051c
 0000051c
 0000051c
 0000051c
 000007cc
 0000051c
 0000051c
 000007dc
 00000840
 0000051c
 0000051c
 0000089c
 0000051c
 00000924
 0000051c
 0000051c
 00000a3c
 3340d4b0
 e7146a79
 0000e3c1
 1199be52
 1fd75608
 00000747
 39bf5e47
 8e3ae5a4
 00008d84
 00003040
 00003010
 0000301c
 00003028
 00003034
 00003004
 0000d09c
 0000d0a4
 0000d0ac
 0000d0b4
 0000d06c
 0000d078
 0000d084
 0000d090
 0000d03c
 0000d048
 0000d054
 0000d060
 0000d00c
 0000d018
 0000d024
 0000d030
 00004998
 00004998
 000049bc
 0000498c
 0000498c
 00004a80
 000049bc
 0000498c
 00004a80
 0000498c
 000049bc
 00004988
 00004988
 00004988
 00004a80
 00005664
 000056f0
 00005670
 000056f0
 000056e0
 000056f0
 00005670
 00005664
 00005664
 000056e0
 00005670
 00005640
 00005640
 00005640
 00005678
 00005a8c
 00005a8c
 00005ab0
 00005a84
 00005a84
 00005b18
 00005ab0
 00005a84
 00005b18
 00005a84
 00005ab0
 00005a80
 00005a80
 00005a80
 00005b18
 02020100
 03030303
 04040404
 04040404
 05050505
 05050505
 05050505
 05050505
 06060606
 06060606
 06060606
 06060606
 06060606
 06060606
 06060606
 06060606
 07070707
 07070707
 07070707
 07070707
 07070707
 07070707
 07070707
 07070707
 07070707
 07070707
 07070707
 07070707
 07070707
 07070707
 07070707
 07070707
 08080808
 08080808
 08080808
 08080808
 08080808
 08080808
 08080808
 08080808
 08080808
 08080808
 08080808
 08080808
 08080808
 08080808
 08080808
 08080808
 08080808
 08080808
 08080808
 08080808
 08080808
 08080808
 08080808
 08080808
 08080808
 08080808
 08080808
 08080808
 08080808
 08080808
 08080808
 08080808
 65726f43
 6b72614d
 302e3120
 0000000a
 65726f43
 6b72614d
 302e3120
 25203a20
 00000a66
 65726f43
 6b72614d
 7a484d2f
 25203a20
 00000a66
 494e4946
 000a4853
 6c756e28
 0000296c
 252e6425
 00000064
 70206b36
 6f667265
 6e616d72
 72206563
 70206e75
 6d617261
 72657465
 6f662073
 6f632072
 616d6572
 0a2e6b72
 00000000
 76206b36
 64696c61
 6f697461
 7572206e
 6170206e
 656d6172
 73726574
 726f6620
 726f6320
 72616d65
 000a2e6b
 666f7250
 20656c69
 656e6567
 69746172
 72206e6f
 70206e75
 6d617261
 72657465
 6f662073
 6f632072
 616d6572
 0a2e6b72
 00000000
 70204b32
 6f667265
 6e616d72
 72206563
 70206e75
 6d617261
 72657465
 6f662073
 6f632072
 616d6572
 0a2e6b72
 00000000
 76204b32
 64696c61
 6f697461
 7572206e
 6170206e
 656d6172
 73726574
 726f6620
 726f6320
 72616d65
 000a2e6b
 5d75255b
 4f525245
 6c202152
 20747369
 20637263
 30257830
 2d207834
 6f687320
 20646c75
 30206562
 34302578
 00000a78
 5d75255b
 4f525245
 6d202152
 69727461
 72632078
 78302063
 78343025
 73202d20
 6c756f68
 65622064
 25783020
 0a783430
 00000000
 5d75255b
 4f525245
 73202152
 65746174
 63726320
 25783020
 20783430
 6873202d
 646c756f
 20656220
 30257830
 000a7834
 65726f43
 6b72614d
 7a695320
 20202065
 25203a20
 000a756c
 61746f54
 6974206c
 20736b63
 20202020
 25203a20
 000a756c
 61746f54
 6974206c
 2820656d
 73636573
 25203a29
 00000a64
 72657449
 6f697461
 532f736e
 20206365
 25203a20
 00000a64
 4f525245
 4d202152
 20747375
 63657865
 20657475
 20726f66
 6c207461
 74736165
 20303120
 73636573
 726f6620
 76206120
 64696c61
 73657220
 21746c75
 0000000a
 72657449
 6f697461
 2020736e
 20202020
 25203a20
 000a756c
 31434347
 2e322e30
 00000030
 706d6f43
 72656c69
 72657620
 6e6f6973
 25203a20
 00000a73
 20324f2d
 6e75662d
 6c6c6f72
 6f6f6c2d
 2d207370
 65657066
 6f6c2d6c
 2073706f
 6367662d
 732d6573
 662d206d
 65736367
 73616c2d
 00000020
 706d6f43
 72656c69
 616c6620
 20207367
 25203a20
 00000a73
 54415453
 00004349
 6f6d654d
 6c207972
 7461636f
 206e6f69
 25203a20
 00000a73
 64656573
 20637263
 20202020
 20202020
 30203a20
 34302578
 00000a78
 5d64255b
 6c637263
 20747369
 20202020
 203a2020
 30257830
 000a7834
 5d64255b
 6d637263
 69727461
 20202078
 203a2020
 30257830
 000a7834
 5d64255b
 73637263
 65746174
 20202020
 203a2020
 30257830
 000a7834
 5d64255b
 66637263
 6c616e69
 20202020
 203a2020
 30257830
 000a7834
 72726f43
 20746365
 7265706f
 6f697461
 6176206e
 6164696c
 2e646574
 65655320
 41455220
 2e454d44
 6620646d
 7220726f
 61206e75
 7220646e
 726f7065
 676e6974
 6c757220
 0a2e7365
 00000000
 6f727245
 64207372
 63657465
 0a646574
 00000000
 6e6e6143
 7620746f
 64696c61
 20657461
 7265706f
 6f697461
 6f66206e
 68742072
 20657365
 64656573
 6c617620
 2c736575
 656c7020
 20657361
 706d6f63
 20657261
 68746977
 73657220
 73746c75
 206e6f20
 6e6b2061
 206e776f
 74616c70
 6d726f66
 00000a2e
 74617453
 00006369
 70616548
 00000000
 63617453
 0000006b
 332e3054
 46312d65
 00000000
 542e542d
 71542b2b
 00000000
 2e335431
 7a346534
 00000000
 302e3433
 5e542d65
 00000000
 30352e35
 332b6530
 00000000
 32312e2d
 322d6533
 00000000
 6537382d
 3233382b
 00000000
 362e302b
 32312d65
 00000000
 352e3533
 30303434
 00000000
 3332312e
 30303534
 00000000
 3031312d
 3030372e
 00000000
 362e302b
 30303434
 00000000
 32313035
 00000000
 34333231
 00000000
 3437382d
 00000000
 3232312b
 00000000
 447a0000
 4c3ebc20
 42c80000
 4e26e49c
 42480000
 00000000
 40c38800
 00000010
 00000000
 00527a03
 01017c01
 00020d1b
 00000010
 00000018
 ffff6770
 00000450
 00000000
 00000010
 0000002c
 ffff6bac
 00000434
 00000000
 00000010
 00000040
 ffff6fcc
 00000404
 00000000
 0000cff4
 0000cffc
 0000d004
 00000001
 ffff4008
 ffff4000
 000002bc
 00000066
 ffff300c
 ffff3008
 ffff3004
 ffff3000
