#-----------------------------------------------------------
# Vivado v2025.1 (64-bit)
# SW Build 6140274 on Thu May 22 00:12:29 MDT 2025
# IP Build 6138677 on Thu May 22 03:10:11 MDT 2025
# SharedData Build 6139179 on Tue May 20 17:58:58 MDT 2025
# Start of session at: Mon Jul 20 10:41:55 2026
# Process ID         : 24372
# Current directory  : D:/cpu-design/miniRV
# Command line       : vivado.exe -gui_launcher_event rodinguilauncherevent36548 D:\cpu-design\miniRV\miniRV.xpr
# Log file           : D:/cpu-design/miniRV/vivado.log
# Journal file       : D:/cpu-design/miniRV\vivado.jou
# Running On         : LAPTOP-1C1u4O
# Platform           : Windows Server 2016 or Windows 10
# Operating System   : 26200
# Processor Detail   : Intel(R) Core(TM) Ultra 5 125H
# CPU Frequency      : 2995 MHz
# CPU Physical cores : 14
# CPU Logical cores  : 18
# Host memory        : 33945 MB
# Swap memory        : 5100 MB
# Total Virtual      : 39046 MB
# Available Virtual  : 15943 MB
#-----------------------------------------------------------
start_gui
open_project D:/cpu-design/miniRV/miniRV.xpr
WARNING: [Board 49-26] cannot add Board Part xilinx.com:kcu105:part0:1.6 available at D:/vivado/2025.1/data/xhub/boards\XilinxBoardStore\boards\Xilinx\kcu105\1.6\board.xml as part xcku040-ffva1156-2-e specified in board_part file is either invalid or not available
WARNING: [Board 49-26] cannot add Board Part xilinx.com:kcu105:part0:1.7 available at D:/vivado/2025.1/data/xhub/boards\XilinxBoardStore\boards\Xilinx\kcu105\1.7\board.xml as part xcku040-ffva1156-2-e specified in board_part file is either invalid or not available
WARNING: [Board 49-26] cannot add Board Part xilinx.com:vcu108:part0:1.6 available at D:/vivado/2025.1/data/xhub/boards\XilinxBoardStore\boards\Xilinx\vcu108\1.6\board.xml as part xcvu095-ffva2104-2-e specified in board_part file is either invalid or not available
WARNING: [Board 49-26] cannot add Board Part xilinx.com:vcu108:part0:1.7 available at D:/vivado/2025.1/data/xhub/boards\XilinxBoardStore\boards\Xilinx\vcu108\1.7\board.xml as part xcvu095-ffva2104-2-e specified in board_part file is either invalid or not available
WARNING: [Board 49-26] cannot add Board Part xilinx.com:vcu110:part0:1.4 available at D:/vivado/2025.1/data/xhub/boards\XilinxBoardStore\boards\Xilinx\vcu110\1.4\board.xml as part xcvu190-flgc2104-2-e specified in board_part file is either invalid or not available
WARNING: [Board 49-26] cannot add Board Part xilinx.com:vcu128:part0:1.0 available at D:/vivado/2025.1/data/xhub/boards\XilinxBoardStore\boards\Xilinx\vcu128\production\1.0\board.xml as part xcvu37p-fsvh2892-2l-e specified in board_part file is either invalid or not available
WARNING: [Board 49-26] cannot add Board Part xilinx.com:vcu129:part0:1.0 available at D:/vivado/2025.1/data/xhub/boards\XilinxBoardStore\boards\Xilinx\vcu129\production\1.0\board.xml as part xcvu29p-fsga2577-2l-e specified in board_part file is either invalid or not available
WARNING: [Board 49-26] cannot add Board Part xilinx.com:vek280:part0:1.0 available at D:/vivado/2025.1/data/xhub/boards\XilinxBoardStore\boards\Xilinx\vek280\production\1.0\board.xml as part xcve2802-vsvh1760-2mp-e-s specified in board_part file is either invalid or not available
WARNING: [Board 49-26] cannot add Board Part xilinx.com:vek280:part0:1.1 available at D:/vivado/2025.1/data/xhub/boards\XilinxBoardStore\boards\Xilinx\vek280\production\1.1\board.xml as part xcve2802-vsvh1760-2mp-e-s specified in board_part file is either invalid or not available
WARNING: [Board 49-26] cannot add Board Part xilinx.com:vek280:part0:1.2 available at D:/vivado/2025.1/data/xhub/boards\XilinxBoardStore\boards\Xilinx\vek280\production\1.2\board.xml as part xcve2802-vsvh1760-2mp-e-s specified in board_part file is either invalid or not available
WARNING: [Board 49-26] cannot add Board Part xilinx.com:vek385:part0:1.0 available at D:/vivado/2025.1/data/xhub/boards\XilinxBoardStore\boards\Xilinx\vek385\1.0\board.xml as part xc2ve3858-ssva2112-2mp-e-s specified in board_part file is either invalid or not available
WARNING: [Board 49-26] cannot add Board Part xilinx.com:vermeo_t1_rfsoc:part0:1.0 available at D:/vivado/2025.1/data/xhub/boards\XilinxBoardStore\boards\Xilinx\vermeo_t1_rfsoc\1.0\board.xml as part xczu21dr-ffvd1156-2l-e specified in board_part file is either invalid or not available
WARNING: [Board 49-26] cannot add Board Part xilinx.com:vhk158:part0:1.0 available at D:/vivado/2025.1/data/xhub/boards\XilinxBoardStore\boards\Xilinx\vhk158\production\1.0\board.xml as part xcvh1582-vsva3697-2mp-e-s specified in board_part file is either invalid or not available
WARNING: [Board 49-26] cannot add Board Part xilinx.com:vhk158:part0:1.1 available at D:/vivado/2025.1/data/xhub/boards\XilinxBoardStore\boards\Xilinx\vhk158\production\1.1\board.xml as part xcvh1582-vsva3697-2mp-e-s specified in board_part file is either invalid or not available
WARNING: [Board 49-26] cannot add Board Part xilinx.com:vhk158:part0:1.2 available at D:/vivado/2025.1/data/xhub/boards\XilinxBoardStore\boards\Xilinx\vhk158\production\1.2\board.xml as part xcvh1582-vsva3697-2mp-e-s specified in board_part file is either invalid or not available
WARNING: [Board 49-26] cannot add Board Part xilinx.com:vpk180:part0:1.0 available at D:/vivado/2025.1/data/xhub/boards\XilinxBoardStore\boards\Xilinx\vpk180\production\1.0\board.xml as part xcvp1802-lsvc4072-2mp-e-s specified in board_part file is either invalid or not available
WARNING: [Board 49-26] cannot add Board Part xilinx.com:vpk180:part0:1.1 available at D:/vivado/2025.1/data/xhub/boards\XilinxBoardStore\boards\Xilinx\vpk180\production\1.1\board.xml as part xcvp1802-lsvc4072-2mp-e-s specified in board_part file is either invalid or not available
WARNING: [Board 49-26] cannot add Board Part xilinx.com:vpk180:part0:1.2 available at D:/vivado/2025.1/data/xhub/boards\XilinxBoardStore\boards\Xilinx\vpk180\production\1.2\board.xml as part xcvp1802-lsvc4072-2mp-e-s specified in board_part file is either invalid or not available
WARNING: [Board 49-26] cannot add Board Part xilinx.com:zcu111:part0:1.2 available at D:/vivado/2025.1/data/xhub/boards\XilinxBoardStore\boards\Xilinx\zcu111\1.2\board.xml as part xczu28dr-ffvg1517-2-e specified in board_part file is either invalid or not available
WARNING: [Board 49-26] cannot add Board Part xilinx.com:zcu111:part0:1.3 available at D:/vivado/2025.1/data/xhub/boards\XilinxBoardStore\boards\Xilinx\zcu111\1.3\board.xml as part xczu28dr-ffvg1517-2-e specified in board_part file is either invalid or not available
WARNING: [Board 49-26] cannot add Board Part xilinx.com:zcu111:part0:1.4 available at D:/vivado/2025.1/data/xhub/boards\XilinxBoardStore\boards\Xilinx\zcu111\1.4\board.xml as part xczu28dr-ffvg1517-2-e specified in board_part file is either invalid or not available
WARNING: [Board 49-26] cannot add Board Part xilinx.com:zcu1275:part0:1.0 available at D:/vivado/2025.1/data/xhub/boards\XilinxBoardStore\boards\Xilinx\zcu1275\1.0\board.xml as part xczu29dr-ffvf1760-2-e specified in board_part file is either invalid or not available
WARNING: [Board 49-26] cannot add Board Part xilinx.com:zcu1285:part0:1.0 available at D:/vivado/2025.1/data/xhub/boards\XilinxBoardStore\boards\Xilinx\zcu1285\1.0\board.xml as part xczu39dr-ffvf1760-2-i specified in board_part file is either invalid or not available
WARNING: [Board 49-26] cannot add Board Part xilinx.com:zcu208:part0:2.0 available at D:/vivado/2025.1/data/xhub/boards\XilinxBoardStore\boards\Xilinx\zcu208\production\2.0\board.xml as part xczu48dr-fsvg1517-2-e specified in board_part file is either invalid or not available
WARNING: [Board 49-26] cannot add Board Part xilinx.com:zcu208ld:part0:2.0 available at D:/vivado/2025.1/data/xhub/boards\XilinxBoardStore\boards\Xilinx\zcu208ld\production\2.0\board.xml as part xczu58dr-fsvg1517-2-i specified in board_part file is either invalid or not available
WARNING: [Board 49-26] cannot add Board Part xilinx.com:zcu216:part0:2.0 available at D:/vivado/2025.1/data/xhub/boards\XilinxBoardStore\boards\Xilinx\zcu216\production\2.0\board.xml as part xczu49dr-ffvf1760-2-e specified in board_part file is either invalid or not available
WARNING: [Board 49-26] cannot add Board Part xilinx.com:zcu216ld:part0:2.0 available at D:/vivado/2025.1/data/xhub/boards\XilinxBoardStore\boards\Xilinx\zcu216ld\production\2.0\board.xml as part xczu59dr-ffvf1760-2-i specified in board_part file is either invalid or not available
WARNING: [Board 49-26] cannot add Board Part xilinx.com:zcu670:part0:2.0 available at D:/vivado/2025.1/data/xhub/boards\XilinxBoardStore\boards\Xilinx\zcu670\2.0\board.xml as part xczu67dr-fsve1156-2-i specified in board_part file is either invalid or not available
WARNING: [Board 49-26] cannot add Board Part xilinx.com:zcu670ld:part0:1.0 available at D:/vivado/2025.1/data/xhub/boards\XilinxBoardStore\boards\Xilinx\zcu670ld\1.0\board.xml as part xczu57dr-fsve1156-2-i specified in board_part file is either invalid or not available
INFO: [Project 1-313] Project file moved from 'D:/users/acad/2026.3/CPU/cpu-design/miniRV' since last save.
Scanning sources...
Finished scanning sources
WARNING: [Board 49-26] cannot add Board Part xilinx.com:kcu105:part0:1.6 available at D:/vivado/2025.1/data/xhub/boards\XilinxBoardStore\boards\Xilinx\kcu105\1.6\board.xml as part xcku040-ffva1156-2-e specified in board_part file is either invalid or not available
WARNING: [Board 49-26] cannot add Board Part xilinx.com:kcu105:part0:1.7 available at D:/vivado/2025.1/data/xhub/boards\XilinxBoardStore\boards\Xilinx\kcu105\1.7\board.xml as part xcku040-ffva1156-2-e specified in board_part file is either invalid or not available
WARNING: [Board 49-26] cannot add Board Part xilinx.com:vcu108:part0:1.6 available at D:/vivado/2025.1/data/xhub/boards\XilinxBoardStore\boards\Xilinx\vcu108\1.6\board.xml as part xcvu095-ffva2104-2-e specified in board_part file is either invalid or not available
WARNING: [Board 49-26] cannot add Board Part xilinx.com:vcu108:part0:1.7 available at D:/vivado/2025.1/data/xhub/boards\XilinxBoardStore\boards\Xilinx\vcu108\1.7\board.xml as part xcvu095-ffva2104-2-e specified in board_part file is either invalid or not available
WARNING: [Board 49-26] cannot add Board Part xilinx.com:vcu110:part0:1.4 available at D:/vivado/2025.1/data/xhub/boards\XilinxBoardStore\boards\Xilinx\vcu110\1.4\board.xml as part xcvu190-flgc2104-2-e specified in board_part file is either invalid or not available
WARNING: [Board 49-26] cannot add Board Part xilinx.com:vcu128:part0:1.0 available at D:/vivado/2025.1/data/xhub/boards\XilinxBoardStore\boards\Xilinx\vcu128\production\1.0\board.xml as part xcvu37p-fsvh2892-2l-e specified in board_part file is either invalid or not available
WARNING: [Board 49-26] cannot add Board Part xilinx.com:vcu129:part0:1.0 available at D:/vivado/2025.1/data/xhub/boards\XilinxBoardStore\boards\Xilinx\vcu129\production\1.0\board.xml as part xcvu29p-fsga2577-2l-e specified in board_part file is either invalid or not available
WARNING: [Board 49-26] cannot add Board Part xilinx.com:vek280:part0:1.0 available at D:/vivado/2025.1/data/xhub/boards\XilinxBoardStore\boards\Xilinx\vek280\production\1.0\board.xml as part xcve2802-vsvh1760-2mp-e-s specified in board_part file is either invalid or not available
WARNING: [Board 49-26] cannot add Board Part xilinx.com:vek280:part0:1.1 available at D:/vivado/2025.1/data/xhub/boards\XilinxBoardStore\boards\Xilinx\vek280\production\1.1\board.xml as part xcve2802-vsvh1760-2mp-e-s specified in board_part file is either invalid or not available
WARNING: [Board 49-26] cannot add Board Part xilinx.com:vek280:part0:1.2 available at D:/vivado/2025.1/data/xhub/boards\XilinxBoardStore\boards\Xilinx\vek280\production\1.2\board.xml as part xcve2802-vsvh1760-2mp-e-s specified in board_part file is either invalid or not available
WARNING: [Board 49-26] cannot add Board Part xilinx.com:vek385:part0:1.0 available at D:/vivado/2025.1/data/xhub/boards\XilinxBoardStore\boards\Xilinx\vek385\1.0\board.xml as part xc2ve3858-ssva2112-2mp-e-s specified in board_part file is either invalid or not available
WARNING: [Board 49-26] cannot add Board Part xilinx.com:vermeo_t1_rfsoc:part0:1.0 available at D:/vivado/2025.1/data/xhub/boards\XilinxBoardStore\boards\Xilinx\vermeo_t1_rfsoc\1.0\board.xml as part xczu21dr-ffvd1156-2l-e specified in board_part file is either invalid or not available
WARNING: [Board 49-26] cannot add Board Part xilinx.com:vhk158:part0:1.0 available at D:/vivado/2025.1/data/xhub/boards\XilinxBoardStore\boards\Xilinx\vhk158\production\1.0\board.xml as part xcvh1582-vsva3697-2mp-e-s specified in board_part file is either invalid or not available
WARNING: [Board 49-26] cannot add Board Part xilinx.com:vhk158:part0:1.1 available at D:/vivado/2025.1/data/xhub/boards\XilinxBoardStore\boards\Xilinx\vhk158\production\1.1\board.xml as part xcvh1582-vsva3697-2mp-e-s specified in board_part file is either invalid or not available
WARNING: [Board 49-26] cannot add Board Part xilinx.com:vhk158:part0:1.2 available at D:/vivado/2025.1/data/xhub/boards\XilinxBoardStore\boards\Xilinx\vhk158\production\1.2\board.xml as part xcvh1582-vsva3697-2mp-e-s specified in board_part file is either invalid or not available
WARNING: [Board 49-26] cannot add Board Part xilinx.com:vpk180:part0:1.0 available at D:/vivado/2025.1/data/xhub/boards\XilinxBoardStore\boards\Xilinx\vpk180\production\1.0\board.xml as part xcvp1802-lsvc4072-2mp-e-s specified in board_part file is either invalid or not available
WARNING: [Board 49-26] cannot add Board Part xilinx.com:vpk180:part0:1.1 available at D:/vivado/2025.1/data/xhub/boards\XilinxBoardStore\boards\Xilinx\vpk180\production\1.1\board.xml as part xcvp1802-lsvc4072-2mp-e-s specified in board_part file is either invalid or not available
WARNING: [Board 49-26] cannot add Board Part xilinx.com:vpk180:part0:1.2 available at D:/vivado/2025.1/data/xhub/boards\XilinxBoardStore\boards\Xilinx\vpk180\production\1.2\board.xml as part xcvp1802-lsvc4072-2mp-e-s specified in board_part file is either invalid or not available
WARNING: [Board 49-26] cannot add Board Part xilinx.com:zcu111:part0:1.2 available at D:/vivado/2025.1/data/xhub/boards\XilinxBoardStore\boards\Xilinx\zcu111\1.2\board.xml as part xczu28dr-ffvg1517-2-e specified in board_part file is either invalid or not available
WARNING: [Board 49-26] cannot add Board Part xilinx.com:zcu111:part0:1.3 available at D:/vivado/2025.1/data/xhub/boards\XilinxBoardStore\boards\Xilinx\zcu111\1.3\board.xml as part xczu28dr-ffvg1517-2-e specified in board_part file is either invalid or not available
WARNING: [Board 49-26] cannot add Board Part xilinx.com:zcu111:part0:1.4 available at D:/vivado/2025.1/data/xhub/boards\XilinxBoardStore\boards\Xilinx\zcu111\1.4\board.xml as part xczu28dr-ffvg1517-2-e specified in board_part file is either invalid or not available
WARNING: [Board 49-26] cannot add Board Part xilinx.com:zcu1275:part0:1.0 available at D:/vivado/2025.1/data/xhub/boards\XilinxBoardStore\boards\Xilinx\zcu1275\1.0\board.xml as part xczu29dr-ffvf1760-2-e specified in board_part file is either invalid or not available
WARNING: [Board 49-26] cannot add Board Part xilinx.com:zcu1285:part0:1.0 available at D:/vivado/2025.1/data/xhub/boards\XilinxBoardStore\boards\Xilinx\zcu1285\1.0\board.xml as part xczu39dr-ffvf1760-2-i specified in board_part file is either invalid or not available
WARNING: [Board 49-26] cannot add Board Part xilinx.com:zcu208:part0:2.0 available at D:/vivado/2025.1/data/xhub/boards\XilinxBoardStore\boards\Xilinx\zcu208\production\2.0\board.xml as part xczu48dr-fsvg1517-2-e specified in board_part file is either invalid or not available
WARNING: [Board 49-26] cannot add Board Part xilinx.com:zcu208ld:part0:2.0 available at D:/vivado/2025.1/data/xhub/boards\XilinxBoardStore\boards\Xilinx\zcu208ld\production\2.0\board.xml as part xczu58dr-fsvg1517-2-i specified in board_part file is either invalid or not available
WARNING: [Board 49-26] cannot add Board Part xilinx.com:zcu216:part0:2.0 available at D:/vivado/2025.1/data/xhub/boards\XilinxBoardStore\boards\Xilinx\zcu216\production\2.0\board.xml as part xczu49dr-ffvf1760-2-e specified in board_part file is either invalid or not available
WARNING: [Board 49-26] cannot add Board Part xilinx.com:zcu216ld:part0:2.0 available at D:/vivado/2025.1/data/xhub/boards\XilinxBoardStore\boards\Xilinx\zcu216ld\production\2.0\board.xml as part xczu59dr-ffvf1760-2-i specified in board_part file is either invalid or not available
WARNING: [Board 49-26] cannot add Board Part xilinx.com:zcu670:part0:2.0 available at D:/vivado/2025.1/data/xhub/boards\XilinxBoardStore\boards\Xilinx\zcu670\2.0\board.xml as part xczu67dr-fsve1156-2-i specified in board_part file is either invalid or not available
WARNING: [Board 49-26] cannot add Board Part xilinx.com:zcu670ld:part0:1.0 available at D:/vivado/2025.1/data/xhub/boards\XilinxBoardStore\boards\Xilinx\zcu670ld\1.0\board.xml as part xczu57dr-fsve1156-2-i specified in board_part file is either invalid or not available
WARNING: [Project 1-5713] Board part '' set for the project  is not found. BoardPart property will be unset. Please select board from latest repo build 
INFO: [IP_Flow 19-234] Refreshing IP repositories
INFO: [IP_Flow 19-1704] No user IP repositories specified
INFO: [IP_Flow 19-2313] Loaded Vivado IP repository 'D:/vivado/2025.1/Vivado/data/ip'.
WARNING: [IP_Flow 19-2162] IP 'DRAM' is locked:
* IP definition 'Block Memory Generator (8.4)' for IP 'DRAM' (customized with software release 2023.2) has a different revision in the IP Catalog.
WARNING: [IP_Flow 19-3664] IP 'IROM' generated file not found 'd:/cpu-design/miniRV/src/rtl/ip/IROM/IROM.dcp'. Please regenerate to continue.
WARNING: [IP_Flow 19-3664] IP 'IROM' generated file not found 'd:/cpu-design/miniRV/src/rtl/ip/IROM/IROM_stub.v'. Please regenerate to continue.
WARNING: [IP_Flow 19-3664] IP 'IROM' generated file not found 'd:/cpu-design/miniRV/src/rtl/ip/IROM/IROM_stub.vhdl'. Please regenerate to continue.
WARNING: [IP_Flow 19-3664] IP 'IROM' generated file not found 'd:/cpu-design/miniRV/src/rtl/ip/IROM/IROM_sim_netlist.v'. Please regenerate to continue.
WARNING: [IP_Flow 19-3664] IP 'IROM' generated file not found 'd:/cpu-design/miniRV/src/rtl/ip/IROM/IROM_sim_netlist.vhdl'. Please regenerate to continue.
WARNING: [IP_Flow 19-2162] IP 'IROM' is locked:
* IP definition 'Block Memory Generator (8.4)' for IP 'IROM' (customized with software release 2023.2) has a different revision in the IP Catalog.
WARNING: [IP_Flow 19-2162] IP 'clk_wiz_0' is locked:
* IP definition 'Clocking Wizard (6.0)' for IP 'clk_wiz_0' (customized with software release 2023.2) has a different revision in the IP Catalog.
INFO: [Project 1-230] Project 'miniRV.xpr' upgraded for this version of Vivado.
open_project: Time (s): cpu = 00:00:12 ; elapsed = 00:00:08 . Memory (MB): peak = 1761.438 ; gain = 157.547
update_compile_order -fileset sources_1
report_ip_status -name ip_status 
upgrade_ip -srcset DRAM [get_ips  {DRAM IROM clk_wiz_0}] -log ip_upgrade.log
Upgrading 'DRAM'
INFO: [Project 1-386] Moving file 'D:/cpu-design/miniRV/src/rtl/ip/DRAM/DRAM.xci' from fileset 'DRAM' to fileset 'sources_1'.
INFO: [IP_Flow 19-3422] Upgraded DRAM (Block Memory Generator 8.4) from revision 7 to revision 11
INFO: [IP_Flow 19-1686] Generating 'Instantiation Template' target for IP 'DRAM'...
Upgrading 'IROM'
INFO: [Project 1-386] Moving file 'D:/cpu-design/miniRV/src/rtl/ip/IROM/IROM.xci' from fileset 'IROM' to fileset 'sources_1'.
INFO: [IP_Flow 19-3422] Upgraded IROM (Block Memory Generator 8.4) from revision 7 to revision 11
INFO: [IP_Flow 19-1686] Generating 'Instantiation Template' target for IP 'IROM'...
Upgrading 'clk_wiz_0'
INFO: [Project 1-386] Moving file 'D:/cpu-design/miniRV/src/rtl/ip/clk_wiz_0/clk_wiz_0.xci' from fileset 'clk_wiz_0' to fileset 'sources_1'.
INFO: [Device 21-403] Loading part xc7a35tcsg324-1
INFO: [IP_Flow 19-3422] Upgraded clk_wiz_0 (Clocking Wizard 6.0) from revision 13 to revision 16
INFO: [IP_Flow 19-1686] Generating 'Instantiation Template' target for IP 'clk_wiz_0'...
INFO: [Coretcl 2-1525] Wrote upgrade log to 'D:/cpu-design/miniRV/ip_upgrade.log'.
upgrade_ip: Time (s): cpu = 00:00:06 ; elapsed = 00:00:07 . Memory (MB): peak = 1998.742 ; gain = 235.129
export_ip_user_files -of_objects [get_ips {DRAM IROM clk_wiz_0}] -no_script -sync -force -quiet
update_compile_order -fileset sources_1
report_ip_status -name ip_status 
generate_target all [get_files D:/cpu-design/miniRV/src/rtl/ip/DRAM/DRAM.xci]
INFO: [IP_Flow 19-1686] Generating 'Synthesis' target for IP 'DRAM'...
INFO: [IP_Flow 19-1686] Generating 'Simulation' target for IP 'DRAM'...
INFO: [IP_Flow 19-1686] Generating 'Miscellaneous' target for IP 'DRAM'...
INFO: [IP_Flow 19-1686] Generating 'Change Log' target for IP 'DRAM'...
export_ip_user_files -of_objects [get_files D:/cpu-design/miniRV/src/rtl/ip/DRAM/DRAM.xci] -no_script -sync -force -quiet
export_simulation -of_objects [get_files D:/cpu-design/miniRV/src/rtl/ip/DRAM/DRAM.xci] -directory D:/cpu-design/miniRV/miniRV.ip_user_files/sim_scripts -ip_user_files_dir D:/cpu-design/miniRV/miniRV.ip_user_files -ipstatic_source_dir D:/cpu-design/miniRV/miniRV.ip_user_files/ipstatic -lib_map_path [list {modelsim=D:/cpu-design/miniRV/miniRV.cache/compile_simlib/modelsim} {questa=D:/cpu-design/miniRV/miniRV.cache/compile_simlib/questa} {riviera=D:/cpu-design/miniRV/miniRV.cache/compile_simlib/riviera} {activehdl=D:/cpu-design/miniRV/miniRV.cache/compile_simlib/activehdl}] -use_ip_compiled_libs -force -quiet
create_fileset -blockset DRAM
set_property top DRAM [get_fileset DRAM]
move_files -fileset [get_fileset DRAM] [get_files -of_objects [get_fileset sources_1] D:/cpu-design/miniRV/src/rtl/ip/DRAM/DRAM.xci]
generate_target all [get_files D:/cpu-design/miniRV/src/rtl/ip/IROM/IROM.xci]
INFO: [IP_Flow 19-1686] Generating 'Synthesis' target for IP 'IROM'...
INFO: [IP_Flow 19-1686] Generating 'Simulation' target for IP 'IROM'...
INFO: [IP_Flow 19-1686] Generating 'Miscellaneous' target for IP 'IROM'...
INFO: [IP_Flow 19-1686] Generating 'Change Log' target for IP 'IROM'...
export_ip_user_files -of_objects [get_files D:/cpu-design/miniRV/src/rtl/ip/IROM/IROM.xci] -no_script -sync -force -quiet
export_simulation -of_objects [get_files D:/cpu-design/miniRV/src/rtl/ip/IROM/IROM.xci] -directory D:/cpu-design/miniRV/miniRV.ip_user_files/sim_scripts -ip_user_files_dir D:/cpu-design/miniRV/miniRV.ip_user_files -ipstatic_source_dir D:/cpu-design/miniRV/miniRV.ip_user_files/ipstatic -lib_map_path [list {modelsim=D:/cpu-design/miniRV/miniRV.cache/compile_simlib/modelsim} {questa=D:/cpu-design/miniRV/miniRV.cache/compile_simlib/questa} {riviera=D:/cpu-design/miniRV/miniRV.cache/compile_simlib/riviera} {activehdl=D:/cpu-design/miniRV/miniRV.cache/compile_simlib/activehdl}] -use_ip_compiled_libs -force -quiet
create_fileset -blockset IROM
set_property top IROM [get_fileset IROM]
move_files -fileset [get_fileset IROM] [get_files -of_objects [get_fileset sources_1] D:/cpu-design/miniRV/src/rtl/ip/IROM/IROM.xci]
generate_target all [get_files D:/cpu-design/miniRV/src/rtl/ip/clk_wiz_0/clk_wiz_0.xci]
INFO: [IP_Flow 19-1686] Generating 'Synthesis' target for IP 'clk_wiz_0'...
INFO: [IP_Flow 19-1686] Generating 'Simulation' target for IP 'clk_wiz_0'...
INFO: [IP_Flow 19-1686] Generating 'Implementation' target for IP 'clk_wiz_0'...
INFO: [IP_Flow 19-1686] Generating 'Change Log' target for IP 'clk_wiz_0'...
export_ip_user_files -of_objects [get_files D:/cpu-design/miniRV/src/rtl/ip/clk_wiz_0/clk_wiz_0.xci] -no_script -sync -force -quiet
export_simulation -of_objects [get_files D:/cpu-design/miniRV/src/rtl/ip/clk_wiz_0/clk_wiz_0.xci] -directory D:/cpu-design/miniRV/miniRV.ip_user_files/sim_scripts -ip_user_files_dir D:/cpu-design/miniRV/miniRV.ip_user_files -ipstatic_source_dir D:/cpu-design/miniRV/miniRV.ip_user_files/ipstatic -lib_map_path [list {modelsim=D:/cpu-design/miniRV/miniRV.cache/compile_simlib/modelsim} {questa=D:/cpu-design/miniRV/miniRV.cache/compile_simlib/questa} {riviera=D:/cpu-design/miniRV/miniRV.cache/compile_simlib/riviera} {activehdl=D:/cpu-design/miniRV/miniRV.cache/compile_simlib/activehdl}] -use_ip_compiled_libs -force -quiet
create_fileset -blockset clk_wiz_0
set_property top clk_wiz_0 [get_fileset clk_wiz_0]
move_files -fileset [get_fileset clk_wiz_0] [get_files -of_objects [get_fileset sources_1] D:/cpu-design/miniRV/src/rtl/ip/clk_wiz_0/clk_wiz_0.xci]
launch_run {DRAM_synth_1 IROM_synth_1 clk_wiz_0_synth_1}
[Mon Jul 20 10:44:03 2026] Launched DRAM_synth_1, IROM_synth_1, clk_wiz_0_synth_1...
Run output will be captured here:
DRAM_synth_1: D:/cpu-design/miniRV/miniRV.runs/DRAM_synth_1/runme.log
IROM_synth_1: D:/cpu-design/miniRV/miniRV.runs/IROM_synth_1/runme.log
clk_wiz_0_synth_1: D:/cpu-design/miniRV/miniRV.runs/clk_wiz_0_synth_1/runme.log
wait_on_run DRAM_synth_1

[Mon Jul 20 10:44:03 2026] Waiting for DRAM_synth_1 to finish...
[Mon Jul 20 10:44:08 2026] Waiting for DRAM_synth_1 to finish...
[Mon Jul 20 10:44:13 2026] Waiting for DRAM_synth_1 to finish...
[Mon Jul 20 10:44:18 2026] Waiting for DRAM_synth_1 to finish...
[Mon Jul 20 10:44:28 2026] Waiting for DRAM_synth_1 to finish...
[Mon Jul 20 10:44:39 2026] Waiting for DRAM_synth_1 to finish...
[Mon Jul 20 10:44:49 2026] Waiting for DRAM_synth_1 to finish...
[Mon Jul 20 10:44:59 2026] Waiting for DRAM_synth_1 to finish...
[Mon Jul 20 10:45:20 2026] Waiting for DRAM_synth_1 to finish...
[Mon Jul 20 10:45:40 2026] Waiting for DRAM_synth_1 to finish...

*** Running vivado
    with args -log DRAM.vds -m64 -product Vivado -mode batch -messageDb vivado.pb -notrace -source DRAM.tcl



****** Vivado v2025.1 (64-bit)
  **** SW Build 6140274 on Thu May 22 00:12:29 MDT 2025
  **** IP Build 6138677 on Thu May 22 03:10:11 MDT 2025
  **** SharedData Build 6139179 on Tue May 20 17:58:58 MDT 2025
  **** Start of session at: Mon Jul 20 10:44:05 2026
    ** Copyright 1986-2022 Xilinx, Inc. All Rights Reserved.
    ** Copyright 2022-2025 Advanced Micro Devices, Inc. All Rights Reserved.

source DRAM.tcl -notrace
create_project: Time (s): cpu = 00:00:08 ; elapsed = 00:00:08 . Memory (MB): peak = 604.602 ; gain = 210.586
Command: synth_design -top DRAM -part xc7a35tcsg324-1 -incremental_mode off -mode out_of_context
Starting synth_design
Attempting to get a license for feature 'Synthesis' and/or device 'xc7a35t'
INFO: [Common 17-349] Got license for feature 'Synthesis' and/or device 'xc7a35t'
INFO: [Device 21-403] Loading part xc7a35tcsg324-1
INFO: [Synth 8-7079] Multithreading enabled for synth_design using a maximum of 2 processes.
INFO: [Synth 8-7078] Launching helper process for spawning children vivado processes
INFO: [Synth 8-7075] Helper process launched with PID 40836
---------------------------------------------------------------------------------
Starting RTL Elaboration : Time (s): cpu = 00:00:06 ; elapsed = 00:00:06 . Memory (MB): peak = 1296.977 ; gain = 493.434
---------------------------------------------------------------------------------
WARNING: [Synth 8-7129] Port CLKB in module blk_mem_output_block is either unconnected or has no load
WARNING: [Synth 8-7129] Port DOUTB_I[31] in module blk_mem_output_block is either unconnected or has no load
WARNING: [Synth 8-7129] Port DOUTB_I[30] in module blk_mem_output_block is either unconnected or has no load
WARNING: [Synth 8-7129] Port DOUTB_I[29] in module blk_mem_output_block is either unconnected or has no load
WARNING: [Synth 8-7129] Port DOUTB_I[28] in module blk_mem_output_block is either unconnected or has no load
WARNING: [Synth 8-7129] Port DOUTB_I[27] in module blk_mem_output_block is either unconnected or has no load
WARNING: [Synth 8-7129] Port DOUTB_I[26] in module blk_mem_output_block is either unconnected or has no load
WARNING: [Synth 8-7129] Port DOUTB_I[25] in module blk_mem_output_block is either unconnected or has no load
WARNING: [Synth 8-7129] Port DOUTB_I[24] in module blk_mem_output_block is either unconnected or has no load
WARNING: [Synth 8-7129] Port DOUTB_I[23] in module blk_mem_output_block is either unconnected or has no load
WARNING: [Synth 8-7129] Port DOUTB_I[22] in module blk_mem_output_block is either unconnected or has no load
WARNING: [Synth 8-7129] Port DOUTB_I[21] in module blk_mem_output_block is either unconnected or has no load
WARNING: [Synth 8-7129] Port DOUTB_I[20] in module blk_mem_output_block is either unconnected or has no load
WARNING: [Synth 8-7129] Port DOUTB_I[19] in module blk_mem_output_block is either unconnected or has no load
WARNING: [Synth 8-7129] Port DOUTB_I[18] in module blk_mem_output_block is either unconnected or has no load
WARNING: [Synth 8-7129] Port DOUTB_I[17] in module blk_mem_output_block is either unconnected or has no load
WARNING: [Synth 8-7129] Port DOUTB_I[16] in module blk_mem_output_block is either unconnected or has no load
WARNING: [Synth 8-7129] Port DOUTB_I[15] in module blk_mem_output_block is either unconnected or has no load
WARNING: [Synth 8-7129] Port DOUTB_I[14] in module blk_mem_output_block is either unconnected or has no load
WARNING: [Synth 8-7129] Port DOUTB_I[13] in module blk_mem_output_block is either unconnected or has no load
WARNING: [Synth 8-7129] Port DOUTB_I[12] in module blk_mem_output_block is either unconnected or has no load
WARNING: [Synth 8-7129] Port DOUTB_I[11] in module blk_mem_output_block is either unconnected or has no load
WARNING: [Synth 8-7129] Port DOUTB_I[10] in module blk_mem_output_block is either unconnected or has no load
WARNING: [Synth 8-7129] Port DOUTB_I[9] in module blk_mem_output_block is either unconnected or has no load
WARNING: [Synth 8-7129] Port DOUTB_I[8] in module blk_mem_output_block is either unconnected or has no load
WARNING: [Synth 8-7129] Port DOUTB_I[7] in module blk_mem_output_block is either unconnected or has no load
WARNING: [Synth 8-7129] Port DOUTB_I[6] in module blk_mem_output_block is either unconnected or has no load
WARNING: [Synth 8-7129] Port DOUTB_I[5] in module blk_mem_output_block is either unconnected or has no load
WARNING: [Synth 8-7129] Port DOUTB_I[4] in module blk_mem_output_block is either unconnected or has no load
WARNING: [Synth 8-7129] Port DOUTB_I[3] in module blk_mem_output_block is either unconnected or has no load
WARNING: [Synth 8-7129] Port DOUTB_I[2] in module blk_mem_output_block is either unconnected or has no load
WARNING: [Synth 8-7129] Port DOUTB_I[1] in module blk_mem_output_block is either unconnected or has no load
WARNING: [Synth 8-7129] Port DOUTB_I[0] in module blk_mem_output_block is either unconnected or has no load
WARNING: [Synth 8-7129] Port SBITERR_I in module blk_mem_output_block is either unconnected or has no load
WARNING: [Synth 8-7129] Port DBITERR_I in module blk_mem_output_block is either unconnected or has no load
WARNING: [Synth 8-7129] Port RDADDRECC_I[14] in module blk_mem_output_block is either unconnected or has no load
WARNING: [Synth 8-7129] Port RDADDRECC_I[13] in module blk_mem_output_block is either unconnected or has no load
WARNING: [Synth 8-7129] Port RDADDRECC_I[12] in module blk_mem_output_block is either unconnected or has no load
WARNING: [Synth 8-7129] Port RDADDRECC_I[11] in module blk_mem_output_block is either unconnected or has no load
WARNING: [Synth 8-7129] Port RDADDRECC_I[10] in module blk_mem_output_block is either unconnected or has no load
WARNING: [Synth 8-7129] Port RDADDRECC_I[9] in module blk_mem_output_block is either unconnected or has no load
WARNING: [Synth 8-7129] Port RDADDRECC_I[8] in module blk_mem_output_block is either unconnected or has no load
WARNING: [Synth 8-7129] Port RDADDRECC_I[7] in module blk_mem_output_block is either unconnected or has no load
WARNING: [Synth 8-7129] Port RDADDRECC_I[6] in module blk_mem_output_block is either unconnected or has no load
WARNING: [Synth 8-7129] Port RDADDRECC_I[5] in module blk_mem_output_block is either unconnected or has no load
WARNING: [Synth 8-7129] Port RDADDRECC_I[4] in module blk_mem_output_block is either unconnected or has no load
WARNING: [Synth 8-7129] Port RDADDRECC_I[3] in module blk_mem_output_block is either unconnected or has no load
WARNING: [Synth 8-7129] Port RDADDRECC_I[2] in module blk_mem_output_block is either unconnected or has no load
WARNING: [Synth 8-7129] Port RDADDRECC_I[1] in module blk_mem_output_block is either unconnected or has no load
WARNING: [Synth 8-7129] Port RDADDRECC_I[0] in module blk_mem_output_block is either unconnected or has no load
WARNING: [Synth 8-7129] Port DOUTB[8] in module blk_mem_gen_prim_wrapper_init__parameterized23 is either unconnected or has no load
WARNING: [Synth 8-7129] Port DOUTB[7] in module blk_mem_gen_prim_wrapper_init__parameterized23 is either unconnected or has no load
WARNING: [Synth 8-7129] Port DOUTB[6] in module blk_mem_gen_prim_wrapper_init__parameterized23 is either unconnected or has no load
WARNING: [Synth 8-7129] Port DOUTB[5] in module blk_mem_gen_prim_wrapper_init__parameterized23 is either unconnected or has no load
WARNING: [Synth 8-7129] Port DOUTB[4] in module blk_mem_gen_prim_wrapper_init__parameterized23 is either unconnected or has no load
WARNING: [Synth 8-7129] Port DOUTB[3] in module blk_mem_gen_prim_wrapper_init__parameterized23 is either unconnected or has no load
WARNING: [Synth 8-7129] Port DOUTB[2] in module blk_mem_gen_prim_wrapper_init__parameterized23 is either unconnected or has no load
WARNING: [Synth 8-7129] Port DOUTB[1] in module blk_mem_gen_prim_wrapper_init__parameterized23 is either unconnected or has no load
WARNING: [Synth 8-7129] Port DOUTB[0] in module blk_mem_gen_prim_wrapper_init__parameterized23 is either unconnected or has no load
WARNING: [Synth 8-7129] Port SBITERR in module blk_mem_gen_prim_wrapper_init__parameterized23 is either unconnected or has no load
WARNING: [Synth 8-7129] Port DBITERR in module blk_mem_gen_prim_wrapper_init__parameterized23 is either unconnected or has no load
WARNING: [Synth 8-7129] Port SSRA in module blk_mem_gen_prim_wrapper_init__parameterized23 is either unconnected or has no load
WARNING: [Synth 8-7129] Port CLKB in module blk_mem_gen_prim_wrapper_init__parameterized23 is either unconnected or has no load
WARNING: [Synth 8-7129] Port SSRB in module blk_mem_gen_prim_wrapper_init__parameterized23 is either unconnected or has no load
WARNING: [Synth 8-7129] Port ENB in module blk_mem_gen_prim_wrapper_init__parameterized23 is either unconnected or has no load
WARNING: [Synth 8-7129] Port REGCEB in module blk_mem_gen_prim_wrapper_init__parameterized23 is either unconnected or has no load
WARNING: [Synth 8-7129] Port WEB[0] in module blk_mem_gen_prim_wrapper_init__parameterized23 is either unconnected or has no load
WARNING: [Synth 8-7129] Port ADDRB[11] in module blk_mem_gen_prim_wrapper_init__parameterized23 is either unconnected or has no load
WARNING: [Synth 8-7129] Port ADDRB[10] in module blk_mem_gen_prim_wrapper_init__parameterized23 is either unconnected or has no load
WARNING: [Synth 8-7129] Port ADDRB[9] in module blk_mem_gen_prim_wrapper_init__parameterized23 is either unconnected or has no load
WARNING: [Synth 8-7129] Port ADDRB[8] in module blk_mem_gen_prim_wrapper_init__parameterized23 is either unconnected or has no load
WARNING: [Synth 8-7129] Port ADDRB[7] in module blk_mem_gen_prim_wrapper_init__parameterized23 is either unconnected or has no load
WARNING: [Synth 8-7129] Port ADDRB[6] in module blk_mem_gen_prim_wrapper_init__parameterized23 is either unconnected or has no load
WARNING: [Synth 8-7129] Port ADDRB[5] in module blk_mem_gen_prim_wrapper_init__parameterized23 is either unconnected or has no load
WARNING: [Synth 8-7129] Port ADDRB[4] in module blk_mem_gen_prim_wrapper_init__parameterized23 is either unconnected or has no load
WARNING: [Synth 8-7129] Port ADDRB[3] in module blk_mem_gen_prim_wrapper_init__parameterized23 is either unconnected or has no load
WARNING: [Synth 8-7129] Port ADDRB[2] in module blk_mem_gen_prim_wrapper_init__parameterized23 is either unconnected or has no load
WARNING: [Synth 8-7129] Port ADDRB[1] in module blk_mem_gen_prim_wrapper_init__parameterized23 is either unconnected or has no load
WARNING: [Synth 8-7129] Port ADDRB[0] in module blk_mem_gen_prim_wrapper_init__parameterized23 is either unconnected or has no load
WARNING: [Synth 8-7129] Port DINB[8] in module blk_mem_gen_prim_wrapper_init__parameterized23 is either unconnected or has no load
WARNING: [Synth 8-7129] Port DINB[7] in module blk_mem_gen_prim_wrapper_init__parameterized23 is either unconnected or has no load
WARNING: [Synth 8-7129] Port DINB[6] in module blk_mem_gen_prim_wrapper_init__parameterized23 is either unconnected or has no load
WARNING: [Synth 8-7129] Port DINB[5] in module blk_mem_gen_prim_wrapper_init__parameterized23 is either unconnected or has no load
WARNING: [Synth 8-7129] Port DINB[4] in module blk_mem_gen_prim_wrapper_init__parameterized23 is either unconnected or has no load
WARNING: [Synth 8-7129] Port DINB[3] in module blk_mem_gen_prim_wrapper_init__parameterized23 is either unconnected or has no load
WARNING: [Synth 8-7129] Port DINB[2] in module blk_mem_gen_prim_wrapper_init__parameterized23 is either unconnected or has no load
WARNING: [Synth 8-7129] Port DINB[1] in module blk_mem_gen_prim_wrapper_init__parameterized23 is either unconnected or has no load
WARNING: [Synth 8-7129] Port DINB[0] in module blk_mem_gen_prim_wrapper_init__parameterized23 is either unconnected or has no load
WARNING: [Synth 8-7129] Port SLEEP in module blk_mem_gen_prim_wrapper_init__parameterized23 is either unconnected or has no load
WARNING: [Synth 8-7129] Port INJECTSBITERR in module blk_mem_gen_prim_wrapper_init__parameterized23 is either unconnected or has no load
WARNING: [Synth 8-7129] Port INJECTDBITERR in module blk_mem_gen_prim_wrapper_init__parameterized23 is either unconnected or has no load
WARNING: [Synth 8-7129] Port ECCPIPECE in module blk_mem_gen_prim_wrapper_init__parameterized23 is either unconnected or has no load
WARNING: [Synth 8-7129] Port ram_rstram_b in module blk_mem_gen_prim_wrapper_init__parameterized23 is either unconnected or has no load
WARNING: [Synth 8-7129] Port ram_rstreg_b in module blk_mem_gen_prim_wrapper_init__parameterized23 is either unconnected or has no load
WARNING: [Synth 8-7129] Port DOUTB[8] in module blk_mem_gen_prim_wrapper_init__parameterized22 is either unconnected or has no load
WARNING: [Synth 8-7129] Port DOUTB[7] in module blk_mem_gen_prim_wrapper_init__parameterized22 is either unconnected or has no load
WARNING: [Synth 8-7129] Port DOUTB[6] in module blk_mem_gen_prim_wrapper_init__parameterized22 is either unconnected or has no load
WARNING: [Synth 8-7129] Port DOUTB[5] in module blk_mem_gen_prim_wrapper_init__parameterized22 is either unconnected or has no load
WARNING: [Synth 8-7129] Port DOUTB[4] in module blk_mem_gen_prim_wrapper_init__parameterized22 is either unconnected or has no load
WARNING: [Synth 8-7129] Port DOUTB[3] in module blk_mem_gen_prim_wrapper_init__parameterized22 is either unconnected or has no load
INFO: [Common 17-14] Message 'Synth 8-7129' appears 100 times and further instances of the messages will be disabled. Use the Tcl command set_msg_config to change the current settings.
---------------------------------------------------------------------------------
Finished RTL Elaboration : Time (s): cpu = 00:00:18 ; elapsed = 00:00:38 . Memory (MB): peak = 1762.918 ; gain = 959.375
---------------------------------------------------------------------------------
---------------------------------------------------------------------------------
Start Handling Custom Attributes
---------------------------------------------------------------------------------
---------------------------------------------------------------------------------
Finished Handling Custom Attributes : Time (s): cpu = 00:00:18 ; elapsed = 00:00:38 . Memory (MB): peak = 1762.918 ; gain = 959.375
---------------------------------------------------------------------------------
---------------------------------------------------------------------------------
Finished RTL Optimization Phase 1 : Time (s): cpu = 00:00:18 ; elapsed = 00:00:38 . Memory (MB): peak = 1762.918 ; gain = 959.375
---------------------------------------------------------------------------------
Netlist sorting complete. Time (s): cpu = 00:00:00 ; elapsed = 00:00:00.041 . Memory (MB): peak = 1762.918 ; gain = 0.000
INFO: [Netlist 29-17] Analyzing 25 Unisim elements for replacement
INFO: [Netlist 29-28] Unisim Transformation completed in 0 CPU seconds
INFO: [Project 1-570] Preparing netlist for logic optimization

Processing XDC Constraints
Initializing timing engine
Parsing XDC File [d:/cpu-design/miniRV/src/rtl/ip/DRAM/DRAM_ooc.xdc] for cell 'U0'
Finished Parsing XDC File [d:/cpu-design/miniRV/src/rtl/ip/DRAM/DRAM_ooc.xdc] for cell 'U0'
Parsing XDC File [D:/cpu-design/miniRV/miniRV.runs/DRAM_synth_1/dont_touch.xdc]
Finished Parsing XDC File [D:/cpu-design/miniRV/miniRV.runs/DRAM_synth_1/dont_touch.xdc]
Completed Processing XDC Constraints

Netlist sorting complete. Time (s): cpu = 00:00:00 ; elapsed = 00:00:00 . Memory (MB): peak = 1762.918 ; gain = 0.000
INFO: [Project 1-111] Unisim Transformation Summary:
No Unisim elements were transformed.

Constraint Validation Runtime : Time (s): cpu = 00:00:00 ; elapsed = 00:00:00.079 . Memory (MB): peak = 1762.918 ; gain = 0.000
INFO: [Designutils 20-5008] Incremental synthesis strategy off
---------------------------------------------------------------------------------
Finished Constraint Validation : Time (s): cpu = 00:00:32 ; elapsed = 00:00:53 . Memory (MB): peak = 1762.918 ; gain = 959.375
---------------------------------------------------------------------------------
---------------------------------------------------------------------------------
Start Loading Part and Timing Information
---------------------------------------------------------------------------------
Loading part: xc7a35tcsg324-1
---------------------------------------------------------------------------------
Finished Loading Part and Timing Information : Time (s): cpu = 00:00:32 ; elapsed = 00:00:53 . Memory (MB): peak = 1762.918 ; gain = 959.375
---------------------------------------------------------------------------------
---------------------------------------------------------------------------------
Start Applying 'set_property' XDC Constraints
---------------------------------------------------------------------------------
---------------------------------------------------------------------------------
Finished applying 'set_property' XDC Constraints : Time (s): cpu = 00:00:32 ; elapsed = 00:00:53 . Memory (MB): peak = 1762.918 ; gain = 959.375
---------------------------------------------------------------------------------
---------------------------------------------------------------------------------
Finished RTL Optimization Phase 2 : Time (s): cpu = 00:00:32 ; elapsed = 00:00:54 . Memory (MB): peak = 1762.918 ; gain = 959.375
---------------------------------------------------------------------------------
---------------------------------------------------------------------------------
Start RTL Component Statistics 
---------------------------------------------------------------------------------
Detailed RTL Component Info : 
+---Registers : 
	                5 Bit    Registers := 2     
---------------------------------------------------------------------------------
Finished RTL Component Statistics 
---------------------------------------------------------------------------------
---------------------------------------------------------------------------------
Start Part Resource Summary
---------------------------------------------------------------------------------
Part Resources:
DSPs: 90 (col length:60)
BRAMs: 100 (col length: RAMB18 60 RAMB36 30)
---------------------------------------------------------------------------------
Finished Part Resource Summary
---------------------------------------------------------------------------------
---------------------------------------------------------------------------------
Start Cross Boundary and Area Optimization
---------------------------------------------------------------------------------
WARNING: [Synth 8-7080] Parallel synthesis criteria is not met
---------------------------------------------------------------------------------
Finished Cross Boundary and Area Optimization : Time (s): cpu = 00:00:34 ; elapsed = 00:00:56 . Memory (MB): peak = 1762.918 ; gain = 959.375
---------------------------------------------------------------------------------
---------------------------------------------------------------------------------
Start Applying XDC Timing Constraints
---------------------------------------------------------------------------------
---------------------------------------------------------------------------------
Finished Applying XDC Timing Constraints : Time (s): cpu = 00:00:39 ; elapsed = 00:01:01 . Memory (MB): peak = 1762.918 ; gain = 959.375
---------------------------------------------------------------------------------
---------------------------------------------------------------------------------
Start Timing Optimization
---------------------------------------------------------------------------------
---------------------------------------------------------------------------------
Finished Timing Optimization : Time (s): cpu = 00:00:39 ; elapsed = 00:01:01 . Memory (MB): peak = 1762.918 ; gain = 959.375
---------------------------------------------------------------------------------
---------------------------------------------------------------------------------
Start Technology Mapping
---------------------------------------------------------------------------------
---------------------------------------------------------------------------------
Finished Technology Mapping : Time (s): cpu = 00:00:39 ; elapsed = 00:01:01 . Memory (MB): peak = 1762.918 ; gain = 959.375
---------------------------------------------------------------------------------
---------------------------------------------------------------------------------
Start IO Insertion
---------------------------------------------------------------------------------
---------------------------------------------------------------------------------
Start Flattening Before IO Insertion
---------------------------------------------------------------------------------
---------------------------------------------------------------------------------
Finished Flattening Before IO Insertion
---------------------------------------------------------------------------------
---------------------------------------------------------------------------------
Start Final Netlist Cleanup
---------------------------------------------------------------------------------
---------------------------------------------------------------------------------
Finished Final Netlist Cleanup
---------------------------------------------------------------------------------
---------------------------------------------------------------------------------
Finished IO Insertion : Time (s): cpu = 00:00:42 ; elapsed = 00:01:04 . Memory (MB): peak = 1929.777 ; gain = 1126.234
---------------------------------------------------------------------------------
---------------------------------------------------------------------------------
Start Renaming Generated Instances
---------------------------------------------------------------------------------
---------------------------------------------------------------------------------
Finished Renaming Generated Instances : Time (s): cpu = 00:00:42 ; elapsed = 00:01:04 . Memory (MB): peak = 1929.777 ; gain = 1126.234
---------------------------------------------------------------------------------
---------------------------------------------------------------------------------
Start Rebuilding User Hierarchy
---------------------------------------------------------------------------------
---------------------------------------------------------------------------------
Finished Rebuilding User Hierarchy : Time (s): cpu = 00:00:42 ; elapsed = 00:01:04 . Memory (MB): peak = 1929.777 ; gain = 1126.234
---------------------------------------------------------------------------------
---------------------------------------------------------------------------------
Start Renaming Generated Ports
---------------------------------------------------------------------------------
---------------------------------------------------------------------------------
Finished Renaming Generated Ports : Time (s): cpu = 00:00:42 ; elapsed = 00:01:04 . Memory (MB): peak = 1929.777 ; gain = 1126.234
---------------------------------------------------------------------------------
---------------------------------------------------------------------------------
Start Handling Custom Attributes
---------------------------------------------------------------------------------
---------------------------------------------------------------------------------
Finished Handling Custom Attributes : Time (s): cpu = 00:00:42 ; elapsed = 00:01:04 . Memory (MB): peak = 1929.777 ; gain = 1126.234
---------------------------------------------------------------------------------
---------------------------------------------------------------------------------
Start Renaming Generated Nets
---------------------------------------------------------------------------------
---------------------------------------------------------------------------------
Finished Renaming Generated Nets : Time (s): cpu = 00:00:42 ; elapsed = 00:01:04 . Memory (MB): peak = 1929.777 ; gain = 1126.234
---------------------------------------------------------------------------------
---------------------------------------------------------------------------------
Start Writing Synthesis Report
---------------------------------------------------------------------------------

Report BlackBoxes: 
+-+--------------+----------+
| |BlackBox name |Instances |
+-+--------------+----------+
+-+--------------+----------+

Report Cell Usage: 
+------+---------+------+
|      |Cell     |Count |
+------+---------+------+
|1     |LUT3     |     6|
|2     |LUT4     |    32|
|3     |LUT5     |     2|
|4     |LUT6     |    64|
|5     |RAMB36E1 |    25|
|11    |FDRE     |     5|
+------+---------+------+
---------------------------------------------------------------------------------
Finished Writing Synthesis Report : Time (s): cpu = 00:00:42 ; elapsed = 00:01:04 . Memory (MB): peak = 1929.777 ; gain = 1126.234
---------------------------------------------------------------------------------
Synthesis finished with 0 errors, 0 critical warnings and 807 warnings.
Synthesis Optimization Runtime : Time (s): cpu = 00:00:20 ; elapsed = 00:01:02 . Memory (MB): peak = 1929.777 ; gain = 1126.234
Synthesis Optimization Complete : Time (s): cpu = 00:00:42 ; elapsed = 00:01:07 . Memory (MB): peak = 1929.777 ; gain = 1126.234
INFO: [Project 1-571] Translating synthesized netlist
Netlist sorting complete. Time (s): cpu = 00:00:00 ; elapsed = 00:00:00.007 . Memory (MB): peak = 1929.777 ; gain = 0.000
INFO: [Netlist 29-17] Analyzing 25 Unisim elements for replacement
INFO: [Netlist 29-28] Unisim Transformation completed in 0 CPU seconds
INFO: [Project 1-570] Preparing netlist for logic optimization
INFO: [Opt 31-138] Pushed 0 inverter(s) to 0 load pin(s).
Netlist sorting complete. Time (s): cpu = 00:00:00 ; elapsed = 00:00:00 . Memory (MB): peak = 1943.609 ; gain = 0.000
INFO: [Project 1-111] Unisim Transformation Summary:
No Unisim elements were transformed.

Synth Design complete | Checksum: e8738848
INFO: [Common 17-83] Releasing license: Synthesis
21 Infos, 101 Warnings, 0 Critical Warnings and 0 Errors encountered.
synth_design completed successfully
synth_design: Time (s): cpu = 00:00:44 ; elapsed = 00:01:12 . Memory (MB): peak = 1943.609 ; gain = 1327.512
INFO: [Common 17-1381] The checkpoint 'D:/cpu-design/miniRV/miniRV.runs/DRAM_synth_1/DRAM.dcp' has been generated.
INFO: [Coretcl 2-1648] Added synthesis output to IP cache for IP DRAM, cache-ID = 78e1cbbb3ca2bd41
INFO: [Coretcl 2-1174] Renamed 55 cell refs.
INFO: [Common 17-1381] The checkpoint 'D:/cpu-design/miniRV/miniRV.runs/DRAM_synth_1/DRAM.dcp' has been generated.
INFO: [Vivado 12-24828] Executing command : report_utilization -file DRAM_utilization_synth.rpt -pb DRAM_utilization_synth.pb
INFO: [Common 17-206] Exiting Vivado at Mon Jul 20 10:45:35 2026...
[Mon Jul 20 10:45:40 2026] DRAM_synth_1 finished
wait_on_runs: Time (s): cpu = 00:00:05 ; elapsed = 00:01:37 . Memory (MB): peak = 2017.512 ; gain = 0.000
wait_on_run DRAM_synth_1
wait_on_run IROM_synth_1

[Mon Jul 20 10:45:40 2026] Waiting for DRAM_synth_1 to finish...

*** Running vivado
    with args -log DRAM.vds -m64 -product Vivado -mode batch -messageDb vivado.pb -notrace -source DRAM.tcl



****** Vivado v2025.1 (64-bit)
  **** SW Build 6140274 on Thu May 22 00:12:29 MDT 2025
  **** IP Build 6138677 on Thu May 22 03:10:11 MDT 2025
  **** SharedData Build 6139179 on Tue May 20 17:58:58 MDT 2025
  **** Start of session at: Mon Jul 20 10:44:05 2026
    ** Copyright 1986-2022 Xilinx, Inc. All Rights Reserved.
    ** Copyright 2022-2025 Advanced Micro Devices, Inc. All Rights Reserved.

source DRAM.tcl -notrace
create_project: Time (s): cpu = 00:00:08 ; elapsed = 00:00:08 . Memory (MB): peak = 604.602 ; gain = 210.586
Command: synth_design -top DRAM -part xc7a35tcsg324-1 -incremental_mode off -mode out_of_context
Starting synth_design
Attempting to get a license for feature 'Synthesis' and/or device 'xc7a35t'
INFO: [Common 17-349] Got license for feature 'Synthesis' and/or device 'xc7a35t'
INFO: [Device 21-403] Loading part xc7a35tcsg324-1
INFO: [Synth 8-7079] Multithreading enabled for synth_design using a maximum of 2 processes.
INFO: [Synth 8-7078] Launching helper process for spawning children vivado processes
INFO: [Synth 8-7075] Helper process launched with PID 40836
---------------------------------------------------------------------------------
Starting RTL Elaboration : Time (s): cpu = 00:00:06 ; elapsed = 00:00:06 . Memory (MB): peak = 1296.977 ; gain = 493.434
---------------------------------------------------------------------------------
WARNING: [Synth 8-7129] Port CLKB in module blk_mem_output_block is either unconnected or has no load
WARNING: [Synth 8-7129] Port DOUTB_I[31] in module blk_mem_output_block is either unconnected or has no load
WARNING: [Synth 8-7129] Port DOUTB_I[30] in module blk_mem_output_block is either unconnected or has no load
WARNING: [Synth 8-7129] Port DOUTB_I[29] in module blk_mem_output_block is either unconnected or has no load
WARNING: [Synth 8-7129] Port DOUTB_I[28] in module blk_mem_output_block is either unconnected or has no load
WARNING: [Synth 8-7129] Port DOUTB_I[27] in module blk_mem_output_block is either unconnected or has no load
WARNING: [Synth 8-7129] Port DOUTB_I[26] in module blk_mem_output_block is either unconnected or has no load
WARNING: [Synth 8-7129] Port DOUTB_I[25] in module blk_mem_output_block is either unconnected or has no load
WARNING: [Synth 8-7129] Port DOUTB_I[24] in module blk_mem_output_block is either unconnected or has no load
WARNING: [Synth 8-7129] Port DOUTB_I[23] in module blk_mem_output_block is either unconnected or has no load
WARNING: [Synth 8-7129] Port DOUTB_I[22] in module blk_mem_output_block is either unconnected or has no load
WARNING: [Synth 8-7129] Port DOUTB_I[21] in module blk_mem_output_block is either unconnected or has no load
WARNING: [Synth 8-7129] Port DOUTB_I[20] in module blk_mem_output_block is either unconnected or has no load
WARNING: [Synth 8-7129] Port DOUTB_I[19] in module blk_mem_output_block is either unconnected or has no load
WARNING: [Synth 8-7129] Port DOUTB_I[18] in module blk_mem_output_block is either unconnected or has no load
WARNING: [Synth 8-7129] Port DOUTB_I[17] in module blk_mem_output_block is either unconnected or has no load
WARNING: [Synth 8-7129] Port DOUTB_I[16] in module blk_mem_output_block is either unconnected or has no load
WARNING: [Synth 8-7129] Port DOUTB_I[15] in module blk_mem_output_block is either unconnected or has no load
WARNING: [Synth 8-7129] Port DOUTB_I[14] in module blk_mem_output_block is either unconnected or has no load
WARNING: [Synth 8-7129] Port DOUTB_I[13] in module blk_mem_output_block is either unconnected or has no load
WARNING: [Synth 8-7129] Port DOUTB_I[12] in module blk_mem_output_block is either unconnected or has no load
WARNING: [Synth 8-7129] Port DOUTB_I[11] in module blk_mem_output_block is either unconnected or has no load
WARNING: [Synth 8-7129] Port DOUTB_I[10] in module blk_mem_output_block is either unconnected or has no load
WARNING: [Synth 8-7129] Port DOUTB_I[9] in module blk_mem_output_block is either unconnected or has no load
WARNING: [Synth 8-7129] Port DOUTB_I[8] in module blk_mem_output_block is either unconnected or has no load
WARNING: [Synth 8-7129] Port DOUTB_I[7] in module blk_mem_output_block is either unconnected or has no load
WARNING: [Synth 8-7129] Port DOUTB_I[6] in module blk_mem_output_block is either unconnected or has no load
WARNING: [Synth 8-7129] Port DOUTB_I[5] in module blk_mem_output_block is either unconnected or has no load
WARNING: [Synth 8-7129] Port DOUTB_I[4] in module blk_mem_output_block is either unconnected or has no load
WARNING: [Synth 8-7129] Port DOUTB_I[3] in module blk_mem_output_block is either unconnected or has no load
WARNING: [Synth 8-7129] Port DOUTB_I[2] in module blk_mem_output_block is either unconnected or has no load
WARNING: [Synth 8-7129] Port DOUTB_I[1] in module blk_mem_output_block is either unconnected or has no load
WARNING: [Synth 8-7129] Port DOUTB_I[0] in module blk_mem_output_block is either unconnected or has no load
WARNING: [Synth 8-7129] Port SBITERR_I in module blk_mem_output_block is either unconnected or has no load
WARNING: [Synth 8-7129] Port DBITERR_I in module blk_mem_output_block is either unconnected or has no load
WARNING: [Synth 8-7129] Port RDADDRECC_I[14] in module blk_mem_output_block is either unconnected or has no load
WARNING: [Synth 8-7129] Port RDADDRECC_I[13] in module blk_mem_output_block is either unconnected or has no load
WARNING: [Synth 8-7129] Port RDADDRECC_I[12] in module blk_mem_output_block is either unconnected or has no load
WARNING: [Synth 8-7129] Port RDADDRECC_I[11] in module blk_mem_output_block is either unconnected or has no load
WARNING: [Synth 8-7129] Port RDADDRECC_I[10] in module blk_mem_output_block is either unconnected or has no load
WARNING: [Synth 8-7129] Port RDADDRECC_I[9] in module blk_mem_output_block is either unconnected or has no load
WARNING: [Synth 8-7129] Port RDADDRECC_I[8] in module blk_mem_output_block is either unconnected or has no load
WARNING: [Synth 8-7129] Port RDADDRECC_I[7] in module blk_mem_output_block is either unconnected or has no load
WARNING: [Synth 8-7129] Port RDADDRECC_I[6] in module blk_mem_output_block is either unconnected or has no load
WARNING: [Synth 8-7129] Port RDADDRECC_I[5] in module blk_mem_output_block is either unconnected or has no load
WARNING: [Synth 8-7129] Port RDADDRECC_I[4] in module blk_mem_output_block is either unconnected or has no load
WARNING: [Synth 8-7129] Port RDADDRECC_I[3] in module blk_mem_output_block is either unconnected or has no load
WARNING: [Synth 8-7129] Port RDADDRECC_I[2] in module blk_mem_output_block is either unconnected or has no load
WARNING: [Synth 8-7129] Port RDADDRECC_I[1] in module blk_mem_output_block is either unconnected or has no load
WARNING: [Synth 8-7129] Port RDADDRECC_I[0] in module blk_mem_output_block is either unconnected or has no load
WARNING: [Synth 8-7129] Port DOUTB[8] in module blk_mem_gen_prim_wrapper_init__parameterized23 is either unconnected or has no load
WARNING: [Synth 8-7129] Port DOUTB[7] in module blk_mem_gen_prim_wrapper_init__parameterized23 is either unconnected or has no load
WARNING: [Synth 8-7129] Port DOUTB[6] in module blk_mem_gen_prim_wrapper_init__parameterized23 is either unconnected or has no load
WARNING: [Synth 8-7129] Port DOUTB[5] in module blk_mem_gen_prim_wrapper_init__parameterized23 is either unconnected or has no load
WARNING: [Synth 8-7129] Port DOUTB[4] in module blk_mem_gen_prim_wrapper_init__parameterized23 is either unconnected or has no load
WARNING: [Synth 8-7129] Port DOUTB[3] in module blk_mem_gen_prim_wrapper_init__parameterized23 is either unconnected or has no load
WARNING: [Synth 8-7129] Port DOUTB[2] in module blk_mem_gen_prim_wrapper_init__parameterized23 is either unconnected or has no load
WARNING: [Synth 8-7129] Port DOUTB[1] in module blk_mem_gen_prim_wrapper_init__parameterized23 is either unconnected or has no load
WARNING: [Synth 8-7129] Port DOUTB[0] in module blk_mem_gen_prim_wrapper_init__parameterized23 is either unconnected or has no load
WARNING: [Synth 8-7129] Port SBITERR in module blk_mem_gen_prim_wrapper_init__parameterized23 is either unconnected or has no load
WARNING: [Synth 8-7129] Port DBITERR in module blk_mem_gen_prim_wrapper_init__parameterized23 is either unconnected or has no load
WARNING: [Synth 8-7129] Port SSRA in module blk_mem_gen_prim_wrapper_init__parameterized23 is either unconnected or has no load
WARNING: [Synth 8-7129] Port CLKB in module blk_mem_gen_prim_wrapper_init__parameterized23 is either unconnected or has no load
WARNING: [Synth 8-7129] Port SSRB in module blk_mem_gen_prim_wrapper_init__parameterized23 is either unconnected or has no load
WARNING: [Synth 8-7129] Port ENB in module blk_mem_gen_prim_wrapper_init__parameterized23 is either unconnected or has no load
WARNING: [Synth 8-7129] Port REGCEB in module blk_mem_gen_prim_wrapper_init__parameterized23 is either unconnected or has no load
WARNING: [Synth 8-7129] Port WEB[0] in module blk_mem_gen_prim_wrapper_init__parameterized23 is either unconnected or has no load
WARNING: [Synth 8-7129] Port ADDRB[11] in module blk_mem_gen_prim_wrapper_init__parameterized23 is either unconnected or has no load
WARNING: [Synth 8-7129] Port ADDRB[10] in module blk_mem_gen_prim_wrapper_init__parameterized23 is either unconnected or has no load
WARNING: [Synth 8-7129] Port ADDRB[9] in module blk_mem_gen_prim_wrapper_init__parameterized23 is either unconnected or has no load
WARNING: [Synth 8-7129] Port ADDRB[8] in module blk_mem_gen_prim_wrapper_init__parameterized23 is either unconnected or has no load
WARNING: [Synth 8-7129] Port ADDRB[7] in module blk_mem_gen_prim_wrapper_init__parameterized23 is either unconnected or has no load
WARNING: [Synth 8-7129] Port ADDRB[6] in module blk_mem_gen_prim_wrapper_init__parameterized23 is either unconnected or has no load
WARNING: [Synth 8-7129] Port ADDRB[5] in module blk_mem_gen_prim_wrapper_init__parameterized23 is either unconnected or has no load
WARNING: [Synth 8-7129] Port ADDRB[4] in module blk_mem_gen_prim_wrapper_init__parameterized23 is either unconnected or has no load
WARNING: [Synth 8-7129] Port ADDRB[3] in module blk_mem_gen_prim_wrapper_init__parameterized23 is either unconnected or has no load
WARNING: [Synth 8-7129] Port ADDRB[2] in module blk_mem_gen_prim_wrapper_init__parameterized23 is either unconnected or has no load
WARNING: [Synth 8-7129] Port ADDRB[1] in module blk_mem_gen_prim_wrapper_init__parameterized23 is either unconnected or has no load
WARNING: [Synth 8-7129] Port ADDRB[0] in module blk_mem_gen_prim_wrapper_init__parameterized23 is either unconnected or has no load
WARNING: [Synth 8-7129] Port DINB[8] in module blk_mem_gen_prim_wrapper_init__parameterized23 is either unconnected or has no load
WARNING: [Synth 8-7129] Port DINB[7] in module blk_mem_gen_prim_wrapper_init__parameterized23 is either unconnected or has no load
WARNING: [Synth 8-7129] Port DINB[6] in module blk_mem_gen_prim_wrapper_init__parameterized23 is either unconnected or has no load
WARNING: [Synth 8-7129] Port DINB[5] in module blk_mem_gen_prim_wrapper_init__parameterized23 is either unconnected or has no load
WARNING: [Synth 8-7129] Port DINB[4] in module blk_mem_gen_prim_wrapper_init__parameterized23 is either unconnected or has no load
WARNING: [Synth 8-7129] Port DINB[3] in module blk_mem_gen_prim_wrapper_init__parameterized23 is either unconnected or has no load
WARNING: [Synth 8-7129] Port DINB[2] in module blk_mem_gen_prim_wrapper_init__parameterized23 is either unconnected or has no load
WARNING: [Synth 8-7129] Port DINB[1] in module blk_mem_gen_prim_wrapper_init__parameterized23 is either unconnected or has no load
WARNING: [Synth 8-7129] Port DINB[0] in module blk_mem_gen_prim_wrapper_init__parameterized23 is either unconnected or has no load
WARNING: [Synth 8-7129] Port SLEEP in module blk_mem_gen_prim_wrapper_init__parameterized23 is either unconnected or has no load
WARNING: [Synth 8-7129] Port INJECTSBITERR in module blk_mem_gen_prim_wrapper_init__parameterized23 is either unconnected or has no load
WARNING: [Synth 8-7129] Port INJECTDBITERR in module blk_mem_gen_prim_wrapper_init__parameterized23 is either unconnected or has no load
WARNING: [Synth 8-7129] Port ECCPIPECE in module blk_mem_gen_prim_wrapper_init__parameterized23 is either unconnected or has no load
WARNING: [Synth 8-7129] Port ram_rstram_b in module blk_mem_gen_prim_wrapper_init__parameterized23 is either unconnected or has no load
WARNING: [Synth 8-7129] Port ram_rstreg_b in module blk_mem_gen_prim_wrapper_init__parameterized23 is either unconnected or has no load
WARNING: [Synth 8-7129] Port DOUTB[8] in module blk_mem_gen_prim_wrapper_init__parameterized22 is either unconnected or has no load
WARNING: [Synth 8-7129] Port DOUTB[7] in module blk_mem_gen_prim_wrapper_init__parameterized22 is either unconnected or has no load
WARNING: [Synth 8-7129] Port DOUTB[6] in module blk_mem_gen_prim_wrapper_init__parameterized22 is either unconnected or has no load
WARNING: [Synth 8-7129] Port DOUTB[5] in module blk_mem_gen_prim_wrapper_init__parameterized22 is either unconnected or has no load
WARNING: [Synth 8-7129] Port DOUTB[4] in module blk_mem_gen_prim_wrapper_init__parameterized22 is either unconnected or has no load
WARNING: [Synth 8-7129] Port DOUTB[3] in module blk_mem_gen_prim_wrapper_init__parameterized22 is either unconnected or has no load
INFO: [Common 17-14] Message 'Synth 8-7129' appears 100 times and further instances of the messages will be disabled. Use the Tcl command set_msg_config to change the current settings.
---------------------------------------------------------------------------------
Finished RTL Elaboration : Time (s): cpu = 00:00:18 ; elapsed = 00:00:38 . Memory (MB): peak = 1762.918 ; gain = 959.375
---------------------------------------------------------------------------------
---------------------------------------------------------------------------------
Start Handling Custom Attributes
---------------------------------------------------------------------------------
---------------------------------------------------------------------------------
Finished Handling Custom Attributes : Time (s): cpu = 00:00:18 ; elapsed = 00:00:38 . Memory (MB): peak = 1762.918 ; gain = 959.375
---------------------------------------------------------------------------------
---------------------------------------------------------------------------------
Finished RTL Optimization Phase 1 : Time (s): cpu = 00:00:18 ; elapsed = 00:00:38 . Memory (MB): peak = 1762.918 ; gain = 959.375
---------------------------------------------------------------------------------
Netlist sorting complete. Time (s): cpu = 00:00:00 ; elapsed = 00:00:00.041 . Memory (MB): peak = 1762.918 ; gain = 0.000
INFO: [Netlist 29-17] Analyzing 25 Unisim elements for replacement
INFO: [Netlist 29-28] Unisim Transformation completed in 0 CPU seconds
INFO: [Project 1-570] Preparing netlist for logic optimization

Processing XDC Constraints
Initializing timing engine
Parsing XDC File [d:/cpu-design/miniRV/src/rtl/ip/DRAM/DRAM_ooc.xdc] for cell 'U0'
Finished Parsing XDC File [d:/cpu-design/miniRV/src/rtl/ip/DRAM/DRAM_ooc.xdc] for cell 'U0'
Parsing XDC File [D:/cpu-design/miniRV/miniRV.runs/DRAM_synth_1/dont_touch.xdc]
Finished Parsing XDC File [D:/cpu-design/miniRV/miniRV.runs/DRAM_synth_1/dont_touch.xdc]
Completed Processing XDC Constraints

Netlist sorting complete. Time (s): cpu = 00:00:00 ; elapsed = 00:00:00 . Memory (MB): peak = 1762.918 ; gain = 0.000
INFO: [Project 1-111] Unisim Transformation Summary:
No Unisim elements were transformed.

Constraint Validation Runtime : Time (s): cpu = 00:00:00 ; elapsed = 00:00:00.079 . Memory (MB): peak = 1762.918 ; gain = 0.000
INFO: [Designutils 20-5008] Incremental synthesis strategy off
---------------------------------------------------------------------------------
Finished Constraint Validation : Time (s): cpu = 00:00:32 ; elapsed = 00:00:53 . Memory (MB): peak = 1762.918 ; gain = 959.375
---------------------------------------------------------------------------------
---------------------------------------------------------------------------------
Start Loading Part and Timing Information
---------------------------------------------------------------------------------
Loading part: xc7a35tcsg324-1
---------------------------------------------------------------------------------
Finished Loading Part and Timing Information : Time (s): cpu = 00:00:32 ; elapsed = 00:00:53 . Memory (MB): peak = 1762.918 ; gain = 959.375
---------------------------------------------------------------------------------
---------------------------------------------------------------------------------
Start Applying 'set_property' XDC Constraints
---------------------------------------------------------------------------------
---------------------------------------------------------------------------------
Finished applying 'set_property' XDC Constraints : Time (s): cpu = 00:00:32 ; elapsed = 00:00:53 . Memory (MB): peak = 1762.918 ; gain = 959.375
---------------------------------------------------------------------------------
---------------------------------------------------------------------------------
Finished RTL Optimization Phase 2 : Time (s): cpu = 00:00:32 ; elapsed = 00:00:54 . Memory (MB): peak = 1762.918 ; gain = 959.375
---------------------------------------------------------------------------------
---------------------------------------------------------------------------------
Start RTL Component Statistics 
---------------------------------------------------------------------------------
Detailed RTL Component Info : 
+---Registers : 
	                5 Bit    Registers := 2     
---------------------------------------------------------------------------------
Finished RTL Component Statistics 
---------------------------------------------------------------------------------
---------------------------------------------------------------------------------
Start Part Resource Summary
---------------------------------------------------------------------------------
Part Resources:
DSPs: 90 (col length:60)
BRAMs: 100 (col length: RAMB18 60 RAMB36 30)
---------------------------------------------------------------------------------
Finished Part Resource Summary
---------------------------------------------------------------------------------
---------------------------------------------------------------------------------
Start Cross Boundary and Area Optimization
---------------------------------------------------------------------------------
WARNING: [Synth 8-7080] Parallel synthesis criteria is not met
---------------------------------------------------------------------------------
Finished Cross Boundary and Area Optimization : Time (s): cpu = 00:00:34 ; elapsed = 00:00:56 . Memory (MB): peak = 1762.918 ; gain = 959.375
---------------------------------------------------------------------------------
---------------------------------------------------------------------------------
Start Applying XDC Timing Constraints
---------------------------------------------------------------------------------
---------------------------------------------------------------------------------
Finished Applying XDC Timing Constraints : Time (s): cpu = 00:00:39 ; elapsed = 00:01:01 . Memory (MB): peak = 1762.918 ; gain = 959.375
---------------------------------------------------------------------------------
---------------------------------------------------------------------------------
Start Timing Optimization
---------------------------------------------------------------------------------
---------------------------------------------------------------------------------
Finished Timing Optimization : Time (s): cpu = 00:00:39 ; elapsed = 00:01:01 . Memory (MB): peak = 1762.918 ; gain = 959.375
---------------------------------------------------------------------------------
---------------------------------------------------------------------------------
Start Technology Mapping
---------------------------------------------------------------------------------
---------------------------------------------------------------------------------
Finished Technology Mapping : Time (s): cpu = 00:00:39 ; elapsed = 00:01:01 . Memory (MB): peak = 1762.918 ; gain = 959.375
---------------------------------------------------------------------------------
---------------------------------------------------------------------------------
Start IO Insertion
---------------------------------------------------------------------------------
---------------------------------------------------------------------------------
Start Flattening Before IO Insertion
---------------------------------------------------------------------------------
---------------------------------------------------------------------------------
Finished Flattening Before IO Insertion
---------------------------------------------------------------------------------
---------------------------------------------------------------------------------
Start Final Netlist Cleanup
---------------------------------------------------------------------------------
---------------------------------------------------------------------------------
Finished Final Netlist Cleanup
---------------------------------------------------------------------------------
---------------------------------------------------------------------------------
Finished IO Insertion : Time (s): cpu = 00:00:42 ; elapsed = 00:01:04 . Memory (MB): peak = 1929.777 ; gain = 1126.234
---------------------------------------------------------------------------------
---------------------------------------------------------------------------------
Start Renaming Generated Instances
---------------------------------------------------------------------------------
---------------------------------------------------------------------------------
Finished Renaming Generated Instances : Time (s): cpu = 00:00:42 ; elapsed = 00:01:04 . Memory (MB): peak = 1929.777 ; gain = 1126.234
---------------------------------------------------------------------------------
---------------------------------------------------------------------------------
Start Rebuilding User Hierarchy
---------------------------------------------------------------------------------
---------------------------------------------------------------------------------
Finished Rebuilding User Hierarchy : Time (s): cpu = 00:00:42 ; elapsed = 00:01:04 . Memory (MB): peak = 1929.777 ; gain = 1126.234
---------------------------------------------------------------------------------
---------------------------------------------------------------------------------
Start Renaming Generated Ports
---------------------------------------------------------------------------------
---------------------------------------------------------------------------------
Finished Renaming Generated Ports : Time (s): cpu = 00:00:42 ; elapsed = 00:01:04 . Memory (MB): peak = 1929.777 ; gain = 1126.234
---------------------------------------------------------------------------------
---------------------------------------------------------------------------------
Start Handling Custom Attributes
---------------------------------------------------------------------------------
---------------------------------------------------------------------------------
Finished Handling Custom Attributes : Time (s): cpu = 00:00:42 ; elapsed = 00:01:04 . Memory (MB): peak = 1929.777 ; gain = 1126.234
---------------------------------------------------------------------------------
---------------------------------------------------------------------------------
Start Renaming Generated Nets
---------------------------------------------------------------------------------
---------------------------------------------------------------------------------
Finished Renaming Generated Nets : Time (s): cpu = 00:00:42 ; elapsed = 00:01:04 . Memory (MB): peak = 1929.777 ; gain = 1126.234
---------------------------------------------------------------------------------
---------------------------------------------------------------------------------
Start Writing Synthesis Report
---------------------------------------------------------------------------------

Report BlackBoxes: 
+-+--------------+----------+
| |BlackBox name |Instances |
+-+--------------+----------+
+-+--------------+----------+

Report Cell Usage: 
+------+---------+------+
|      |Cell     |Count |
+------+---------+------+
|1     |LUT3     |     6|
|2     |LUT4     |    32|
|3     |LUT5     |     2|
|4     |LUT6     |    64|
|5     |RAMB36E1 |    25|
|11    |FDRE     |     5|
+------+---------+------+
---------------------------------------------------------------------------------
Finished Writing Synthesis Report : Time (s): cpu = 00:00:42 ; elapsed = 00:01:04 . Memory (MB): peak = 1929.777 ; gain = 1126.234
---------------------------------------------------------------------------------
Synthesis finished with 0 errors, 0 critical warnings and 807 warnings.
Synthesis Optimization Runtime : Time (s): cpu = 00:00:20 ; elapsed = 00:01:02 . Memory (MB): peak = 1929.777 ; gain = 1126.234
Synthesis Optimization Complete : Time (s): cpu = 00:00:42 ; elapsed = 00:01:07 . Memory (MB): peak = 1929.777 ; gain = 1126.234
INFO: [Project 1-571] Translating synthesized netlist
Netlist sorting complete. Time (s): cpu = 00:00:00 ; elapsed = 00:00:00.007 . Memory (MB): peak = 1929.777 ; gain = 0.000
INFO: [Netlist 29-17] Analyzing 25 Unisim elements for replacement
INFO: [Netlist 29-28] Unisim Transformation completed in 0 CPU seconds
INFO: [Project 1-570] Preparing netlist for logic optimization
INFO: [Opt 31-138] Pushed 0 inverter(s) to 0 load pin(s).
Netlist sorting complete. Time (s): cpu = 00:00:00 ; elapsed = 00:00:00 . Memory (MB): peak = 1943.609 ; gain = 0.000
INFO: [Project 1-111] Unisim Transformation Summary:
No Unisim elements were transformed.

Synth Design complete | Checksum: e8738848
INFO: [Common 17-83] Releasing license: Synthesis
21 Infos, 101 Warnings, 0 Critical Warnings and 0 Errors encountered.
synth_design completed successfully
synth_design: Time (s): cpu = 00:00:44 ; elapsed = 00:01:12 . Memory (MB): peak = 1943.609 ; gain = 1327.512
INFO: [Common 17-1381] The checkpoint 'D:/cpu-design/miniRV/miniRV.runs/DRAM_synth_1/DRAM.dcp' has been generated.
INFO: [Coretcl 2-1648] Added synthesis output to IP cache for IP DRAM, cache-ID = 78e1cbbb3ca2bd41
INFO: [Coretcl 2-1174] Renamed 55 cell refs.
INFO: [Common 17-1381] The checkpoint 'D:/cpu-design/miniRV/miniRV.runs/DRAM_synth_1/DRAM.dcp' has been generated.
INFO: [Vivado 12-24828] Executing command : report_utilization -file DRAM_utilization_synth.rpt -pb DRAM_utilization_synth.pb
INFO: [Common 17-206] Exiting Vivado at Mon Jul 20 10:45:35 2026...
[Mon Jul 20 10:45:40 2026] DRAM_synth_1 finished
[Mon Jul 20 10:45:40 2026] Waiting for IROM_synth_1 to finish...
[Mon Jul 20 10:45:45 2026] Waiting for IROM_synth_1 to finish...
[Mon Jul 20 10:45:50 2026] Waiting for IROM_synth_1 to finish...
[Mon Jul 20 10:45:55 2026] Waiting for IROM_synth_1 to finish...
[Mon Jul 20 10:46:05 2026] Waiting for IROM_synth_1 to finish...
[Mon Jul 20 10:46:15 2026] Waiting for IROM_synth_1 to finish...
[Mon Jul 20 10:46:25 2026] Waiting for IROM_synth_1 to finish...
[Mon Jul 20 10:46:35 2026] Waiting for IROM_synth_1 to finish...

*** Running vivado
    with args -log IROM.vds -m64 -product Vivado -mode batch -messageDb vivado.pb -notrace -source IROM.tcl


ECHO 处于关闭状态。
ECHO 处于关闭状态。
WARNING: Default location for XILINX_HLS not found: 

****** Vivado v2023.2 (64-bit)
  **** SW Build 4029153 on Fri Oct 13 20:14:34 MDT 2023
  **** IP Build 4028589 on Sat Oct 14 00:45:43 MDT 2023
  **** SharedData Build 4025554 on Tue Oct 10 17:18:54 MDT 2023
    ** Copyright 1986-2022 Xilinx, Inc. All Rights Reserved.
    ** Copyright 2022-2023 Advanced Micro Devices, Inc. All Rights Reserved.

source IROM.tcl -notrace
create_project: Time (s): cpu = 00:00:04 ; elapsed = 00:00:06 . Memory (MB): peak = 484.625 ; gain = 178.816

*** Running vivado
    with args -log IROM.vds -m64 -product Vivado -mode batch -messageDb vivado.pb -notrace -source IROM.tcl



****** Vivado v2025.1 (64-bit)
  **** SW Build 6140274 on Thu May 22 00:12:29 MDT 2025
  **** IP Build 6138677 on Thu May 22 03:10:11 MDT 2025
  **** SharedData Build 6139179 on Tue May 20 17:58:58 MDT 2025
  **** Start of session at: Mon Jul 20 10:45:43 2026
    ** Copyright 1986-2022 Xilinx, Inc. All Rights Reserved.
    ** Copyright 2022-2025 Advanced Micro Devices, Inc. All Rights Reserved.

source IROM.tcl -notrace
create_project: Time (s): cpu = 00:00:08 ; elapsed = 00:00:07 . Memory (MB): peak = 603.320 ; gain = 209.211
Command: synth_design -top IROM -part xc7a35tcsg324-1 -incremental_mode off -mode out_of_context
Starting synth_design
Attempting to get a license for feature 'Synthesis' and/or device 'xc7a35t'
INFO: [Common 17-349] Got license for feature 'Synthesis' and/or device 'xc7a35t'
INFO: [Device 21-403] Loading part xc7a35tcsg324-1
INFO: [Synth 8-7079] Multithreading enabled for synth_design using a maximum of 2 processes.
INFO: [Synth 8-7078] Launching helper process for spawning children vivado processes
INFO: [Synth 8-7075] Helper process launched with PID 23836
---------------------------------------------------------------------------------
Starting RTL Elaboration : Time (s): cpu = 00:00:05 ; elapsed = 00:00:06 . Memory (MB): peak = 1296.875 ; gain = 494.297
---------------------------------------------------------------------------------
WARNING: [Synth 8-7129] Port CLKB in module blk_mem_output_block is either unconnected or has no load
WARNING: [Synth 8-7129] Port DOUTB_I[31] in module blk_mem_output_block is either unconnected or has no load
WARNING: [Synth 8-7129] Port DOUTB_I[30] in module blk_mem_output_block is either unconnected or has no load
WARNING: [Synth 8-7129] Port DOUTB_I[29] in module blk_mem_output_block is either unconnected or has no load
WARNING: [Synth 8-7129] Port DOUTB_I[28] in module blk_mem_output_block is either unconnected or has no load
WARNING: [Synth 8-7129] Port DOUTB_I[27] in module blk_mem_output_block is either unconnected or has no load
WARNING: [Synth 8-7129] Port DOUTB_I[26] in module blk_mem_output_block is either unconnected or has no load
WARNING: [Synth 8-7129] Port DOUTB_I[25] in module blk_mem_output_block is either unconnected or has no load
WARNING: [Synth 8-7129] Port DOUTB_I[24] in module blk_mem_output_block is either unconnected or has no load
WARNING: [Synth 8-7129] Port DOUTB_I[23] in module blk_mem_output_block is either unconnected or has no load
WARNING: [Synth 8-7129] Port DOUTB_I[22] in module blk_mem_output_block is either unconnected or has no load
WARNING: [Synth 8-7129] Port DOUTB_I[21] in module blk_mem_output_block is either unconnected or has no load
WARNING: [Synth 8-7129] Port DOUTB_I[20] in module blk_mem_output_block is either unconnected or has no load
WARNING: [Synth 8-7129] Port DOUTB_I[19] in module blk_mem_output_block is either unconnected or has no load
WARNING: [Synth 8-7129] Port DOUTB_I[18] in module blk_mem_output_block is either unconnected or has no load
WARNING: [Synth 8-7129] Port DOUTB_I[17] in module blk_mem_output_block is either unconnected or has no load
WARNING: [Synth 8-7129] Port DOUTB_I[16] in module blk_mem_output_block is either unconnected or has no load
WARNING: [Synth 8-7129] Port DOUTB_I[15] in module blk_mem_output_block is either unconnected or has no load
WARNING: [Synth 8-7129] Port DOUTB_I[14] in module blk_mem_output_block is either unconnected or has no load
WARNING: [Synth 8-7129] Port DOUTB_I[13] in module blk_mem_output_block is either unconnected or has no load
WARNING: [Synth 8-7129] Port DOUTB_I[12] in module blk_mem_output_block is either unconnected or has no load
WARNING: [Synth 8-7129] Port DOUTB_I[11] in module blk_mem_output_block is either unconnected or has no load
WARNING: [Synth 8-7129] Port DOUTB_I[10] in module blk_mem_output_block is either unconnected or has no load
WARNING: [Synth 8-7129] Port DOUTB_I[9] in module blk_mem_output_block is either unconnected or has no load
WARNING: [Synth 8-7129] Port DOUTB_I[8] in module blk_mem_output_block is either unconnected or has no load
WARNING: [Synth 8-7129] Port DOUTB_I[7] in module blk_mem_output_block is either unconnected or has no load
WARNING: [Synth 8-7129] Port DOUTB_I[6] in module blk_mem_output_block is either unconnected or has no load
WARNING: [Synth 8-7129] Port DOUTB_I[5] in module blk_mem_output_block is either unconnected or has no load
WARNING: [Synth 8-7129] Port DOUTB_I[4] in module blk_mem_output_block is either unconnected or has no load
WARNING: [Synth 8-7129] Port DOUTB_I[3] in module blk_mem_output_block is either unconnected or has no load
WARNING: [Synth 8-7129] Port DOUTB_I[2] in module blk_mem_output_block is either unconnected or has no load
WARNING: [Synth 8-7129] Port DOUTB_I[1] in module blk_mem_output_block is either unconnected or has no load
WARNING: [Synth 8-7129] Port DOUTB_I[0] in module blk_mem_output_block is either unconnected or has no load
WARNING: [Synth 8-7129] Port SBITERR_I in module blk_mem_output_block is either unconnected or has no load
WARNING: [Synth 8-7129] Port DBITERR_I in module blk_mem_output_block is either unconnected or has no load
WARNING: [Synth 8-7129] Port RDADDRECC_I[13] in module blk_mem_output_block is either unconnected or has no load
WARNING: [Synth 8-7129] Port RDADDRECC_I[12] in module blk_mem_output_block is either unconnected or has no load
WARNING: [Synth 8-7129] Port RDADDRECC_I[11] in module blk_mem_output_block is either unconnected or has no load
WARNING: [Synth 8-7129] Port RDADDRECC_I[10] in module blk_mem_output_block is either unconnected or has no load
WARNING: [Synth 8-7129] Port RDADDRECC_I[9] in module blk_mem_output_block is either unconnected or has no load
WARNING: [Synth 8-7129] Port RDADDRECC_I[8] in module blk_mem_output_block is either unconnected or has no load
WARNING: [Synth 8-7129] Port RDADDRECC_I[7] in module blk_mem_output_block is either unconnected or has no load
WARNING: [Synth 8-7129] Port RDADDRECC_I[6] in module blk_mem_output_block is either unconnected or has no load
WARNING: [Synth 8-7129] Port RDADDRECC_I[5] in module blk_mem_output_block is either unconnected or has no load
WARNING: [Synth 8-7129] Port RDADDRECC_I[4] in module blk_mem_output_block is either unconnected or has no load
WARNING: [Synth 8-7129] Port RDADDRECC_I[3] in module blk_mem_output_block is either unconnected or has no load
WARNING: [Synth 8-7129] Port RDADDRECC_I[2] in module blk_mem_output_block is either unconnected or has no load
WARNING: [Synth 8-7129] Port RDADDRECC_I[1] in module blk_mem_output_block is either unconnected or has no load
WARNING: [Synth 8-7129] Port RDADDRECC_I[0] in module blk_mem_output_block is either unconnected or has no load
WARNING: [Synth 8-7129] Port DOUTB[8] in module blk_mem_gen_prim_wrapper_init__parameterized11 is either unconnected or has no load
WARNING: [Synth 8-7129] Port DOUTB[7] in module blk_mem_gen_prim_wrapper_init__parameterized11 is either unconnected or has no load
WARNING: [Synth 8-7129] Port DOUTB[6] in module blk_mem_gen_prim_wrapper_init__parameterized11 is either unconnected or has no load
WARNING: [Synth 8-7129] Port DOUTB[5] in module blk_mem_gen_prim_wrapper_init__parameterized11 is either unconnected or has no load
WARNING: [Synth 8-7129] Port DOUTB[4] in module blk_mem_gen_prim_wrapper_init__parameterized11 is either unconnected or has no load
WARNING: [Synth 8-7129] Port DOUTB[3] in module blk_mem_gen_prim_wrapper_init__parameterized11 is either unconnected or has no load
WARNING: [Synth 8-7129] Port DOUTB[2] in module blk_mem_gen_prim_wrapper_init__parameterized11 is either unconnected or has no load
WARNING: [Synth 8-7129] Port DOUTB[1] in module blk_mem_gen_prim_wrapper_init__parameterized11 is either unconnected or has no load
WARNING: [Synth 8-7129] Port DOUTB[0] in module blk_mem_gen_prim_wrapper_init__parameterized11 is either unconnected or has no load
WARNING: [Synth 8-7129] Port SBITERR in module blk_mem_gen_prim_wrapper_init__parameterized11 is either unconnected or has no load
WARNING: [Synth 8-7129] Port DBITERR in module blk_mem_gen_prim_wrapper_init__parameterized11 is either unconnected or has no load
WARNING: [Synth 8-7129] Port SSRA in module blk_mem_gen_prim_wrapper_init__parameterized11 is either unconnected or has no load
WARNING: [Synth 8-7129] Port CLKB in module blk_mem_gen_prim_wrapper_init__parameterized11 is either unconnected or has no load
WARNING: [Synth 8-7129] Port SSRB in module blk_mem_gen_prim_wrapper_init__parameterized11 is either unconnected or has no load
WARNING: [Synth 8-7129] Port ENB in module blk_mem_gen_prim_wrapper_init__parameterized11 is either unconnected or has no load
WARNING: [Synth 8-7129] Port REGCEB in module blk_mem_gen_prim_wrapper_init__parameterized11 is either unconnected or has no load
WARNING: [Synth 8-7129] Port WEB[0] in module blk_mem_gen_prim_wrapper_init__parameterized11 is either unconnected or has no load
WARNING: [Synth 8-7129] Port ADDRB[11] in module blk_mem_gen_prim_wrapper_init__parameterized11 is either unconnected or has no load
WARNING: [Synth 8-7129] Port ADDRB[10] in module blk_mem_gen_prim_wrapper_init__parameterized11 is either unconnected or has no load
WARNING: [Synth 8-7129] Port ADDRB[9] in module blk_mem_gen_prim_wrapper_init__parameterized11 is either unconnected or has no load
WARNING: [Synth 8-7129] Port ADDRB[8] in module blk_mem_gen_prim_wrapper_init__parameterized11 is either unconnected or has no load
WARNING: [Synth 8-7129] Port ADDRB[7] in module blk_mem_gen_prim_wrapper_init__parameterized11 is either unconnected or has no load
WARNING: [Synth 8-7129] Port ADDRB[6] in module blk_mem_gen_prim_wrapper_init__parameterized11 is either unconnected or has no load
WARNING: [Synth 8-7129] Port ADDRB[5] in module blk_mem_gen_prim_wrapper_init__parameterized11 is either unconnected or has no load
WARNING: [Synth 8-7129] Port ADDRB[4] in module blk_mem_gen_prim_wrapper_init__parameterized11 is either unconnected or has no load
WARNING: [Synth 8-7129] Port ADDRB[3] in module blk_mem_gen_prim_wrapper_init__parameterized11 is either unconnected or has no load
WARNING: [Synth 8-7129] Port ADDRB[2] in module blk_mem_gen_prim_wrapper_init__parameterized11 is either unconnected or has no load
WARNING: [Synth 8-7129] Port ADDRB[1] in module blk_mem_gen_prim_wrapper_init__parameterized11 is either unconnected or has no load
WARNING: [Synth 8-7129] Port ADDRB[0] in module blk_mem_gen_prim_wrapper_init__parameterized11 is either unconnected or has no load
WARNING: [Synth 8-7129] Port DINB[8] in module blk_mem_gen_prim_wrapper_init__parameterized11 is either unconnected or has no load
WARNING: [Synth 8-7129] Port DINB[7] in module blk_mem_gen_prim_wrapper_init__parameterized11 is either unconnected or has no load
WARNING: [Synth 8-7129] Port DINB[6] in module blk_mem_gen_prim_wrapper_init__parameterized11 is either unconnected or has no load
WARNING: [Synth 8-7129] Port DINB[5] in module blk_mem_gen_prim_wrapper_init__parameterized11 is either unconnected or has no load
WARNING: [Synth 8-7129] Port DINB[4] in module blk_mem_gen_prim_wrapper_init__parameterized11 is either unconnected or has no load
WARNING: [Synth 8-7129] Port DINB[3] in module blk_mem_gen_prim_wrapper_init__parameterized11 is either unconnected or has no load
WARNING: [Synth 8-7129] Port DINB[2] in module blk_mem_gen_prim_wrapper_init__parameterized11 is either unconnected or has no load
WARNING: [Synth 8-7129] Port DINB[1] in module blk_mem_gen_prim_wrapper_init__parameterized11 is either unconnected or has no load
WARNING: [Synth 8-7129] Port DINB[0] in module blk_mem_gen_prim_wrapper_init__parameterized11 is either unconnected or has no load
WARNING: [Synth 8-7129] Port SLEEP in module blk_mem_gen_prim_wrapper_init__parameterized11 is either unconnected or has no load
WARNING: [Synth 8-7129] Port INJECTSBITERR in module blk_mem_gen_prim_wrapper_init__parameterized11 is either unconnected or has no load
WARNING: [Synth 8-7129] Port INJECTDBITERR in module blk_mem_gen_prim_wrapper_init__parameterized11 is either unconnected or has no load
WARNING: [Synth 8-7129] Port ECCPIPECE in module blk_mem_gen_prim_wrapper_init__parameterized11 is either unconnected or has no load
WARNING: [Synth 8-7129] Port ram_rstram_b in module blk_mem_gen_prim_wrapper_init__parameterized11 is either unconnected or has no load
WARNING: [Synth 8-7129] Port ram_rstreg_b in module blk_mem_gen_prim_wrapper_init__parameterized11 is either unconnected or has no load
WARNING: [Synth 8-7129] Port DOUTB[8] in module blk_mem_gen_prim_wrapper_init__parameterized10 is either unconnected or has no load
WARNING: [Synth 8-7129] Port DOUTB[7] in module blk_mem_gen_prim_wrapper_init__parameterized10 is either unconnected or has no load
WARNING: [Synth 8-7129] Port DOUTB[6] in module blk_mem_gen_prim_wrapper_init__parameterized10 is either unconnected or has no load
WARNING: [Synth 8-7129] Port DOUTB[5] in module blk_mem_gen_prim_wrapper_init__parameterized10 is either unconnected or has no load
WARNING: [Synth 8-7129] Port DOUTB[4] in module blk_mem_gen_prim_wrapper_init__parameterized10 is either unconnected or has no load
WARNING: [Synth 8-7129] Port DOUTB[3] in module blk_mem_gen_prim_wrapper_init__parameterized10 is either unconnected or has no load
WARNING: [Synth 8-7129] Port DOUTB[2] in module blk_mem_gen_prim_wrapper_init__parameterized10 is either unconnected or has no load
INFO: [Common 17-14] Message 'Synth 8-7129' appears 100 times and further instances of the messages will be disabled. Use the Tcl command set_msg_config to change the current settings.
---------------------------------------------------------------------------------
Finished RTL Elaboration : Time (s): cpu = 00:00:12 ; elapsed = 00:00:25 . Memory (MB): peak = 1713.484 ; gain = 910.906
---------------------------------------------------------------------------------
---------------------------------------------------------------------------------
Start Handling Custom Attributes
---------------------------------------------------------------------------------
---------------------------------------------------------------------------------
Finished Handling Custom Attributes : Time (s): cpu = 00:00:12 ; elapsed = 00:00:25 . Memory (MB): peak = 1713.484 ; gain = 910.906
---------------------------------------------------------------------------------
---------------------------------------------------------------------------------
Finished RTL Optimization Phase 1 : Time (s): cpu = 00:00:12 ; elapsed = 00:00:25 . Memory (MB): peak = 1713.484 ; gain = 910.906
---------------------------------------------------------------------------------
Netlist sorting complete. Time (s): cpu = 00:00:00 ; elapsed = 00:00:00.016 . Memory (MB): peak = 1713.484 ; gain = 0.000
INFO: [Netlist 29-17] Analyzing 13 Unisim elements for replacement
INFO: [Netlist 29-28] Unisim Transformation completed in 0 CPU seconds
INFO: [Project 1-570] Preparing netlist for logic optimization

Processing XDC Constraints
Initializing timing engine
Parsing XDC File [d:/cpu-design/miniRV/src/rtl/ip/IROM/IROM_ooc.xdc] for cell 'U0'
Finished Parsing XDC File [d:/cpu-design/miniRV/src/rtl/ip/IROM/IROM_ooc.xdc] for cell 'U0'
Parsing XDC File [D:/cpu-design/miniRV/miniRV.runs/IROM_synth_1/dont_touch.xdc]
Finished Parsing XDC File [D:/cpu-design/miniRV/miniRV.runs/IROM_synth_1/dont_touch.xdc]
Completed Processing XDC Constraints

Netlist sorting complete. Time (s): cpu = 00:00:00 ; elapsed = 00:00:00 . Memory (MB): peak = 1713.484 ; gain = 0.000
INFO: [Project 1-111] Unisim Transformation Summary:
No Unisim elements were transformed.

Constraint Validation Runtime : Time (s): cpu = 00:00:00 ; elapsed = 00:00:00.029 . Memory (MB): peak = 1713.484 ; gain = 0.000
INFO: [Designutils 20-5008] Incremental synthesis strategy off
---------------------------------------------------------------------------------
Finished Constraint Validation : Time (s): cpu = 00:00:18 ; elapsed = 00:00:31 . Memory (MB): peak = 1713.484 ; gain = 910.906
---------------------------------------------------------------------------------
---------------------------------------------------------------------------------
Start Loading Part and Timing Information
---------------------------------------------------------------------------------
Loading part: xc7a35tcsg324-1
---------------------------------------------------------------------------------
Finished Loading Part and Timing Information : Time (s): cpu = 00:00:18 ; elapsed = 00:00:31 . Memory (MB): peak = 1713.484 ; gain = 910.906
---------------------------------------------------------------------------------
---------------------------------------------------------------------------------
Start Applying 'set_property' XDC Constraints
---------------------------------------------------------------------------------
---------------------------------------------------------------------------------
Finished applying 'set_property' XDC Constraints : Time (s): cpu = 00:00:18 ; elapsed = 00:00:31 . Memory (MB): peak = 1713.484 ; gain = 910.906
---------------------------------------------------------------------------------
---------------------------------------------------------------------------------
Finished RTL Optimization Phase 2 : Time (s): cpu = 00:00:18 ; elapsed = 00:00:32 . Memory (MB): peak = 1713.484 ; gain = 910.906
---------------------------------------------------------------------------------
---------------------------------------------------------------------------------
Start RTL Component Statistics 
---------------------------------------------------------------------------------
Detailed RTL Component Info : 
+---Registers : 
	                5 Bit    Registers := 2     
---------------------------------------------------------------------------------
Finished RTL Component Statistics 
---------------------------------------------------------------------------------
---------------------------------------------------------------------------------
Start Part Resource Summary
---------------------------------------------------------------------------------
Part Resources:
DSPs: 90 (col length:60)
BRAMs: 100 (col length: RAMB18 60 RAMB36 30)
---------------------------------------------------------------------------------
Finished Part Resource Summary
---------------------------------------------------------------------------------
---------------------------------------------------------------------------------
Start Cross Boundary and Area Optimization
---------------------------------------------------------------------------------
WARNING: [Synth 8-7080] Parallel synthesis criteria is not met
---------------------------------------------------------------------------------
Finished Cross Boundary and Area Optimization : Time (s): cpu = 00:00:20 ; elapsed = 00:00:34 . Memory (MB): peak = 1713.484 ; gain = 910.906
---------------------------------------------------------------------------------
---------------------------------------------------------------------------------
Start Applying XDC Timing Constraints
---------------------------------------------------------------------------------
---------------------------------------------------------------------------------
Finished Applying XDC Timing Constraints : Time (s): cpu = 00:00:24 ; elapsed = 00:00:38 . Memory (MB): peak = 1713.484 ; gain = 910.906
---------------------------------------------------------------------------------
---------------------------------------------------------------------------------
Start Timing Optimization
---------------------------------------------------------------------------------
---------------------------------------------------------------------------------
Finished Timing Optimization : Time (s): cpu = 00:00:25 ; elapsed = 00:00:38 . Memory (MB): peak = 1713.484 ; gain = 910.906
---------------------------------------------------------------------------------
---------------------------------------------------------------------------------
Start Technology Mapping
---------------------------------------------------------------------------------
---------------------------------------------------------------------------------
Finished Technology Mapping : Time (s): cpu = 00:00:25 ; elapsed = 00:00:38 . Memory (MB): peak = 1713.484 ; gain = 910.906
---------------------------------------------------------------------------------
---------------------------------------------------------------------------------
Start IO Insertion
---------------------------------------------------------------------------------
---------------------------------------------------------------------------------
Start Flattening Before IO Insertion
---------------------------------------------------------------------------------
---------------------------------------------------------------------------------
Finished Flattening Before IO Insertion
---------------------------------------------------------------------------------
---------------------------------------------------------------------------------
Start Final Netlist Cleanup
---------------------------------------------------------------------------------
---------------------------------------------------------------------------------
Finished Final Netlist Cleanup
---------------------------------------------------------------------------------
---------------------------------------------------------------------------------
Finished IO Insertion : Time (s): cpu = 00:00:27 ; elapsed = 00:00:41 . Memory (MB): peak = 1906.039 ; gain = 1103.461
---------------------------------------------------------------------------------
---------------------------------------------------------------------------------
Start Renaming Generated Instances
---------------------------------------------------------------------------------
---------------------------------------------------------------------------------
Finished Renaming Generated Instances : Time (s): cpu = 00:00:27 ; elapsed = 00:00:41 . Memory (MB): peak = 1906.039 ; gain = 1103.461
---------------------------------------------------------------------------------
---------------------------------------------------------------------------------
Start Rebuilding User Hierarchy
---------------------------------------------------------------------------------
---------------------------------------------------------------------------------
Finished Rebuilding User Hierarchy : Time (s): cpu = 00:00:27 ; elapsed = 00:00:41 . Memory (MB): peak = 1906.039 ; gain = 1103.461
---------------------------------------------------------------------------------
---------------------------------------------------------------------------------
Start Renaming Generated Ports
---------------------------------------------------------------------------------
---------------------------------------------------------------------------------
Finished Renaming Generated Ports : Time (s): cpu = 00:00:27 ; elapsed = 00:00:41 . Memory (MB): peak = 1906.039 ; gain = 1103.461
---------------------------------------------------------------------------------
---------------------------------------------------------------------------------
Start Handling Custom Attributes
---------------------------------------------------------------------------------
---------------------------------------------------------------------------------
Finished Handling Custom Attributes : Time (s): cpu = 00:00:27 ; elapsed = 00:00:41 . Memory (MB): peak = 1906.039 ; gain = 1103.461
---------------------------------------------------------------------------------
---------------------------------------------------------------------------------
Start Renaming Generated Nets
---------------------------------------------------------------------------------
---------------------------------------------------------------------------------
Finished Renaming Generated Nets : Time (s): cpu = 00:00:27 ; elapsed = 00:00:41 . Memory (MB): peak = 1906.039 ; gain = 1103.461
---------------------------------------------------------------------------------
---------------------------------------------------------------------------------
Start Writing Synthesis Report
---------------------------------------------------------------------------------

Report BlackBoxes: 
+-+--------------+----------+
| |BlackBox name |Instances |
+-+--------------+----------+
+-+--------------+----------+

Report Cell Usage: 
+------+---------+------+
|      |Cell     |Count |
+------+---------+------+
|1     |LUT2     |     3|
|2     |LUT3     |    32|
|3     |LUT5     |     1|
|4     |LUT6     |    32|
|5     |MUXF7    |    32|
|6     |RAMB18E1 |     1|
|7     |RAMB36E1 |    12|
|12    |FDRE     |     5|
+------+---------+------+
---------------------------------------------------------------------------------
Finished Writing Synthesis Report : Time (s): cpu = 00:00:27 ; elapsed = 00:00:41 . Memory (MB): peak = 1906.039 ; gain = 1103.461
---------------------------------------------------------------------------------
Synthesis finished with 0 errors, 0 critical warnings and 830 warnings.
Synthesis Optimization Runtime : Time (s): cpu = 00:00:13 ; elapsed = 00:00:42 . Memory (MB): peak = 1906.039 ; gain = 1103.461
Synthesis Optimization Complete : Time (s): cpu = 00:00:27 ; elapsed = 00:00:44 . Memory (MB): peak = 1906.039 ; gain = 1103.461
INFO: [Project 1-571] Translating synthesized netlist
Netlist sorting complete. Time (s): cpu = 00:00:00 ; elapsed = 00:00:00.004 . Memory (MB): peak = 1906.039 ; gain = 0.000
INFO: [Netlist 29-17] Analyzing 45 Unisim elements for replacement
INFO: [Netlist 29-28] Unisim Transformation completed in 0 CPU seconds
INFO: [Project 1-570] Preparing netlist for logic optimization
INFO: [Opt 31-138] Pushed 0 inverter(s) to 0 load pin(s).
Netlist sorting complete. Time (s): cpu = 00:00:00 ; elapsed = 00:00:00 . Memory (MB): peak = 1918.730 ; gain = 0.000
INFO: [Project 1-111] Unisim Transformation Summary:
No Unisim elements were transformed.

Synth Design complete | Checksum: f45267d5
INFO: [Common 17-83] Releasing license: Synthesis
21 Infos, 101 Warnings, 0 Critical Warnings and 0 Errors encountered.
synth_design completed successfully
synth_design: Time (s): cpu = 00:00:30 ; elapsed = 00:00:48 . Memory (MB): peak = 1918.730 ; gain = 1304.082
Write ShapeDB Complete: Time (s): cpu = 00:00:00 ; elapsed = 00:00:00.002 . Memory (MB): peak = 1918.730 ; gain = 0.000
INFO: [Common 17-1381] The checkpoint 'D:/cpu-design/miniRV/miniRV.runs/IROM_synth_1/IROM.dcp' has been generated.
INFO: [Coretcl 2-1648] Added synthesis output to IP cache for IP IROM, cache-ID = 37bc6710324c379f
INFO: [Coretcl 2-1174] Renamed 31 cell refs.
Write ShapeDB Complete: Time (s): cpu = 00:00:00 ; elapsed = 00:00:00.001 . Memory (MB): peak = 1918.730 ; gain = 0.000
INFO: [Common 17-1381] The checkpoint 'D:/cpu-design/miniRV/miniRV.runs/IROM_synth_1/IROM.dcp' has been generated.
INFO: [Vivado 12-24828] Executing command : report_utilization -file IROM_utilization_synth.rpt -pb IROM_utilization_synth.pb
INFO: [Common 17-206] Exiting Vivado at Mon Jul 20 10:46:45 2026...
[Mon Jul 20 10:46:46 2026] IROM_synth_1 finished
wait_on_runs: Time (s): cpu = 00:00:01 ; elapsed = 00:01:06 . Memory (MB): peak = 2017.512 ; gain = 0.000
wait_on_run DRAM_synth_1
wait_on_run IROM_synth_1
wait_on_run clk_wiz_0_synth_1

[Mon Jul 20 10:46:46 2026] Waiting for DRAM_synth_1 to finish...

*** Running vivado
    with args -log DRAM.vds -m64 -product Vivado -mode batch -messageDb vivado.pb -notrace -source DRAM.tcl



****** Vivado v2025.1 (64-bit)
  **** SW Build 6140274 on Thu May 22 00:12:29 MDT 2025
  **** IP Build 6138677 on Thu May 22 03:10:11 MDT 2025
  **** SharedData Build 6139179 on Tue May 20 17:58:58 MDT 2025
  **** Start of session at: Mon Jul 20 10:44:05 2026
    ** Copyright 1986-2022 Xilinx, Inc. All Rights Reserved.
    ** Copyright 2022-2025 Advanced Micro Devices, Inc. All Rights Reserved.

source DRAM.tcl -notrace
create_project: Time (s): cpu = 00:00:08 ; elapsed = 00:00:08 . Memory (MB): peak = 604.602 ; gain = 210.586
Command: synth_design -top DRAM -part xc7a35tcsg324-1 -incremental_mode off -mode out_of_context
Starting synth_design
Attempting to get a license for feature 'Synthesis' and/or device 'xc7a35t'
INFO: [Common 17-349] Got license for feature 'Synthesis' and/or device 'xc7a35t'
INFO: [Device 21-403] Loading part xc7a35tcsg324-1
INFO: [Synth 8-7079] Multithreading enabled for synth_design using a maximum of 2 processes.
INFO: [Synth 8-7078] Launching helper process for spawning children vivado processes
INFO: [Synth 8-7075] Helper process launched with PID 40836
---------------------------------------------------------------------------------
Starting RTL Elaboration : Time (s): cpu = 00:00:06 ; elapsed = 00:00:06 . Memory (MB): peak = 1296.977 ; gain = 493.434
---------------------------------------------------------------------------------
WARNING: [Synth 8-7129] Port CLKB in module blk_mem_output_block is either unconnected or has no load
WARNING: [Synth 8-7129] Port DOUTB_I[31] in module blk_mem_output_block is either unconnected or has no load
WARNING: [Synth 8-7129] Port DOUTB_I[30] in module blk_mem_output_block is either unconnected or has no load
WARNING: [Synth 8-7129] Port DOUTB_I[29] in module blk_mem_output_block is either unconnected or has no load
WARNING: [Synth 8-7129] Port DOUTB_I[28] in module blk_mem_output_block is either unconnected or has no load
WARNING: [Synth 8-7129] Port DOUTB_I[27] in module blk_mem_output_block is either unconnected or has no load
WARNING: [Synth 8-7129] Port DOUTB_I[26] in module blk_mem_output_block is either unconnected or has no load
WARNING: [Synth 8-7129] Port DOUTB_I[25] in module blk_mem_output_block is either unconnected or has no load
WARNING: [Synth 8-7129] Port DOUTB_I[24] in module blk_mem_output_block is either unconnected or has no load
WARNING: [Synth 8-7129] Port DOUTB_I[23] in module blk_mem_output_block is either unconnected or has no load
WARNING: [Synth 8-7129] Port DOUTB_I[22] in module blk_mem_output_block is either unconnected or has no load
WARNING: [Synth 8-7129] Port DOUTB_I[21] in module blk_mem_output_block is either unconnected or has no load
WARNING: [Synth 8-7129] Port DOUTB_I[20] in module blk_mem_output_block is either unconnected or has no load
WARNING: [Synth 8-7129] Port DOUTB_I[19] in module blk_mem_output_block is either unconnected or has no load
WARNING: [Synth 8-7129] Port DOUTB_I[18] in module blk_mem_output_block is either unconnected or has no load
WARNING: [Synth 8-7129] Port DOUTB_I[17] in module blk_mem_output_block is either unconnected or has no load
WARNING: [Synth 8-7129] Port DOUTB_I[16] in module blk_mem_output_block is either unconnected or has no load
WARNING: [Synth 8-7129] Port DOUTB_I[15] in module blk_mem_output_block is either unconnected or has no load
WARNING: [Synth 8-7129] Port DOUTB_I[14] in module blk_mem_output_block is either unconnected or has no load
WARNING: [Synth 8-7129] Port DOUTB_I[13] in module blk_mem_output_block is either unconnected or has no load
WARNING: [Synth 8-7129] Port DOUTB_I[12] in module blk_mem_output_block is either unconnected or has no load
WARNING: [Synth 8-7129] Port DOUTB_I[11] in module blk_mem_output_block is either unconnected or has no load
WARNING: [Synth 8-7129] Port DOUTB_I[10] in module blk_mem_output_block is either unconnected or has no load
WARNING: [Synth 8-7129] Port DOUTB_I[9] in module blk_mem_output_block is either unconnected or has no load
WARNING: [Synth 8-7129] Port DOUTB_I[8] in module blk_mem_output_block is either unconnected or has no load
WARNING: [Synth 8-7129] Port DOUTB_I[7] in module blk_mem_output_block is either unconnected or has no load
WARNING: [Synth 8-7129] Port DOUTB_I[6] in module blk_mem_output_block is either unconnected or has no load
WARNING: [Synth 8-7129] Port DOUTB_I[5] in module blk_mem_output_block is either unconnected or has no load
WARNING: [Synth 8-7129] Port DOUTB_I[4] in module blk_mem_output_block is either unconnected or has no load
WARNING: [Synth 8-7129] Port DOUTB_I[3] in module blk_mem_output_block is either unconnected or has no load
WARNING: [Synth 8-7129] Port DOUTB_I[2] in module blk_mem_output_block is either unconnected or has no load
WARNING: [Synth 8-7129] Port DOUTB_I[1] in module blk_mem_output_block is either unconnected or has no load
WARNING: [Synth 8-7129] Port DOUTB_I[0] in module blk_mem_output_block is either unconnected or has no load
WARNING: [Synth 8-7129] Port SBITERR_I in module blk_mem_output_block is either unconnected or has no load
WARNING: [Synth 8-7129] Port DBITERR_I in module blk_mem_output_block is either unconnected or has no load
WARNING: [Synth 8-7129] Port RDADDRECC_I[14] in module blk_mem_output_block is either unconnected or has no load
WARNING: [Synth 8-7129] Port RDADDRECC_I[13] in module blk_mem_output_block is either unconnected or has no load
WARNING: [Synth 8-7129] Port RDADDRECC_I[12] in module blk_mem_output_block is either unconnected or has no load
WARNING: [Synth 8-7129] Port RDADDRECC_I[11] in module blk_mem_output_block is either unconnected or has no load
WARNING: [Synth 8-7129] Port RDADDRECC_I[10] in module blk_mem_output_block is either unconnected or has no load
WARNING: [Synth 8-7129] Port RDADDRECC_I[9] in module blk_mem_output_block is either unconnected or has no load
WARNING: [Synth 8-7129] Port RDADDRECC_I[8] in module blk_mem_output_block is either unconnected or has no load
WARNING: [Synth 8-7129] Port RDADDRECC_I[7] in module blk_mem_output_block is either unconnected or has no load
WARNING: [Synth 8-7129] Port RDADDRECC_I[6] in module blk_mem_output_block is either unconnected or has no load
WARNING: [Synth 8-7129] Port RDADDRECC_I[5] in module blk_mem_output_block is either unconnected or has no load
WARNING: [Synth 8-7129] Port RDADDRECC_I[4] in module blk_mem_output_block is either unconnected or has no load
WARNING: [Synth 8-7129] Port RDADDRECC_I[3] in module blk_mem_output_block is either unconnected or has no load
WARNING: [Synth 8-7129] Port RDADDRECC_I[2] in module blk_mem_output_block is either unconnected or has no load
WARNING: [Synth 8-7129] Port RDADDRECC_I[1] in module blk_mem_output_block is either unconnected or has no load
WARNING: [Synth 8-7129] Port RDADDRECC_I[0] in module blk_mem_output_block is either unconnected or has no load
WARNING: [Synth 8-7129] Port DOUTB[8] in module blk_mem_gen_prim_wrapper_init__parameterized23 is either unconnected or has no load
WARNING: [Synth 8-7129] Port DOUTB[7] in module blk_mem_gen_prim_wrapper_init__parameterized23 is either unconnected or has no load
WARNING: [Synth 8-7129] Port DOUTB[6] in module blk_mem_gen_prim_wrapper_init__parameterized23 is either unconnected or has no load
WARNING: [Synth 8-7129] Port DOUTB[5] in module blk_mem_gen_prim_wrapper_init__parameterized23 is either unconnected or has no load
WARNING: [Synth 8-7129] Port DOUTB[4] in module blk_mem_gen_prim_wrapper_init__parameterized23 is either unconnected or has no load
WARNING: [Synth 8-7129] Port DOUTB[3] in module blk_mem_gen_prim_wrapper_init__parameterized23 is either unconnected or has no load
WARNING: [Synth 8-7129] Port DOUTB[2] in module blk_mem_gen_prim_wrapper_init__parameterized23 is either unconnected or has no load
WARNING: [Synth 8-7129] Port DOUTB[1] in module blk_mem_gen_prim_wrapper_init__parameterized23 is either unconnected or has no load
WARNING: [Synth 8-7129] Port DOUTB[0] in module blk_mem_gen_prim_wrapper_init__parameterized23 is either unconnected or has no load
WARNING: [Synth 8-7129] Port SBITERR in module blk_mem_gen_prim_wrapper_init__parameterized23 is either unconnected or has no load
WARNING: [Synth 8-7129] Port DBITERR in module blk_mem_gen_prim_wrapper_init__parameterized23 is either unconnected or has no load
WARNING: [Synth 8-7129] Port SSRA in module blk_mem_gen_prim_wrapper_init__parameterized23 is either unconnected or has no load
WARNING: [Synth 8-7129] Port CLKB in module blk_mem_gen_prim_wrapper_init__parameterized23 is either unconnected or has no load
WARNING: [Synth 8-7129] Port SSRB in module blk_mem_gen_prim_wrapper_init__parameterized23 is either unconnected or has no load
WARNING: [Synth 8-7129] Port ENB in module blk_mem_gen_prim_wrapper_init__parameterized23 is either unconnected or has no load
WARNING: [Synth 8-7129] Port REGCEB in module blk_mem_gen_prim_wrapper_init__parameterized23 is either unconnected or has no load
WARNING: [Synth 8-7129] Port WEB[0] in module blk_mem_gen_prim_wrapper_init__parameterized23 is either unconnected or has no load
WARNING: [Synth 8-7129] Port ADDRB[11] in module blk_mem_gen_prim_wrapper_init__parameterized23 is either unconnected or has no load
WARNING: [Synth 8-7129] Port ADDRB[10] in module blk_mem_gen_prim_wrapper_init__parameterized23 is either unconnected or has no load
WARNING: [Synth 8-7129] Port ADDRB[9] in module blk_mem_gen_prim_wrapper_init__parameterized23 is either unconnected or has no load
WARNING: [Synth 8-7129] Port ADDRB[8] in module blk_mem_gen_prim_wrapper_init__parameterized23 is either unconnected or has no load
WARNING: [Synth 8-7129] Port ADDRB[7] in module blk_mem_gen_prim_wrapper_init__parameterized23 is either unconnected or has no load
WARNING: [Synth 8-7129] Port ADDRB[6] in module blk_mem_gen_prim_wrapper_init__parameterized23 is either unconnected or has no load
WARNING: [Synth 8-7129] Port ADDRB[5] in module blk_mem_gen_prim_wrapper_init__parameterized23 is either unconnected or has no load
WARNING: [Synth 8-7129] Port ADDRB[4] in module blk_mem_gen_prim_wrapper_init__parameterized23 is either unconnected or has no load
WARNING: [Synth 8-7129] Port ADDRB[3] in module blk_mem_gen_prim_wrapper_init__parameterized23 is either unconnected or has no load
WARNING: [Synth 8-7129] Port ADDRB[2] in module blk_mem_gen_prim_wrapper_init__parameterized23 is either unconnected or has no load
WARNING: [Synth 8-7129] Port ADDRB[1] in module blk_mem_gen_prim_wrapper_init__parameterized23 is either unconnected or has no load
WARNING: [Synth 8-7129] Port ADDRB[0] in module blk_mem_gen_prim_wrapper_init__parameterized23 is either unconnected or has no load
WARNING: [Synth 8-7129] Port DINB[8] in module blk_mem_gen_prim_wrapper_init__parameterized23 is either unconnected or has no load
WARNING: [Synth 8-7129] Port DINB[7] in module blk_mem_gen_prim_wrapper_init__parameterized23 is either unconnected or has no load
WARNING: [Synth 8-7129] Port DINB[6] in module blk_mem_gen_prim_wrapper_init__parameterized23 is either unconnected or has no load
WARNING: [Synth 8-7129] Port DINB[5] in module blk_mem_gen_prim_wrapper_init__parameterized23 is either unconnected or has no load
WARNING: [Synth 8-7129] Port DINB[4] in module blk_mem_gen_prim_wrapper_init__parameterized23 is either unconnected or has no load
WARNING: [Synth 8-7129] Port DINB[3] in module blk_mem_gen_prim_wrapper_init__parameterized23 is either unconnected or has no load
WARNING: [Synth 8-7129] Port DINB[2] in module blk_mem_gen_prim_wrapper_init__parameterized23 is either unconnected or has no load
WARNING: [Synth 8-7129] Port DINB[1] in module blk_mem_gen_prim_wrapper_init__parameterized23 is either unconnected or has no load
WARNING: [Synth 8-7129] Port DINB[0] in module blk_mem_gen_prim_wrapper_init__parameterized23 is either unconnected or has no load
WARNING: [Synth 8-7129] Port SLEEP in module blk_mem_gen_prim_wrapper_init__parameterized23 is either unconnected or has no load
WARNING: [Synth 8-7129] Port INJECTSBITERR in module blk_mem_gen_prim_wrapper_init__parameterized23 is either unconnected or has no load
WARNING: [Synth 8-7129] Port INJECTDBITERR in module blk_mem_gen_prim_wrapper_init__parameterized23 is either unconnected or has no load
WARNING: [Synth 8-7129] Port ECCPIPECE in module blk_mem_gen_prim_wrapper_init__parameterized23 is either unconnected or has no load
WARNING: [Synth 8-7129] Port ram_rstram_b in module blk_mem_gen_prim_wrapper_init__parameterized23 is either unconnected or has no load
WARNING: [Synth 8-7129] Port ram_rstreg_b in module blk_mem_gen_prim_wrapper_init__parameterized23 is either unconnected or has no load
WARNING: [Synth 8-7129] Port DOUTB[8] in module blk_mem_gen_prim_wrapper_init__parameterized22 is either unconnected or has no load
WARNING: [Synth 8-7129] Port DOUTB[7] in module blk_mem_gen_prim_wrapper_init__parameterized22 is either unconnected or has no load
WARNING: [Synth 8-7129] Port DOUTB[6] in module blk_mem_gen_prim_wrapper_init__parameterized22 is either unconnected or has no load
WARNING: [Synth 8-7129] Port DOUTB[5] in module blk_mem_gen_prim_wrapper_init__parameterized22 is either unconnected or has no load
WARNING: [Synth 8-7129] Port DOUTB[4] in module blk_mem_gen_prim_wrapper_init__parameterized22 is either unconnected or has no load
WARNING: [Synth 8-7129] Port DOUTB[3] in module blk_mem_gen_prim_wrapper_init__parameterized22 is either unconnected or has no load
INFO: [Common 17-14] Message 'Synth 8-7129' appears 100 times and further instances of the messages will be disabled. Use the Tcl command set_msg_config to change the current settings.
---------------------------------------------------------------------------------
Finished RTL Elaboration : Time (s): cpu = 00:00:18 ; elapsed = 00:00:38 . Memory (MB): peak = 1762.918 ; gain = 959.375
---------------------------------------------------------------------------------
---------------------------------------------------------------------------------
Start Handling Custom Attributes
---------------------------------------------------------------------------------
---------------------------------------------------------------------------------
Finished Handling Custom Attributes : Time (s): cpu = 00:00:18 ; elapsed = 00:00:38 . Memory (MB): peak = 1762.918 ; gain = 959.375
---------------------------------------------------------------------------------
---------------------------------------------------------------------------------
Finished RTL Optimization Phase 1 : Time (s): cpu = 00:00:18 ; elapsed = 00:00:38 . Memory (MB): peak = 1762.918 ; gain = 959.375
---------------------------------------------------------------------------------
Netlist sorting complete. Time (s): cpu = 00:00:00 ; elapsed = 00:00:00.041 . Memory (MB): peak = 1762.918 ; gain = 0.000
INFO: [Netlist 29-17] Analyzing 25 Unisim elements for replacement
INFO: [Netlist 29-28] Unisim Transformation completed in 0 CPU seconds
INFO: [Project 1-570] Preparing netlist for logic optimization

Processing XDC Constraints
Initializing timing engine
Parsing XDC File [d:/cpu-design/miniRV/src/rtl/ip/DRAM/DRAM_ooc.xdc] for cell 'U0'
Finished Parsing XDC File [d:/cpu-design/miniRV/src/rtl/ip/DRAM/DRAM_ooc.xdc] for cell 'U0'
Parsing XDC File [D:/cpu-design/miniRV/miniRV.runs/DRAM_synth_1/dont_touch.xdc]
Finished Parsing XDC File [D:/cpu-design/miniRV/miniRV.runs/DRAM_synth_1/dont_touch.xdc]
Completed Processing XDC Constraints

Netlist sorting complete. Time (s): cpu = 00:00:00 ; elapsed = 00:00:00 . Memory (MB): peak = 1762.918 ; gain = 0.000
INFO: [Project 1-111] Unisim Transformation Summary:
No Unisim elements were transformed.

Constraint Validation Runtime : Time (s): cpu = 00:00:00 ; elapsed = 00:00:00.079 . Memory (MB): peak = 1762.918 ; gain = 0.000
INFO: [Designutils 20-5008] Incremental synthesis strategy off
---------------------------------------------------------------------------------
Finished Constraint Validation : Time (s): cpu = 00:00:32 ; elapsed = 00:00:53 . Memory (MB): peak = 1762.918 ; gain = 959.375
---------------------------------------------------------------------------------
---------------------------------------------------------------------------------
Start Loading Part and Timing Information
---------------------------------------------------------------------------------
Loading part: xc7a35tcsg324-1
---------------------------------------------------------------------------------
Finished Loading Part and Timing Information : Time (s): cpu = 00:00:32 ; elapsed = 00:00:53 . Memory (MB): peak = 1762.918 ; gain = 959.375
---------------------------------------------------------------------------------
---------------------------------------------------------------------------------
Start Applying 'set_property' XDC Constraints
---------------------------------------------------------------------------------
---------------------------------------------------------------------------------
Finished applying 'set_property' XDC Constraints : Time (s): cpu = 00:00:32 ; elapsed = 00:00:53 . Memory (MB): peak = 1762.918 ; gain = 959.375
---------------------------------------------------------------------------------
---------------------------------------------------------------------------------
Finished RTL Optimization Phase 2 : Time (s): cpu = 00:00:32 ; elapsed = 00:00:54 . Memory (MB): peak = 1762.918 ; gain = 959.375
---------------------------------------------------------------------------------
---------------------------------------------------------------------------------
Start RTL Component Statistics 
---------------------------------------------------------------------------------
Detailed RTL Component Info : 
+---Registers : 
	                5 Bit    Registers := 2     
---------------------------------------------------------------------------------
Finished RTL Component Statistics 
---------------------------------------------------------------------------------
---------------------------------------------------------------------------------
Start Part Resource Summary
---------------------------------------------------------------------------------
Part Resources:
DSPs: 90 (col length:60)
BRAMs: 100 (col length: RAMB18 60 RAMB36 30)
---------------------------------------------------------------------------------
Finished Part Resource Summary
---------------------------------------------------------------------------------
---------------------------------------------------------------------------------
Start Cross Boundary and Area Optimization
---------------------------------------------------------------------------------
WARNING: [Synth 8-7080] Parallel synthesis criteria is not met
---------------------------------------------------------------------------------
Finished Cross Boundary and Area Optimization : Time (s): cpu = 00:00:34 ; elapsed = 00:00:56 . Memory (MB): peak = 1762.918 ; gain = 959.375
---------------------------------------------------------------------------------
---------------------------------------------------------------------------------
Start Applying XDC Timing Constraints
---------------------------------------------------------------------------------
---------------------------------------------------------------------------------
Finished Applying XDC Timing Constraints : Time (s): cpu = 00:00:39 ; elapsed = 00:01:01 . Memory (MB): peak = 1762.918 ; gain = 959.375
---------------------------------------------------------------------------------
---------------------------------------------------------------------------------
Start Timing Optimization
---------------------------------------------------------------------------------
---------------------------------------------------------------------------------
Finished Timing Optimization : Time (s): cpu = 00:00:39 ; elapsed = 00:01:01 . Memory (MB): peak = 1762.918 ; gain = 959.375
---------------------------------------------------------------------------------
---------------------------------------------------------------------------------
Start Technology Mapping
---------------------------------------------------------------------------------
---------------------------------------------------------------------------------
Finished Technology Mapping : Time (s): cpu = 00:00:39 ; elapsed = 00:01:01 . Memory (MB): peak = 1762.918 ; gain = 959.375
---------------------------------------------------------------------------------
---------------------------------------------------------------------------------
Start IO Insertion
---------------------------------------------------------------------------------
---------------------------------------------------------------------------------
Start Flattening Before IO Insertion
---------------------------------------------------------------------------------
---------------------------------------------------------------------------------
Finished Flattening Before IO Insertion
---------------------------------------------------------------------------------
---------------------------------------------------------------------------------
Start Final Netlist Cleanup
---------------------------------------------------------------------------------
---------------------------------------------------------------------------------
Finished Final Netlist Cleanup
---------------------------------------------------------------------------------
---------------------------------------------------------------------------------
Finished IO Insertion : Time (s): cpu = 00:00:42 ; elapsed = 00:01:04 . Memory (MB): peak = 1929.777 ; gain = 1126.234
---------------------------------------------------------------------------------
---------------------------------------------------------------------------------
Start Renaming Generated Instances
---------------------------------------------------------------------------------
---------------------------------------------------------------------------------
Finished Renaming Generated Instances : Time (s): cpu = 00:00:42 ; elapsed = 00:01:04 . Memory (MB): peak = 1929.777 ; gain = 1126.234
---------------------------------------------------------------------------------
---------------------------------------------------------------------------------
Start Rebuilding User Hierarchy
---------------------------------------------------------------------------------
---------------------------------------------------------------------------------
Finished Rebuilding User Hierarchy : Time (s): cpu = 00:00:42 ; elapsed = 00:01:04 . Memory (MB): peak = 1929.777 ; gain = 1126.234
---------------------------------------------------------------------------------
---------------------------------------------------------------------------------
Start Renaming Generated Ports
---------------------------------------------------------------------------------
---------------------------------------------------------------------------------
Finished Renaming Generated Ports : Time (s): cpu = 00:00:42 ; elapsed = 00:01:04 . Memory (MB): peak = 1929.777 ; gain = 1126.234
---------------------------------------------------------------------------------
---------------------------------------------------------------------------------
Start Handling Custom Attributes
---------------------------------------------------------------------------------
---------------------------------------------------------------------------------
Finished Handling Custom Attributes : Time (s): cpu = 00:00:42 ; elapsed = 00:01:04 . Memory (MB): peak = 1929.777 ; gain = 1126.234
---------------------------------------------------------------------------------
---------------------------------------------------------------------------------
Start Renaming Generated Nets
---------------------------------------------------------------------------------
---------------------------------------------------------------------------------
Finished Renaming Generated Nets : Time (s): cpu = 00:00:42 ; elapsed = 00:01:04 . Memory (MB): peak = 1929.777 ; gain = 1126.234
---------------------------------------------------------------------------------
---------------------------------------------------------------------------------
Start Writing Synthesis Report
---------------------------------------------------------------------------------

Report BlackBoxes: 
+-+--------------+----------+
| |BlackBox name |Instances |
+-+--------------+----------+
+-+--------------+----------+

Report Cell Usage: 
+------+---------+------+
|      |Cell     |Count |
+------+---------+------+
|1     |LUT3     |     6|
|2     |LUT4     |    32|
|3     |LUT5     |     2|
|4     |LUT6     |    64|
|5     |RAMB36E1 |    25|
|11    |FDRE     |     5|
+------+---------+------+
---------------------------------------------------------------------------------
Finished Writing Synthesis Report : Time (s): cpu = 00:00:42 ; elapsed = 00:01:04 . Memory (MB): peak = 1929.777 ; gain = 1126.234
---------------------------------------------------------------------------------
Synthesis finished with 0 errors, 0 critical warnings and 807 warnings.
Synthesis Optimization Runtime : Time (s): cpu = 00:00:20 ; elapsed = 00:01:02 . Memory (MB): peak = 1929.777 ; gain = 1126.234
Synthesis Optimization Complete : Time (s): cpu = 00:00:42 ; elapsed = 00:01:07 . Memory (MB): peak = 1929.777 ; gain = 1126.234
INFO: [Project 1-571] Translating synthesized netlist
Netlist sorting complete. Time (s): cpu = 00:00:00 ; elapsed = 00:00:00.007 . Memory (MB): peak = 1929.777 ; gain = 0.000
INFO: [Netlist 29-17] Analyzing 25 Unisim elements for replacement
INFO: [Netlist 29-28] Unisim Transformation completed in 0 CPU seconds
INFO: [Project 1-570] Preparing netlist for logic optimization
INFO: [Opt 31-138] Pushed 0 inverter(s) to 0 load pin(s).
Netlist sorting complete. Time (s): cpu = 00:00:00 ; elapsed = 00:00:00 . Memory (MB): peak = 1943.609 ; gain = 0.000
INFO: [Project 1-111] Unisim Transformation Summary:
No Unisim elements were transformed.

Synth Design complete | Checksum: e8738848
INFO: [Common 17-83] Releasing license: Synthesis
21 Infos, 101 Warnings, 0 Critical Warnings and 0 Errors encountered.
synth_design completed successfully
synth_design: Time (s): cpu = 00:00:44 ; elapsed = 00:01:12 . Memory (MB): peak = 1943.609 ; gain = 1327.512
INFO: [Common 17-1381] The checkpoint 'D:/cpu-design/miniRV/miniRV.runs/DRAM_synth_1/DRAM.dcp' has been generated.
INFO: [Coretcl 2-1648] Added synthesis output to IP cache for IP DRAM, cache-ID = 78e1cbbb3ca2bd41
INFO: [Coretcl 2-1174] Renamed 55 cell refs.
INFO: [Common 17-1381] The checkpoint 'D:/cpu-design/miniRV/miniRV.runs/DRAM_synth_1/DRAM.dcp' has been generated.
INFO: [Vivado 12-24828] Executing command : report_utilization -file DRAM_utilization_synth.rpt -pb DRAM_utilization_synth.pb
INFO: [Common 17-206] Exiting Vivado at Mon Jul 20 10:45:35 2026...
[Mon Jul 20 10:46:46 2026] DRAM_synth_1 finished
[Mon Jul 20 10:46:46 2026] Waiting for IROM_synth_1 to finish...

*** Running vivado
    with args -log IROM.vds -m64 -product Vivado -mode batch -messageDb vivado.pb -notrace -source IROM.tcl


ECHO 处于关闭状态。
ECHO 处于关闭状态。
WARNING: Default location for XILINX_HLS not found: 

****** Vivado v2023.2 (64-bit)
  **** SW Build 4029153 on Fri Oct 13 20:14:34 MDT 2023
  **** IP Build 4028589 on Sat Oct 14 00:45:43 MDT 2023
  **** SharedData Build 4025554 on Tue Oct 10 17:18:54 MDT 2023
    ** Copyright 1986-2022 Xilinx, Inc. All Rights Reserved.
    ** Copyright 2022-2023 Advanced Micro Devices, Inc. All Rights Reserved.

source IROM.tcl -notrace
create_project: Time (s): cpu = 00:00:04 ; elapsed = 00:00:06 . Memory (MB): peak = 484.625 ; gain = 178.816

*** Running vivado
    with args -log IROM.vds -m64 -product Vivado -mode batch -messageDb vivado.pb -notrace -source IROM.tcl



****** Vivado v2025.1 (64-bit)
  **** SW Build 6140274 on Thu May 22 00:12:29 MDT 2025
  **** IP Build 6138677 on Thu May 22 03:10:11 MDT 2025
  **** SharedData Build 6139179 on Tue May 20 17:58:58 MDT 2025
  **** Start of session at: Mon Jul 20 10:45:43 2026
    ** Copyright 1986-2022 Xilinx, Inc. All Rights Reserved.
    ** Copyright 2022-2025 Advanced Micro Devices, Inc. All Rights Reserved.

source IROM.tcl -notrace
create_project: Time (s): cpu = 00:00:08 ; elapsed = 00:00:07 . Memory (MB): peak = 603.320 ; gain = 209.211
Command: synth_design -top IROM -part xc7a35tcsg324-1 -incremental_mode off -mode out_of_context
Starting synth_design
Attempting to get a license for feature 'Synthesis' and/or device 'xc7a35t'
INFO: [Common 17-349] Got license for feature 'Synthesis' and/or device 'xc7a35t'
INFO: [Device 21-403] Loading part xc7a35tcsg324-1
INFO: [Synth 8-7079] Multithreading enabled for synth_design using a maximum of 2 processes.
INFO: [Synth 8-7078] Launching helper process for spawning children vivado processes
INFO: [Synth 8-7075] Helper process launched with PID 23836
---------------------------------------------------------------------------------
Starting RTL Elaboration : Time (s): cpu = 00:00:05 ; elapsed = 00:00:06 . Memory (MB): peak = 1296.875 ; gain = 494.297
---------------------------------------------------------------------------------
WARNING: [Synth 8-7129] Port CLKB in module blk_mem_output_block is either unconnected or has no load
WARNING: [Synth 8-7129] Port DOUTB_I[31] in module blk_mem_output_block is either unconnected or has no load
WARNING: [Synth 8-7129] Port DOUTB_I[30] in module blk_mem_output_block is either unconnected or has no load
WARNING: [Synth 8-7129] Port DOUTB_I[29] in module blk_mem_output_block is either unconnected or has no load
WARNING: [Synth 8-7129] Port DOUTB_I[28] in module blk_mem_output_block is either unconnected or has no load
WARNING: [Synth 8-7129] Port DOUTB_I[27] in module blk_mem_output_block is either unconnected or has no load
WARNING: [Synth 8-7129] Port DOUTB_I[26] in module blk_mem_output_block is either unconnected or has no load
WARNING: [Synth 8-7129] Port DOUTB_I[25] in module blk_mem_output_block is either unconnected or has no load
WARNING: [Synth 8-7129] Port DOUTB_I[24] in module blk_mem_output_block is either unconnected or has no load
WARNING: [Synth 8-7129] Port DOUTB_I[23] in module blk_mem_output_block is either unconnected or has no load
WARNING: [Synth 8-7129] Port DOUTB_I[22] in module blk_mem_output_block is either unconnected or has no load
WARNING: [Synth 8-7129] Port DOUTB_I[21] in module blk_mem_output_block is either unconnected or has no load
WARNING: [Synth 8-7129] Port DOUTB_I[20] in module blk_mem_output_block is either unconnected or has no load
WARNING: [Synth 8-7129] Port DOUTB_I[19] in module blk_mem_output_block is either unconnected or has no load
WARNING: [Synth 8-7129] Port DOUTB_I[18] in module blk_mem_output_block is either unconnected or has no load
WARNING: [Synth 8-7129] Port DOUTB_I[17] in module blk_mem_output_block is either unconnected or has no load
WARNING: [Synth 8-7129] Port DOUTB_I[16] in module blk_mem_output_block is either unconnected or has no load
WARNING: [Synth 8-7129] Port DOUTB_I[15] in module blk_mem_output_block is either unconnected or has no load
WARNING: [Synth 8-7129] Port DOUTB_I[14] in module blk_mem_output_block is either unconnected or has no load
WARNING: [Synth 8-7129] Port DOUTB_I[13] in module blk_mem_output_block is either unconnected or has no load
WARNING: [Synth 8-7129] Port DOUTB_I[12] in module blk_mem_output_block is either unconnected or has no load
WARNING: [Synth 8-7129] Port DOUTB_I[11] in module blk_mem_output_block is either unconnected or has no load
WARNING: [Synth 8-7129] Port DOUTB_I[10] in module blk_mem_output_block is either unconnected or has no load
WARNING: [Synth 8-7129] Port DOUTB_I[9] in module blk_mem_output_block is either unconnected or has no load
WARNING: [Synth 8-7129] Port DOUTB_I[8] in module blk_mem_output_block is either unconnected or has no load
WARNING: [Synth 8-7129] Port DOUTB_I[7] in module blk_mem_output_block is either unconnected or has no load
WARNING: [Synth 8-7129] Port DOUTB_I[6] in module blk_mem_output_block is either unconnected or has no load
WARNING: [Synth 8-7129] Port DOUTB_I[5] in module blk_mem_output_block is either unconnected or has no load
WARNING: [Synth 8-7129] Port DOUTB_I[4] in module blk_mem_output_block is either unconnected or has no load
WARNING: [Synth 8-7129] Port DOUTB_I[3] in module blk_mem_output_block is either unconnected or has no load
WARNING: [Synth 8-7129] Port DOUTB_I[2] in module blk_mem_output_block is either unconnected or has no load
WARNING: [Synth 8-7129] Port DOUTB_I[1] in module blk_mem_output_block is either unconnected or has no load
WARNING: [Synth 8-7129] Port DOUTB_I[0] in module blk_mem_output_block is either unconnected or has no load
WARNING: [Synth 8-7129] Port SBITERR_I in module blk_mem_output_block is either unconnected or has no load
WARNING: [Synth 8-7129] Port DBITERR_I in module blk_mem_output_block is either unconnected or has no load
WARNING: [Synth 8-7129] Port RDADDRECC_I[13] in module blk_mem_output_block is either unconnected or has no load
WARNING: [Synth 8-7129] Port RDADDRECC_I[12] in module blk_mem_output_block is either unconnected or has no load
WARNING: [Synth 8-7129] Port RDADDRECC_I[11] in module blk_mem_output_block is either unconnected or has no load
WARNING: [Synth 8-7129] Port RDADDRECC_I[10] in module blk_mem_output_block is either unconnected or has no load
WARNING: [Synth 8-7129] Port RDADDRECC_I[9] in module blk_mem_output_block is either unconnected or has no load
WARNING: [Synth 8-7129] Port RDADDRECC_I[8] in module blk_mem_output_block is either unconnected or has no load
WARNING: [Synth 8-7129] Port RDADDRECC_I[7] in module blk_mem_output_block is either unconnected or has no load
WARNING: [Synth 8-7129] Port RDADDRECC_I[6] in module blk_mem_output_block is either unconnected or has no load
WARNING: [Synth 8-7129] Port RDADDRECC_I[5] in module blk_mem_output_block is either unconnected or has no load
WARNING: [Synth 8-7129] Port RDADDRECC_I[4] in module blk_mem_output_block is either unconnected or has no load
WARNING: [Synth 8-7129] Port RDADDRECC_I[3] in module blk_mem_output_block is either unconnected or has no load
WARNING: [Synth 8-7129] Port RDADDRECC_I[2] in module blk_mem_output_block is either unconnected or has no load
WARNING: [Synth 8-7129] Port RDADDRECC_I[1] in module blk_mem_output_block is either unconnected or has no load
WARNING: [Synth 8-7129] Port RDADDRECC_I[0] in module blk_mem_output_block is either unconnected or has no load
WARNING: [Synth 8-7129] Port DOUTB[8] in module blk_mem_gen_prim_wrapper_init__parameterized11 is either unconnected or has no load
WARNING: [Synth 8-7129] Port DOUTB[7] in module blk_mem_gen_prim_wrapper_init__parameterized11 is either unconnected or has no load
WARNING: [Synth 8-7129] Port DOUTB[6] in module blk_mem_gen_prim_wrapper_init__parameterized11 is either unconnected or has no load
WARNING: [Synth 8-7129] Port DOUTB[5] in module blk_mem_gen_prim_wrapper_init__parameterized11 is either unconnected or has no load
WARNING: [Synth 8-7129] Port DOUTB[4] in module blk_mem_gen_prim_wrapper_init__parameterized11 is either unconnected or has no load
WARNING: [Synth 8-7129] Port DOUTB[3] in module blk_mem_gen_prim_wrapper_init__parameterized11 is either unconnected or has no load
WARNING: [Synth 8-7129] Port DOUTB[2] in module blk_mem_gen_prim_wrapper_init__parameterized11 is either unconnected or has no load
WARNING: [Synth 8-7129] Port DOUTB[1] in module blk_mem_gen_prim_wrapper_init__parameterized11 is either unconnected or has no load
WARNING: [Synth 8-7129] Port DOUTB[0] in module blk_mem_gen_prim_wrapper_init__parameterized11 is either unconnected or has no load
WARNING: [Synth 8-7129] Port SBITERR in module blk_mem_gen_prim_wrapper_init__parameterized11 is either unconnected or has no load
WARNING: [Synth 8-7129] Port DBITERR in module blk_mem_gen_prim_wrapper_init__parameterized11 is either unconnected or has no load
WARNING: [Synth 8-7129] Port SSRA in module blk_mem_gen_prim_wrapper_init__parameterized11 is either unconnected or has no load
WARNING: [Synth 8-7129] Port CLKB in module blk_mem_gen_prim_wrapper_init__parameterized11 is either unconnected or has no load
WARNING: [Synth 8-7129] Port SSRB in module blk_mem_gen_prim_wrapper_init__parameterized11 is either unconnected or has no load
WARNING: [Synth 8-7129] Port ENB in module blk_mem_gen_prim_wrapper_init__parameterized11 is either unconnected or has no load
WARNING: [Synth 8-7129] Port REGCEB in module blk_mem_gen_prim_wrapper_init__parameterized11 is either unconnected or has no load
WARNING: [Synth 8-7129] Port WEB[0] in module blk_mem_gen_prim_wrapper_init__parameterized11 is either unconnected or has no load
WARNING: [Synth 8-7129] Port ADDRB[11] in module blk_mem_gen_prim_wrapper_init__parameterized11 is either unconnected or has no load
WARNING: [Synth 8-7129] Port ADDRB[10] in module blk_mem_gen_prim_wrapper_init__parameterized11 is either unconnected or has no load
WARNING: [Synth 8-7129] Port ADDRB[9] in module blk_mem_gen_prim_wrapper_init__parameterized11 is either unconnected or has no load
WARNING: [Synth 8-7129] Port ADDRB[8] in module blk_mem_gen_prim_wrapper_init__parameterized11 is either unconnected or has no load
WARNING: [Synth 8-7129] Port ADDRB[7] in module blk_mem_gen_prim_wrapper_init__parameterized11 is either unconnected or has no load
WARNING: [Synth 8-7129] Port ADDRB[6] in module blk_mem_gen_prim_wrapper_init__parameterized11 is either unconnected or has no load
WARNING: [Synth 8-7129] Port ADDRB[5] in module blk_mem_gen_prim_wrapper_init__parameterized11 is either unconnected or has no load
WARNING: [Synth 8-7129] Port ADDRB[4] in module blk_mem_gen_prim_wrapper_init__parameterized11 is either unconnected or has no load
WARNING: [Synth 8-7129] Port ADDRB[3] in module blk_mem_gen_prim_wrapper_init__parameterized11 is either unconnected or has no load
WARNING: [Synth 8-7129] Port ADDRB[2] in module blk_mem_gen_prim_wrapper_init__parameterized11 is either unconnected or has no load
WARNING: [Synth 8-7129] Port ADDRB[1] in module blk_mem_gen_prim_wrapper_init__parameterized11 is either unconnected or has no load
WARNING: [Synth 8-7129] Port ADDRB[0] in module blk_mem_gen_prim_wrapper_init__parameterized11 is either unconnected or has no load
WARNING: [Synth 8-7129] Port DINB[8] in module blk_mem_gen_prim_wrapper_init__parameterized11 is either unconnected or has no load
WARNING: [Synth 8-7129] Port DINB[7] in module blk_mem_gen_prim_wrapper_init__parameterized11 is either unconnected or has no load
WARNING: [Synth 8-7129] Port DINB[6] in module blk_mem_gen_prim_wrapper_init__parameterized11 is either unconnected or has no load
WARNING: [Synth 8-7129] Port DINB[5] in module blk_mem_gen_prim_wrapper_init__parameterized11 is either unconnected or has no load
WARNING: [Synth 8-7129] Port DINB[4] in module blk_mem_gen_prim_wrapper_init__parameterized11 is either unconnected or has no load
WARNING: [Synth 8-7129] Port DINB[3] in module blk_mem_gen_prim_wrapper_init__parameterized11 is either unconnected or has no load
WARNING: [Synth 8-7129] Port DINB[2] in module blk_mem_gen_prim_wrapper_init__parameterized11 is either unconnected or has no load
WARNING: [Synth 8-7129] Port DINB[1] in module blk_mem_gen_prim_wrapper_init__parameterized11 is either unconnected or has no load
WARNING: [Synth 8-7129] Port DINB[0] in module blk_mem_gen_prim_wrapper_init__parameterized11 is either unconnected or has no load
WARNING: [Synth 8-7129] Port SLEEP in module blk_mem_gen_prim_wrapper_init__parameterized11 is either unconnected or has no load
WARNING: [Synth 8-7129] Port INJECTSBITERR in module blk_mem_gen_prim_wrapper_init__parameterized11 is either unconnected or has no load
WARNING: [Synth 8-7129] Port INJECTDBITERR in module blk_mem_gen_prim_wrapper_init__parameterized11 is either unconnected or has no load
WARNING: [Synth 8-7129] Port ECCPIPECE in module blk_mem_gen_prim_wrapper_init__parameterized11 is either unconnected or has no load
WARNING: [Synth 8-7129] Port ram_rstram_b in module blk_mem_gen_prim_wrapper_init__parameterized11 is either unconnected or has no load
WARNING: [Synth 8-7129] Port ram_rstreg_b in module blk_mem_gen_prim_wrapper_init__parameterized11 is either unconnected or has no load
WARNING: [Synth 8-7129] Port DOUTB[8] in module blk_mem_gen_prim_wrapper_init__parameterized10 is either unconnected or has no load
WARNING: [Synth 8-7129] Port DOUTB[7] in module blk_mem_gen_prim_wrapper_init__parameterized10 is either unconnected or has no load
WARNING: [Synth 8-7129] Port DOUTB[6] in module blk_mem_gen_prim_wrapper_init__parameterized10 is either unconnected or has no load
WARNING: [Synth 8-7129] Port DOUTB[5] in module blk_mem_gen_prim_wrapper_init__parameterized10 is either unconnected or has no load
WARNING: [Synth 8-7129] Port DOUTB[4] in module blk_mem_gen_prim_wrapper_init__parameterized10 is either unconnected or has no load
WARNING: [Synth 8-7129] Port DOUTB[3] in module blk_mem_gen_prim_wrapper_init__parameterized10 is either unconnected or has no load
WARNING: [Synth 8-7129] Port DOUTB[2] in module blk_mem_gen_prim_wrapper_init__parameterized10 is either unconnected or has no load
INFO: [Common 17-14] Message 'Synth 8-7129' appears 100 times and further instances of the messages will be disabled. Use the Tcl command set_msg_config to change the current settings.
---------------------------------------------------------------------------------
Finished RTL Elaboration : Time (s): cpu = 00:00:12 ; elapsed = 00:00:25 . Memory (MB): peak = 1713.484 ; gain = 910.906
---------------------------------------------------------------------------------
---------------------------------------------------------------------------------
Start Handling Custom Attributes
---------------------------------------------------------------------------------
---------------------------------------------------------------------------------
Finished Handling Custom Attributes : Time (s): cpu = 00:00:12 ; elapsed = 00:00:25 . Memory (MB): peak = 1713.484 ; gain = 910.906
---------------------------------------------------------------------------------
---------------------------------------------------------------------------------
Finished RTL Optimization Phase 1 : Time (s): cpu = 00:00:12 ; elapsed = 00:00:25 . Memory (MB): peak = 1713.484 ; gain = 910.906
---------------------------------------------------------------------------------
Netlist sorting complete. Time (s): cpu = 00:00:00 ; elapsed = 00:00:00.016 . Memory (MB): peak = 1713.484 ; gain = 0.000
INFO: [Netlist 29-17] Analyzing 13 Unisim elements for replacement
INFO: [Netlist 29-28] Unisim Transformation completed in 0 CPU seconds
INFO: [Project 1-570] Preparing netlist for logic optimization

Processing XDC Constraints
Initializing timing engine
Parsing XDC File [d:/cpu-design/miniRV/src/rtl/ip/IROM/IROM_ooc.xdc] for cell 'U0'
Finished Parsing XDC File [d:/cpu-design/miniRV/src/rtl/ip/IROM/IROM_ooc.xdc] for cell 'U0'
Parsing XDC File [D:/cpu-design/miniRV/miniRV.runs/IROM_synth_1/dont_touch.xdc]
Finished Parsing XDC File [D:/cpu-design/miniRV/miniRV.runs/IROM_synth_1/dont_touch.xdc]
Completed Processing XDC Constraints

Netlist sorting complete. Time (s): cpu = 00:00:00 ; elapsed = 00:00:00 . Memory (MB): peak = 1713.484 ; gain = 0.000
INFO: [Project 1-111] Unisim Transformation Summary:
No Unisim elements were transformed.

Constraint Validation Runtime : Time (s): cpu = 00:00:00 ; elapsed = 00:00:00.029 . Memory (MB): peak = 1713.484 ; gain = 0.000
INFO: [Designutils 20-5008] Incremental synthesis strategy off
---------------------------------------------------------------------------------
Finished Constraint Validation : Time (s): cpu = 00:00:18 ; elapsed = 00:00:31 . Memory (MB): peak = 1713.484 ; gain = 910.906
---------------------------------------------------------------------------------
---------------------------------------------------------------------------------
Start Loading Part and Timing Information
---------------------------------------------------------------------------------
Loading part: xc7a35tcsg324-1
---------------------------------------------------------------------------------
Finished Loading Part and Timing Information : Time (s): cpu = 00:00:18 ; elapsed = 00:00:31 . Memory (MB): peak = 1713.484 ; gain = 910.906
---------------------------------------------------------------------------------
---------------------------------------------------------------------------------
Start Applying 'set_property' XDC Constraints
---------------------------------------------------------------------------------
---------------------------------------------------------------------------------
Finished applying 'set_property' XDC Constraints : Time (s): cpu = 00:00:18 ; elapsed = 00:00:31 . Memory (MB): peak = 1713.484 ; gain = 910.906
---------------------------------------------------------------------------------
---------------------------------------------------------------------------------
Finished RTL Optimization Phase 2 : Time (s): cpu = 00:00:18 ; elapsed = 00:00:32 . Memory (MB): peak = 1713.484 ; gain = 910.906
---------------------------------------------------------------------------------
---------------------------------------------------------------------------------
Start RTL Component Statistics 
---------------------------------------------------------------------------------
Detailed RTL Component Info : 
+---Registers : 
	                5 Bit    Registers := 2     
---------------------------------------------------------------------------------
Finished RTL Component Statistics 
---------------------------------------------------------------------------------
---------------------------------------------------------------------------------
Start Part Resource Summary
---------------------------------------------------------------------------------
Part Resources:
DSPs: 90 (col length:60)
BRAMs: 100 (col length: RAMB18 60 RAMB36 30)
---------------------------------------------------------------------------------
Finished Part Resource Summary
---------------------------------------------------------------------------------
---------------------------------------------------------------------------------
Start Cross Boundary and Area Optimization
---------------------------------------------------------------------------------
WARNING: [Synth 8-7080] Parallel synthesis criteria is not met
---------------------------------------------------------------------------------
Finished Cross Boundary and Area Optimization : Time (s): cpu = 00:00:20 ; elapsed = 00:00:34 . Memory (MB): peak = 1713.484 ; gain = 910.906
---------------------------------------------------------------------------------
---------------------------------------------------------------------------------
Start Applying XDC Timing Constraints
---------------------------------------------------------------------------------
---------------------------------------------------------------------------------
Finished Applying XDC Timing Constraints : Time (s): cpu = 00:00:24 ; elapsed = 00:00:38 . Memory (MB): peak = 1713.484 ; gain = 910.906
---------------------------------------------------------------------------------
---------------------------------------------------------------------------------
Start Timing Optimization
---------------------------------------------------------------------------------
---------------------------------------------------------------------------------
Finished Timing Optimization : Time (s): cpu = 00:00:25 ; elapsed = 00:00:38 . Memory (MB): peak = 1713.484 ; gain = 910.906
---------------------------------------------------------------------------------
---------------------------------------------------------------------------------
Start Technology Mapping
---------------------------------------------------------------------------------
---------------------------------------------------------------------------------
Finished Technology Mapping : Time (s): cpu = 00:00:25 ; elapsed = 00:00:38 . Memory (MB): peak = 1713.484 ; gain = 910.906
---------------------------------------------------------------------------------
---------------------------------------------------------------------------------
Start IO Insertion
---------------------------------------------------------------------------------
---------------------------------------------------------------------------------
Start Flattening Before IO Insertion
---------------------------------------------------------------------------------
---------------------------------------------------------------------------------
Finished Flattening Before IO Insertion
---------------------------------------------------------------------------------
---------------------------------------------------------------------------------
Start Final Netlist Cleanup
---------------------------------------------------------------------------------
---------------------------------------------------------------------------------
Finished Final Netlist Cleanup
---------------------------------------------------------------------------------
---------------------------------------------------------------------------------
Finished IO Insertion : Time (s): cpu = 00:00:27 ; elapsed = 00:00:41 . Memory (MB): peak = 1906.039 ; gain = 1103.461
---------------------------------------------------------------------------------
---------------------------------------------------------------------------------
Start Renaming Generated Instances
---------------------------------------------------------------------------------
---------------------------------------------------------------------------------
Finished Renaming Generated Instances : Time (s): cpu = 00:00:27 ; elapsed = 00:00:41 . Memory (MB): peak = 1906.039 ; gain = 1103.461
---------------------------------------------------------------------------------
---------------------------------------------------------------------------------
Start Rebuilding User Hierarchy
---------------------------------------------------------------------------------
---------------------------------------------------------------------------------
Finished Rebuilding User Hierarchy : Time (s): cpu = 00:00:27 ; elapsed = 00:00:41 . Memory (MB): peak = 1906.039 ; gain = 1103.461
---------------------------------------------------------------------------------
---------------------------------------------------------------------------------
Start Renaming Generated Ports
---------------------------------------------------------------------------------
---------------------------------------------------------------------------------
Finished Renaming Generated Ports : Time (s): cpu = 00:00:27 ; elapsed = 00:00:41 . Memory (MB): peak = 1906.039 ; gain = 1103.461
---------------------------------------------------------------------------------
---------------------------------------------------------------------------------
Start Handling Custom Attributes
---------------------------------------------------------------------------------
---------------------------------------------------------------------------------
Finished Handling Custom Attributes : Time (s): cpu = 00:00:27 ; elapsed = 00:00:41 . Memory (MB): peak = 1906.039 ; gain = 1103.461
---------------------------------------------------------------------------------
---------------------------------------------------------------------------------
Start Renaming Generated Nets
---------------------------------------------------------------------------------
---------------------------------------------------------------------------------
Finished Renaming Generated Nets : Time (s): cpu = 00:00:27 ; elapsed = 00:00:41 . Memory (MB): peak = 1906.039 ; gain = 1103.461
---------------------------------------------------------------------------------
---------------------------------------------------------------------------------
Start Writing Synthesis Report
---------------------------------------------------------------------------------

Report BlackBoxes: 
+-+--------------+----------+
| |BlackBox name |Instances |
+-+--------------+----------+
+-+--------------+----------+

Report Cell Usage: 
+------+---------+------+
|      |Cell     |Count |
+------+---------+------+
|1     |LUT2     |     3|
|2     |LUT3     |    32|
|3     |LUT5     |     1|
|4     |LUT6     |    32|
|5     |MUXF7    |    32|
|6     |RAMB18E1 |     1|
|7     |RAMB36E1 |    12|
|12    |FDRE     |     5|
+------+---------+------+
---------------------------------------------------------------------------------
Finished Writing Synthesis Report : Time (s): cpu = 00:00:27 ; elapsed = 00:00:41 . Memory (MB): peak = 1906.039 ; gain = 1103.461
---------------------------------------------------------------------------------
Synthesis finished with 0 errors, 0 critical warnings and 830 warnings.
Synthesis Optimization Runtime : Time (s): cpu = 00:00:13 ; elapsed = 00:00:42 . Memory (MB): peak = 1906.039 ; gain = 1103.461
Synthesis Optimization Complete : Time (s): cpu = 00:00:27 ; elapsed = 00:00:44 . Memory (MB): peak = 1906.039 ; gain = 1103.461
INFO: [Project 1-571] Translating synthesized netlist
Netlist sorting complete. Time (s): cpu = 00:00:00 ; elapsed = 00:00:00.004 . Memory (MB): peak = 1906.039 ; gain = 0.000
INFO: [Netlist 29-17] Analyzing 45 Unisim elements for replacement
INFO: [Netlist 29-28] Unisim Transformation completed in 0 CPU seconds
INFO: [Project 1-570] Preparing netlist for logic optimization
INFO: [Opt 31-138] Pushed 0 inverter(s) to 0 load pin(s).
Netlist sorting complete. Time (s): cpu = 00:00:00 ; elapsed = 00:00:00 . Memory (MB): peak = 1918.730 ; gain = 0.000
INFO: [Project 1-111] Unisim Transformation Summary:
No Unisim elements were transformed.

Synth Design complete | Checksum: f45267d5
INFO: [Common 17-83] Releasing license: Synthesis
21 Infos, 101 Warnings, 0 Critical Warnings and 0 Errors encountered.
synth_design completed successfully
synth_design: Time (s): cpu = 00:00:30 ; elapsed = 00:00:48 . Memory (MB): peak = 1918.730 ; gain = 1304.082
Write ShapeDB Complete: Time (s): cpu = 00:00:00 ; elapsed = 00:00:00.002 . Memory (MB): peak = 1918.730 ; gain = 0.000
INFO: [Common 17-1381] The checkpoint 'D:/cpu-design/miniRV/miniRV.runs/IROM_synth_1/IROM.dcp' has been generated.
INFO: [Coretcl 2-1648] Added synthesis output to IP cache for IP IROM, cache-ID = 37bc6710324c379f
INFO: [Coretcl 2-1174] Renamed 31 cell refs.
Write ShapeDB Complete: Time (s): cpu = 00:00:00 ; elapsed = 00:00:00.001 . Memory (MB): peak = 1918.730 ; gain = 0.000
INFO: [Common 17-1381] The checkpoint 'D:/cpu-design/miniRV/miniRV.runs/IROM_synth_1/IROM.dcp' has been generated.
INFO: [Vivado 12-24828] Executing command : report_utilization -file IROM_utilization_synth.rpt -pb IROM_utilization_synth.pb
INFO: [Common 17-206] Exiting Vivado at Mon Jul 20 10:46:45 2026...
[Mon Jul 20 10:46:46 2026] IROM_synth_1 finished
[Mon Jul 20 10:46:46 2026] Waiting for clk_wiz_0_synth_1 to finish...
[Mon Jul 20 10:46:51 2026] Waiting for clk_wiz_0_synth_1 to finish...
[Mon Jul 20 10:46:56 2026] Waiting for clk_wiz_0_synth_1 to finish...
[Mon Jul 20 10:47:01 2026] Waiting for clk_wiz_0_synth_1 to finish...
[Mon Jul 20 10:47:11 2026] Waiting for clk_wiz_0_synth_1 to finish...
[Mon Jul 20 10:47:21 2026] Waiting for clk_wiz_0_synth_1 to finish...

*** Running vivado
    with args -log clk_wiz_0.vds -m64 -product Vivado -mode batch -messageDb vivado.pb -notrace -source clk_wiz_0.tcl



****** Vivado v2025.1 (64-bit)
  **** SW Build 6140274 on Thu May 22 00:12:29 MDT 2025
  **** IP Build 6138677 on Thu May 22 03:10:11 MDT 2025
  **** SharedData Build 6139179 on Tue May 20 17:58:58 MDT 2025
  **** Start of session at: Mon Jul 20 10:46:47 2026
    ** Copyright 1986-2022 Xilinx, Inc. All Rights Reserved.
    ** Copyright 2022-2025 Advanced Micro Devices, Inc. All Rights Reserved.

source clk_wiz_0.tcl -notrace
create_project: Time (s): cpu = 00:00:07 ; elapsed = 00:00:07 . Memory (MB): peak = 607.441 ; gain = 214.051
Command: synth_design -top clk_wiz_0 -part xc7a35tcsg324-1 -incremental_mode off -mode out_of_context
Starting synth_design
Attempting to get a license for feature 'Synthesis' and/or device 'xc7a35t'
INFO: [Common 17-349] Got license for feature 'Synthesis' and/or device 'xc7a35t'
INFO: [Device 21-403] Loading part xc7a35tcsg324-1
INFO: [Synth 8-7079] Multithreading enabled for synth_design using a maximum of 2 processes.
INFO: [Synth 8-7078] Launching helper process for spawning children vivado processes
INFO: [Synth 8-7075] Helper process launched with PID 17528
---------------------------------------------------------------------------------
Starting RTL Elaboration : Time (s): cpu = 00:00:04 ; elapsed = 00:00:04 . Memory (MB): peak = 1298.934 ; gain = 494.156
---------------------------------------------------------------------------------
INFO: [Synth 8-6157] synthesizing module 'clk_wiz_0' [d:/cpu-design/miniRV/miniRV.gen/sources_1/ip/clk_wiz_0/clk_wiz_0.v:65]
INFO: [Synth 8-6157] synthesizing module 'clk_wiz_0_clk_wiz' [d:/cpu-design/miniRV/miniRV.gen/sources_1/ip/clk_wiz_0/clk_wiz_0_clk_wiz.v:65]
INFO: [Synth 8-6157] synthesizing module 'IBUF' [D:/vivado/2025.1/Vivado/scripts/rt/data/unisim_comp.v:76868]
INFO: [Synth 8-6155] done synthesizing module 'IBUF' (0#1) [D:/vivado/2025.1/Vivado/scripts/rt/data/unisim_comp.v:76868]
INFO: [Synth 8-6157] synthesizing module 'PLLE2_ADV' [D:/vivado/2025.1/Vivado/scripts/rt/data/unisim_comp.v:124587]
	Parameter BANDWIDTH bound to: OPTIMIZED - type: string 
	Parameter CLKFBOUT_MULT bound to: 17 - type: integer 
	Parameter CLKFBOUT_PHASE bound to: 0.000000 - type: double 
	Parameter CLKIN1_PERIOD bound to: 10.000000 - type: double 
	Parameter CLKOUT0_DIVIDE bound to: 17 - type: integer 
	Parameter CLKOUT0_DUTY_CYCLE bound to: 0.500000 - type: double 
	Parameter CLKOUT0_PHASE bound to: 0.000000 - type: double 
	Parameter COMPENSATION bound to: ZHOLD - type: string 
	Parameter DIVCLK_DIVIDE bound to: 2 - type: integer 
	Parameter STARTUP_WAIT bound to: FALSE - type: string 
INFO: [Synth 8-6155] done synthesizing module 'PLLE2_ADV' (0#1) [D:/vivado/2025.1/Vivado/scripts/rt/data/unisim_comp.v:124587]
INFO: [Synth 8-6157] synthesizing module 'BUFG' [D:/vivado/2025.1/Vivado/scripts/rt/data/unisim_comp.v:2678]
INFO: [Synth 8-6155] done synthesizing module 'BUFG' (0#1) [D:/vivado/2025.1/Vivado/scripts/rt/data/unisim_comp.v:2678]
INFO: [Synth 8-6155] done synthesizing module 'clk_wiz_0_clk_wiz' (0#1) [d:/cpu-design/miniRV/miniRV.gen/sources_1/ip/clk_wiz_0/clk_wiz_0_clk_wiz.v:65]
INFO: [Synth 8-6155] done synthesizing module 'clk_wiz_0' (0#1) [d:/cpu-design/miniRV/miniRV.gen/sources_1/ip/clk_wiz_0/clk_wiz_0.v:65]
---------------------------------------------------------------------------------
Finished RTL Elaboration : Time (s): cpu = 00:00:05 ; elapsed = 00:00:05 . Memory (MB): peak = 1409.230 ; gain = 604.453
---------------------------------------------------------------------------------
---------------------------------------------------------------------------------
Start Handling Custom Attributes
---------------------------------------------------------------------------------
---------------------------------------------------------------------------------
Finished Handling Custom Attributes : Time (s): cpu = 00:00:05 ; elapsed = 00:00:05 . Memory (MB): peak = 1409.230 ; gain = 604.453
---------------------------------------------------------------------------------
---------------------------------------------------------------------------------
Finished RTL Optimization Phase 1 : Time (s): cpu = 00:00:05 ; elapsed = 00:00:05 . Memory (MB): peak = 1409.230 ; gain = 604.453
---------------------------------------------------------------------------------
Netlist sorting complete. Time (s): cpu = 00:00:00 ; elapsed = 00:00:00 . Memory (MB): peak = 1409.230 ; gain = 0.000
INFO: [Netlist 29-17] Analyzing 1 Unisim elements for replacement
INFO: [Netlist 29-28] Unisim Transformation completed in 0 CPU seconds
INFO: [Project 1-570] Preparing netlist for logic optimization

Processing XDC Constraints
Initializing timing engine
Parsing XDC File [d:/cpu-design/miniRV/miniRV.gen/sources_1/ip/clk_wiz_0/clk_wiz_0_ooc.xdc] for cell 'inst'
Finished Parsing XDC File [d:/cpu-design/miniRV/miniRV.gen/sources_1/ip/clk_wiz_0/clk_wiz_0_ooc.xdc] for cell 'inst'
Parsing XDC File [d:/cpu-design/miniRV/miniRV.gen/sources_1/ip/clk_wiz_0/clk_wiz_0_board.xdc] for cell 'inst'
Finished Parsing XDC File [d:/cpu-design/miniRV/miniRV.gen/sources_1/ip/clk_wiz_0/clk_wiz_0_board.xdc] for cell 'inst'
Parsing XDC File [d:/cpu-design/miniRV/miniRV.gen/sources_1/ip/clk_wiz_0/clk_wiz_0.xdc] for cell 'inst'
Finished Parsing XDC File [d:/cpu-design/miniRV/miniRV.gen/sources_1/ip/clk_wiz_0/clk_wiz_0.xdc] for cell 'inst'
INFO: [Project 1-236] Implementation specific constraints were found while reading constraint file [d:/cpu-design/miniRV/miniRV.gen/sources_1/ip/clk_wiz_0/clk_wiz_0.xdc]. These constraints will be ignored for synthesis but will be used in implementation. Impacted constraints are listed in the file [.Xil/clk_wiz_0_propImpl.xdc].
Resolution: To avoid this warning, move constraints listed in [.Xil/clk_wiz_0_propImpl.xdc] to another XDC file and exclude this new file from synthesis with the used_in_synthesis property (File Properties dialog in GUI) and re-run elaboration/synthesis.
INFO: [Timing 38-2] Deriving generated clocks
Parsing XDC File [D:/cpu-design/miniRV/miniRV.runs/clk_wiz_0_synth_1/dont_touch.xdc]
Finished Parsing XDC File [D:/cpu-design/miniRV/miniRV.runs/clk_wiz_0_synth_1/dont_touch.xdc]
Completed Processing XDC Constraints

Netlist sorting complete. Time (s): cpu = 00:00:00 ; elapsed = 00:00:00 . Memory (MB): peak = 1409.230 ; gain = 0.000
INFO: [Project 1-111] Unisim Transformation Summary:
No Unisim elements were transformed.

Constraint Validation Runtime : Time (s): cpu = 00:00:00 ; elapsed = 00:00:00.016 . Memory (MB): peak = 1409.230 ; gain = 0.000
INFO: [Designutils 20-5008] Incremental synthesis strategy off
---------------------------------------------------------------------------------
Finished Constraint Validation : Time (s): cpu = 00:00:10 ; elapsed = 00:00:11 . Memory (MB): peak = 1409.230 ; gain = 604.453
---------------------------------------------------------------------------------
---------------------------------------------------------------------------------
Start Loading Part and Timing Information
---------------------------------------------------------------------------------
Loading part: xc7a35tcsg324-1
---------------------------------------------------------------------------------
Finished Loading Part and Timing Information : Time (s): cpu = 00:00:10 ; elapsed = 00:00:11 . Memory (MB): peak = 1409.230 ; gain = 604.453
---------------------------------------------------------------------------------
---------------------------------------------------------------------------------
Start Applying 'set_property' XDC Constraints
---------------------------------------------------------------------------------
---------------------------------------------------------------------------------
Finished applying 'set_property' XDC Constraints : Time (s): cpu = 00:00:10 ; elapsed = 00:00:11 . Memory (MB): peak = 1409.230 ; gain = 604.453
---------------------------------------------------------------------------------
---------------------------------------------------------------------------------
Finished RTL Optimization Phase 2 : Time (s): cpu = 00:00:11 ; elapsed = 00:00:12 . Memory (MB): peak = 1409.230 ; gain = 604.453
---------------------------------------------------------------------------------
---------------------------------------------------------------------------------
Start RTL Component Statistics 
---------------------------------------------------------------------------------
Detailed RTL Component Info : 
---------------------------------------------------------------------------------
Finished RTL Component Statistics 
---------------------------------------------------------------------------------
---------------------------------------------------------------------------------
Start Part Resource Summary
---------------------------------------------------------------------------------
Part Resources:
DSPs: 90 (col length:60)
BRAMs: 100 (col length: RAMB18 60 RAMB36 30)
---------------------------------------------------------------------------------
Finished Part Resource Summary
---------------------------------------------------------------------------------
---------------------------------------------------------------------------------
Start Cross Boundary and Area Optimization
---------------------------------------------------------------------------------
WARNING: [Synth 8-7080] Parallel synthesis criteria is not met
---------------------------------------------------------------------------------
Finished Cross Boundary and Area Optimization : Time (s): cpu = 00:00:12 ; elapsed = 00:00:13 . Memory (MB): peak = 1414.656 ; gain = 609.879
---------------------------------------------------------------------------------
---------------------------------------------------------------------------------
Start Applying XDC Timing Constraints
---------------------------------------------------------------------------------
---------------------------------------------------------------------------------
Finished Applying XDC Timing Constraints : Time (s): cpu = 00:00:16 ; elapsed = 00:00:17 . Memory (MB): peak = 1583.656 ; gain = 778.879
---------------------------------------------------------------------------------
---------------------------------------------------------------------------------
Start Timing Optimization
---------------------------------------------------------------------------------
---------------------------------------------------------------------------------
Finished Timing Optimization : Time (s): cpu = 00:00:16 ; elapsed = 00:00:17 . Memory (MB): peak = 1583.656 ; gain = 778.879
---------------------------------------------------------------------------------
---------------------------------------------------------------------------------
Start Technology Mapping
---------------------------------------------------------------------------------
---------------------------------------------------------------------------------
Finished Technology Mapping : Time (s): cpu = 00:00:16 ; elapsed = 00:00:17 . Memory (MB): peak = 1593.242 ; gain = 788.465
---------------------------------------------------------------------------------
---------------------------------------------------------------------------------
Start IO Insertion
---------------------------------------------------------------------------------
---------------------------------------------------------------------------------
Start Flattening Before IO Insertion
---------------------------------------------------------------------------------
---------------------------------------------------------------------------------
Finished Flattening Before IO Insertion
---------------------------------------------------------------------------------
---------------------------------------------------------------------------------
Start Final Netlist Cleanup
---------------------------------------------------------------------------------
---------------------------------------------------------------------------------
Finished Final Netlist Cleanup
---------------------------------------------------------------------------------
---------------------------------------------------------------------------------
Finished IO Insertion : Time (s): cpu = 00:00:18 ; elapsed = 00:00:20 . Memory (MB): peak = 1829.020 ; gain = 1024.242
---------------------------------------------------------------------------------
---------------------------------------------------------------------------------
Start Renaming Generated Instances
---------------------------------------------------------------------------------
---------------------------------------------------------------------------------
Finished Renaming Generated Instances : Time (s): cpu = 00:00:18 ; elapsed = 00:00:20 . Memory (MB): peak = 1829.020 ; gain = 1024.242
---------------------------------------------------------------------------------
---------------------------------------------------------------------------------
Start Rebuilding User Hierarchy
---------------------------------------------------------------------------------
---------------------------------------------------------------------------------
Finished Rebuilding User Hierarchy : Time (s): cpu = 00:00:18 ; elapsed = 00:00:20 . Memory (MB): peak = 1829.020 ; gain = 1024.242
---------------------------------------------------------------------------------
---------------------------------------------------------------------------------
Start Renaming Generated Ports
---------------------------------------------------------------------------------
---------------------------------------------------------------------------------
Finished Renaming Generated Ports : Time (s): cpu = 00:00:18 ; elapsed = 00:00:20 . Memory (MB): peak = 1829.020 ; gain = 1024.242
---------------------------------------------------------------------------------
---------------------------------------------------------------------------------
Start Handling Custom Attributes
---------------------------------------------------------------------------------
---------------------------------------------------------------------------------
Finished Handling Custom Attributes : Time (s): cpu = 00:00:18 ; elapsed = 00:00:20 . Memory (MB): peak = 1829.020 ; gain = 1024.242
---------------------------------------------------------------------------------
---------------------------------------------------------------------------------
Start Renaming Generated Nets
---------------------------------------------------------------------------------
---------------------------------------------------------------------------------
Finished Renaming Generated Nets : Time (s): cpu = 00:00:18 ; elapsed = 00:00:20 . Memory (MB): peak = 1829.020 ; gain = 1024.242
---------------------------------------------------------------------------------
---------------------------------------------------------------------------------
Start Writing Synthesis Report
---------------------------------------------------------------------------------

Report BlackBoxes: 
+-+--------------+----------+
| |BlackBox name |Instances |
+-+--------------+----------+
+-+--------------+----------+

Report Cell Usage: 
+------+----------+------+
|      |Cell      |Count |
+------+----------+------+
|1     |BUFG      |     2|
|2     |PLLE2_ADV |     1|
|3     |IBUF      |     1|
+------+----------+------+
---------------------------------------------------------------------------------
Finished Writing Synthesis Report : Time (s): cpu = 00:00:18 ; elapsed = 00:00:20 . Memory (MB): peak = 1829.020 ; gain = 1024.242
---------------------------------------------------------------------------------
Synthesis finished with 0 errors, 0 critical warnings and 1 warnings.
Synthesis Optimization Runtime : Time (s): cpu = 00:00:12 ; elapsed = 00:00:18 . Memory (MB): peak = 1829.020 ; gain = 1024.242
Synthesis Optimization Complete : Time (s): cpu = 00:00:18 ; elapsed = 00:00:20 . Memory (MB): peak = 1829.020 ; gain = 1024.242
INFO: [Project 1-571] Translating synthesized netlist
Netlist sorting complete. Time (s): cpu = 00:00:00 ; elapsed = 00:00:00 . Memory (MB): peak = 1829.020 ; gain = 0.000
INFO: [Netlist 29-17] Analyzing 1 Unisim elements for replacement
INFO: [Netlist 29-28] Unisim Transformation completed in 0 CPU seconds
INFO: [Project 1-570] Preparing netlist for logic optimization
INFO: [Opt 31-138] Pushed 0 inverter(s) to 0 load pin(s).
Netlist sorting complete. Time (s): cpu = 00:00:00 ; elapsed = 00:00:00 . Memory (MB): peak = 1841.848 ; gain = 0.000
INFO: [Project 1-111] Unisim Transformation Summary:
No Unisim elements were transformed.

Synth Design complete | Checksum: 277d6ecf
INFO: [Common 17-83] Releasing license: Synthesis
29 Infos, 1 Warnings, 0 Critical Warnings and 0 Errors encountered.
synth_design completed successfully
synth_design: Time (s): cpu = 00:00:21 ; elapsed = 00:00:24 . Memory (MB): peak = 1841.848 ; gain = 1222.375
Write ShapeDB Complete: Time (s): cpu = 00:00:00 ; elapsed = 00:00:00.001 . Memory (MB): peak = 1841.848 ; gain = 0.000
INFO: [Common 17-1381] The checkpoint 'D:/cpu-design/miniRV/miniRV.runs/clk_wiz_0_synth_1/clk_wiz_0.dcp' has been generated.
INFO: [Coretcl 2-1648] Added synthesis output to IP cache for IP clk_wiz_0, cache-ID = 20d6a3977b5ac075
Write ShapeDB Complete: Time (s): cpu = 00:00:00 ; elapsed = 00:00:00.001 . Memory (MB): peak = 1841.848 ; gain = 0.000
INFO: [Common 17-1381] The checkpoint 'D:/cpu-design/miniRV/miniRV.runs/clk_wiz_0_synth_1/clk_wiz_0.dcp' has been generated.
INFO: [Vivado 12-24828] Executing command : report_utilization -file clk_wiz_0_utilization_synth.rpt -pb clk_wiz_0_utilization_synth.pb
INFO: [Common 17-206] Exiting Vivado at Mon Jul 20 10:47:25 2026...
[Mon Jul 20 10:47:26 2026] clk_wiz_0_synth_1 finished
wait_on_runs: Time (s): cpu = 00:00:01 ; elapsed = 00:00:40 . Memory (MB): peak = 2017.512 ; gain = 0.000
launch_simulation
Command: launch_simulation 
INFO: [Vivado 12-12493] Simulation top is 'soc_simple_tb'
INFO: [Vivado 12-5698] Checking validity of IPs in the design for the 'XSim' simulator...
INFO: [Vivado 12-5682] Launching behavioral simulation in 'D:/cpu-design/miniRV/miniRV.sim/sim_1/behav/xsim'
INFO: [Vivado 12-4795] Using compiled simulation libraries for IPs
INFO: [SIM-utils-51] Simulation object is 'sim_1'
INFO: [SIM-utils-72] Using boost library from 'D:/vivado/2025.1/Vivado/tps/boost_1_72_0'
INFO: [USF-XSim-7] Finding pre-compiled libraries...
INFO: [USF-XSim-11] File 'D:/vivado/2025.1/Vivado/data/xsim/xsim.ini' copied to run dir:'D:/cpu-design/miniRV/miniRV.sim/sim_1/behav/xsim'
INFO: [SIM-utils-54] Inspecting design source files for 'soc_simple_tb' in fileset 'sim_1'...
INFO: [SIM-utils-43] Exported 'D:/cpu-design/miniRV/miniRV.sim/sim_1/behav/xsim/lw.coe'
INFO: [SIM-utils-43] Exported 'D:/cpu-design/miniRV/miniRV.sim/sim_1/behav/xsim/DRAM.mif'
INFO: [SIM-utils-43] Exported 'D:/cpu-design/miniRV/miniRV.sim/sim_1/behav/xsim/pipeline_test.coe'
INFO: [SIM-utils-43] Exported 'D:/cpu-design/miniRV/miniRV.sim/sim_1/behav/xsim/IROM.mif'
INFO: [SIM-utils-43] Exported 'D:/cpu-design/miniRV/miniRV.sim/sim_1/behav/xsim/mul_div_test.coe'
INFO: [USF-XSim-97] Finding global include files...
INFO: [USF-XSim-98] Fetching design files from 'sim_1'...
INFO: [USF-XSim-2] XSim::Compile design
INFO: [USF-XSim-61] Executing 'COMPILE and ANALYZE' step in 'D:/cpu-design/miniRV/miniRV.sim/sim_1/behav/xsim'
"xvlog --incr --relax -prj soc_simple_tb_vlog.prj"
INFO: [VRFC 10-2263] Analyzing Verilog file "D:/cpu-design/miniRV/src/rtl/ip/DRAM/sim/DRAM.v" into library xil_defaultlib
INFO: [VRFC 10-311] analyzing module DRAM
INFO: [VRFC 10-2263] Analyzing Verilog file "D:/cpu-design/miniRV/src/rtl/ip/IROM/sim/IROM.v" into library xil_defaultlib
INFO: [VRFC 10-311] analyzing module IROM
INFO: [VRFC 10-2263] Analyzing Verilog file "D:/cpu-design/miniRV/miniRV.gen/sources_1/ip/clk_wiz_0/clk_wiz_0_clk_wiz.v" into library xil_defaultlib
INFO: [VRFC 10-311] analyzing module clk_wiz_0_clk_wiz
INFO: [VRFC 10-2263] Analyzing Verilog file "D:/cpu-design/miniRV/miniRV.gen/sources_1/ip/clk_wiz_0/clk_wiz_0.v" into library xil_defaultlib
INFO: [VRFC 10-311] analyzing module clk_wiz_0
INFO: [VRFC 10-2263] Analyzing Verilog file "D:/cpu-design/miniRV/src/rtl/ALU.v" into library xil_defaultlib
INFO: [VRFC 10-311] analyzing module ALU
WARNING: [VRFC 10-3380] identifier 'a_latched' is used before its declaration [D:/cpu-design/miniRV/src/rtl/ALU.v:44]
WARNING: [VRFC 10-3380] identifier 'b_latched' is used before its declaration [D:/cpu-design/miniRV/src/rtl/ALU.v:45]
INFO: [VRFC 10-2263] Analyzing Verilog file "D:/cpu-design/miniRV/src/rtl/Controller.v" into library xil_defaultlib
INFO: [VRFC 10-311] analyzing module Controller
INFO: [VRFC 10-2263] Analyzing Verilog file "D:/cpu-design/miniRV/src/rtl/Data_RAM.v" into library xil_defaultlib
INFO: [VRFC 10-311] analyzing module Data_RAM
INFO: [VRFC 10-2263] Analyzing Verilog file "D:/cpu-design/miniRV/src/rtl/ForwardingUnit.v" into library xil_defaultlib
INFO: [VRFC 10-311] analyzing module ForwardingUnit
INFO: [VRFC 10-2263] Analyzing Verilog file "D:/cpu-design/miniRV/src/rtl/Inst_ROM.v" into library xil_defaultlib
INFO: [VRFC 10-311] analyzing module Inst_ROM
INFO: [VRFC 10-2263] Analyzing Verilog file "D:/cpu-design/miniRV/src/rtl/MEXT.v" into library xil_defaultlib
INFO: [VRFC 10-311] analyzing module MEXT
INFO: [VRFC 10-2263] Analyzing Verilog file "D:/cpu-design/miniRV/src/rtl/MREQ.v" into library xil_defaultlib
INFO: [VRFC 10-311] analyzing module MREQ
INFO: [VRFC 10-2263] Analyzing Verilog file "D:/cpu-design/miniRV/src/rtl/RF.v" into library xil_defaultlib
INFO: [VRFC 10-311] analyzing module RF
INFO: [VRFC 10-2263] Analyzing Verilog file "D:/cpu-design/miniRV/src/rtl/SEXT.v" into library xil_defaultlib
INFO: [VRFC 10-311] analyzing module SEXT
INFO: [VRFC 10-2263] Analyzing Verilog file "D:/cpu-design/miniRV/src/rtl/cpu_core.v" into library xil_defaultlib
INFO: [VRFC 10-311] analyzing module cpu_core
WARNING: [VRFC 10-2938] 'ex_mem_rf_we' is already implicitly declared on line 350 [D:/cpu-design/miniRV/src/rtl/cpu_core.v:428]
WARNING: [VRFC 10-2938] 'ex_mem_rd' is already implicitly declared on line 349 [D:/cpu-design/miniRV/src/rtl/cpu_core.v:432]
WARNING: [VRFC 10-2938] 'mem_wb_rf_we' is already implicitly declared on line 352 [D:/cpu-design/miniRV/src/rtl/cpu_core.v:504]
WARNING: [VRFC 10-2938] 'mem_wb_rd' is already implicitly declared on line 351 [D:/cpu-design/miniRV/src/rtl/cpu_core.v:506]
WARNING: [VRFC 10-2938] 'wb_rf_we' is already implicitly declared on line 167 [D:/cpu-design/miniRV/src/rtl/cpu_core.v:564]
WARNING: [VRFC 10-2938] 'wb_rf_wR' is already implicitly declared on line 168 [D:/cpu-design/miniRV/src/rtl/cpu_core.v:565]
WARNING: [VRFC 10-2938] 'wb_rf_wD' is already implicitly declared on line 169 [D:/cpu-design/miniRV/src/rtl/cpu_core.v:566]
WARNING: [VRFC 10-3380] identifier 'flush_f' is used before its declaration [D:/cpu-design/miniRV/src/rtl/cpu_core.v:48]
WARNING: [VRFC 10-3380] identifier 'load_use_stall' is used before its declaration [D:/cpu-design/miniRV/src/rtl/cpu_core.v:56]
WARNING: [VRFC 10-3380] identifier 'stall_f' is used before its declaration [D:/cpu-design/miniRV/src/rtl/cpu_core.v:72]
WARNING: [VRFC 10-3380] identifier 'stall_f' is used before its declaration [D:/cpu-design/miniRV/src/rtl/cpu_core.v:73]
WARNING: [VRFC 10-3380] identifier 'flush_f' is used before its declaration [D:/cpu-design/miniRV/src/rtl/cpu_core.v:76]
WARNING: [VRFC 10-3380] identifier 'flush_f' is used before its declaration [D:/cpu-design/miniRV/src/rtl/cpu_core.v:83]
WARNING: [VRFC 10-3380] identifier 'pc_next' is used before its declaration [D:/cpu-design/miniRV/src/rtl/cpu_core.v:84]
WARNING: [VRFC 10-3380] identifier 'pc_next' is used before its declaration [D:/cpu-design/miniRV/src/rtl/cpu_core.v:85]
WARNING: [VRFC 10-3380] identifier 'stall_f' is used before its declaration [D:/cpu-design/miniRV/src/rtl/cpu_core.v:86]
WARNING: [VRFC 10-3380] identifier 'load_use_stall' is used before its declaration [D:/cpu-design/miniRV/src/rtl/cpu_core.v:88]
WARNING: [VRFC 10-3380] identifier 'stall_f' is used before its declaration [D:/cpu-design/miniRV/src/rtl/cpu_core.v:95]
WARNING: [VRFC 10-3380] identifier 'mul_div_flush' is used before its declaration [D:/cpu-design/miniRV/src/rtl/cpu_core.v:96]
WARNING: [VRFC 10-3380] identifier 'pc_next' is used before its declaration [D:/cpu-design/miniRV/src/rtl/cpu_core.v:98]
WARNING: [VRFC 10-3380] identifier 'stall_f' is used before its declaration [D:/cpu-design/miniRV/src/rtl/cpu_core.v:116]
WARNING: [VRFC 10-3380] identifier 'flush_d' is used before its declaration [D:/cpu-design/miniRV/src/rtl/cpu_core.v:223]
WARNING: [VRFC 10-3380] identifier 'stall_d' is used before its declaration [D:/cpu-design/miniRV/src/rtl/cpu_core.v:236]
WARNING: [VRFC 10-3380] identifier 'id_fwd_rd1' is used before its declaration [D:/cpu-design/miniRV/src/rtl/cpu_core.v:238]
WARNING: [VRFC 10-3380] identifier 'id_store_data' is used before its declaration [D:/cpu-design/miniRV/src/rtl/cpu_core.v:239]
WARNING: [VRFC 10-3380] identifier 'ex_br' is used before its declaration [D:/cpu-design/miniRV/src/rtl/cpu_core.v:273]
WARNING: [VRFC 10-3380] identifier 'ex_alu_c' is used before its declaration [D:/cpu-design/miniRV/src/rtl/cpu_core.v:278]
WARNING: [VRFC 10-3380] identifier 'mul_div_release' is used before its declaration [D:/cpu-design/miniRV/src/rtl/cpu_core.v:287]
WARNING: [VRFC 10-3380] identifier 'mul_div_release' is used before its declaration [D:/cpu-design/miniRV/src/rtl/cpu_core.v:292]
WARNING: [VRFC 10-3380] identifier 'mul_div_release' is used before its declaration [D:/cpu-design/miniRV/src/rtl/cpu_core.v:300]
WARNING: [VRFC 10-3380] identifier 'ex_mul_div_busy' is used before its declaration [D:/cpu-design/miniRV/src/rtl/cpu_core.v:320]
WARNING: [VRFC 10-3380] identifier 'ex_alu_c' is used before its declaration [D:/cpu-design/miniRV/src/rtl/cpu_core.v:360]
WARNING: [VRFC 10-3380] identifier 'ex_mem_alu_c' is used before its declaration [D:/cpu-design/miniRV/src/rtl/cpu_core.v:362]
WARNING: [VRFC 10-3380] identifier 'wb_forward_data' is used before its declaration [D:/cpu-design/miniRV/src/rtl/cpu_core.v:364]
WARNING: [VRFC 10-3380] identifier 'ex_alu_c' is used before its declaration [D:/cpu-design/miniRV/src/rtl/cpu_core.v:368]
WARNING: [VRFC 10-3380] identifier 'ex_mem_alu_c' is used before its declaration [D:/cpu-design/miniRV/src/rtl/cpu_core.v:370]
WARNING: [VRFC 10-3380] identifier 'wb_forward_data' is used before its declaration [D:/cpu-design/miniRV/src/rtl/cpu_core.v:372]
WARNING: [VRFC 10-3380] identifier 'ex_alu_c' is used before its declaration [D:/cpu-design/miniRV/src/rtl/cpu_core.v:379]
WARNING: [VRFC 10-3380] identifier 'ex_mem_alu_c' is used before its declaration [D:/cpu-design/miniRV/src/rtl/cpu_core.v:381]
WARNING: [VRFC 10-3380] identifier 'ex_mem_rf_wsel' is used before its declaration [D:/cpu-design/miniRV/src/rtl/cpu_core.v:389]
WARNING: [VRFC 10-3380] identifier 'ex_mem_rf_wsel' is used before its declaration [D:/cpu-design/miniRV/src/rtl/cpu_core.v:390]
WARNING: [VRFC 10-3380] identifier 'ex_mem_alu_c' is used before its declaration [D:/cpu-design/miniRV/src/rtl/cpu_core.v:391]
WARNING: [VRFC 10-3380] identifier 'wb_forward_data' is used before its declaration [D:/cpu-design/miniRV/src/rtl/cpu_core.v:396]
WARNING: [VRFC 10-3380] identifier 'wb_forward_data' is used before its declaration [D:/cpu-design/miniRV/src/rtl/cpu_core.v:402]
INFO: [VRFC 10-2263] Analyzing Verilog file "D:/cpu-design/miniRV/src/rtl/cpu_top.v" into library xil_defaultlib
INFO: [VRFC 10-311] analyzing module cpu_top
INFO: [VRFC 10-2263] Analyzing Verilog file "D:/cpu-design/miniRV/src/rtl/divider.v" into library xil_defaultlib
INFO: [VRFC 10-311] analyzing module divider
INFO: [VRFC 10-2263] Analyzing Verilog file "D:/cpu-design/miniRV/src/rtl/miniRV_SoC.v" into library xil_defaultlib
INFO: [VRFC 10-311] analyzing module miniRV_SoC
INFO: [VRFC 10-2263] Analyzing Verilog file "D:/cpu-design/miniRV/src/rtl/multiplier.v" into library xil_defaultlib
INFO: [VRFC 10-311] analyzing module multiplier
WARNING: [VRFC 10-3380] identifier 'O_WID' is used before its declaration [D:/cpu-design/miniRV/src/rtl/multiplier.v:11]
INFO: [VRFC 10-2263] Analyzing Verilog file "D:/cpu-design/miniRV/src/sim/soc_simple_tb.v" into library xil_defaultlib
INFO: [VRFC 10-311] analyzing module soc_simple_tb
INFO: [VRFC 10-2263] Analyzing Verilog file "D:/cpu-design/miniRV/miniRV.sim/sim_1/behav/xsim/glbl.v" into library xil_defaultlib
INFO: [VRFC 10-311] analyzing module glbl
INFO: [USF-XSim-69] 'compile' step finished in '3' seconds
INFO: [USF-XSim-3] XSim::Elaborate design
INFO: [USF-XSim-61] Executing 'ELABORATE' step in 'D:/cpu-design/miniRV/miniRV.sim/sim_1/behav/xsim'
"xelab --incr --debug typical --relax --mt 2 -L xil_defaultlib -L blk_mem_gen_v8_4_11 -L unisims_ver -L unimacro_ver -L secureip -L xpm --snapshot soc_simple_tb_behav xil_defaultlib.soc_simple_tb xil_defaultlib.glbl -log elaborate.log"
Vivado Simulator v2025.1.0
Copyright 1986-2022 Xilinx, Inc. All Rights Reserved.
Copyright 2022-2025 Advanced Micro Devices, Inc. All Rights Reserved.
Running: D:/vivado/2025.1/Vivado/bin/unwrapped/win64.o/xelab.exe --incr --debug typical --relax --mt 2 -L xil_defaultlib -L blk_mem_gen_v8_4_11 -L unisims_ver -L unimacro_ver -L secureip -L xpm --snapshot soc_simple_tb_behav xil_defaultlib.soc_simple_tb xil_defaultlib.glbl -log elaborate.log 
Using 2 slave threads.
Starting static elaboration
Pass Through NonSizing Optimizer
WARNING: [VRFC 10-3091] actual bit length 24 differs from formal bit length 16 for port 'sw' [D:/cpu-design/miniRV/src/sim/soc_simple_tb.v:29]
WARNING: [VRFC 10-3091] actual bit length 24 differs from formal bit length 16 for port 'led' [D:/cpu-design/miniRV/src/sim/soc_simple_tb.v:30]
WARNING: [VRFC 10-3091] actual bit length 64 differs from formal bit length 66 for port 'z' [D:/cpu-design/miniRV/src/rtl/ALU.v:113]
WARNING: [VRFC 10-3091] actual bit length 32 differs from formal bit length 33 for port 'z' [D:/cpu-design/miniRV/src/rtl/ALU.v:134]
WARNING: [VRFC 10-3091] actual bit length 32 differs from formal bit length 33 for port 'r' [D:/cpu-design/miniRV/src/rtl/ALU.v:135]
WARNING: [VRFC 10-3091] actual bit length 30 differs from formal bit length 14 for port 'addra' [D:/cpu-design/miniRV/src/rtl/Inst_ROM.v:20]
WARNING: [VRFC 10-3091] actual bit length 30 differs from formal bit length 15 for port 'addra' [D:/cpu-design/miniRV/src/rtl/Data_RAM.v:25]
Completed static elaboration
Starting simulation data flow analysis
Completed simulation data flow analysis
Time Resolution for simulation is 1ps
Compiling module unisims_ver.IBUF
Compiling module unisims_ver.PLLE2_ADV(CLKFBOUT_MULT=17,CLKIN...
Compiling module unisims_ver.BUFG
Compiling module xil_defaultlib.clk_wiz_0_clk_wiz
Compiling module xil_defaultlib.clk_wiz_0
Compiling module xil_defaultlib.Controller
Compiling module xil_defaultlib.RF
Compiling module xil_defaultlib.SEXT
Compiling module xil_defaultlib.ForwardingUnit
Compiling module xil_defaultlib.multiplier_default
Compiling module xil_defaultlib.multiplier(WIDTH=33)
Compiling module xil_defaultlib.divider
Compiling module xil_defaultlib.divider(WIDTH=33)
Compiling module xil_defaultlib.ALU
Compiling module xil_defaultlib.MREQ
Compiling module xil_defaultlib.MEXT
Compiling module xil_defaultlib.cpu_core
Compiling module blk_mem_gen_v8_4_11.blk_mem_gen_v8_4_11_output_stage...
Compiling module blk_mem_gen_v8_4_11.blk_mem_gen_v8_4_11_softecc_outp...
Compiling module blk_mem_gen_v8_4_11.blk_mem_gen_v8_4_11_mem_module(C...
Compiling module blk_mem_gen_v8_4_11.blk_mem_gen_v8_4_11(C_FAMILY="ar...
Compiling module xil_defaultlib.IROM
Compiling module xil_defaultlib.Inst_ROM
Compiling module blk_mem_gen_v8_4_11.blk_mem_gen_v8_4_11_output_stage...
Compiling module blk_mem_gen_v8_4_11.blk_mem_gen_v8_4_11_softecc_outp...
Compiling module blk_mem_gen_v8_4_11.blk_mem_gen_v8_4_11_mem_module(C...
Compiling module blk_mem_gen_v8_4_11.blk_mem_gen_v8_4_11(C_FAMILY="ar...
Compiling module xil_defaultlib.DRAM
Compiling module xil_defaultlib.Data_RAM
Compiling module xil_defaultlib.cpu_top
Compiling module xil_defaultlib.miniRV_SoC
Compiling module xil_defaultlib.soc_simple_tb
Compiling module xil_defaultlib.glbl
Built simulation snapshot soc_simple_tb_behav
run_program: Time (s): cpu = 00:00:00 ; elapsed = 00:00:07 . Memory (MB): peak = 2017.512 ; gain = 0.000
INFO: [USF-XSim-69] 'elaborate' step finished in '7' seconds
INFO: [USF-XSim-4] XSim::Simulate design
INFO: [USF-XSim-61] Executing 'SIMULATE' step in 'D:/cpu-design/miniRV/miniRV.sim/sim_1/behav/xsim'
INFO: [USF-XSim-98] *** Running xsim
   with args "soc_simple_tb_behav -key {Behavioral:sim_1:Functional:soc_simple_tb} -tclbatch {soc_simple_tb.tcl} -view {D:/cpu-design/miniRV/soc_simple_tb.wcfg} -log {simulate.log}"
INFO: [USF-XSim-8] Loading simulator feature
Time resolution is 1 ps
open_wave_config D:/cpu-design/miniRV/soc_simple_tb.wcfg
source soc_simple_tb.tcl
# set curr_wave [current_wave_config]
# if { [string length $curr_wave] == 0 } {
#   if { [llength [get_objects]] > 0} {
#     add_wave /
#     set_property needs_save false [current_wave_config]
#   } else {
#      send_msg_id Add_Wave-1 WARNING "No top level signals found. Simulator will start without a wave window. If you want to open a wave window go to 'File->New Waveform Configuration' or type 'create_wave_config' in the TCL console."
#   }
# }
# log_wave -r /
WARNING: [Simtcl 6-197] One or more HDL objects could not be logged because of object type or size limitations.  To see details please rerun the command with -verbose (-v).
# run 10us
 Block Memory Generator module loading initial data...
 Block Memory Generator data initialization complete.
Block Memory Generator module soc_simple_tb.DUT.U_cpu.U_irom.U_irom.inst.native_mem_module.blk_mem_gen_v8_4_11_inst is using a behavioral model for simulation which will not precisely model memory collision behavior.
 Block Memory Generator module loading initial data...
 Block Memory Generator data initialization complete.
Block Memory Generator module soc_simple_tb.DUT.U_cpu.U_dram.U_dram.inst.native_mem_module.blk_mem_gen_v8_4_11_inst is using a behavioral model for simulation which will not precisely model memory collision behavior.
blk_mem_gen_v8_4_11 WARNING: Address 7e00 is outside range for A Read
blk_mem_gen_v8_4_11 WARNING: Address 7e00 is outside range for A Read
blk_mem_gen_v8_4_11 WARNING: Address 7e00 is outside range for A Read
blk_mem_gen_v8_4_11 WARNING: Address 7e00 is outside range for A Read
blk_mem_gen_v8_4_11 WARNING: Address 7fff is outside range for A Read
blk_mem_gen_v8_4_11 WARNING: Address 7fff is outside range for A Read
blk_mem_gen_v8_4_11 WARNING: Address 7fff is outside range for A Read
blk_mem_gen_v8_4_11 WARNING: Address 7fff is outside range for A Read
blk_mem_gen_v8_4_11 WARNING: Address 7fff is outside range for A Read
blk_mem_gen_v8_4_11 WARNING: Address 7dff is outside range for A Read
blk_mem_gen_v8_4_11 WARNING: Address 7c3c is outside range for A Read
blk_mem_gen_v8_4_11 WARNING: Address 7dff is outside range for A Read
blk_mem_gen_v8_4_11 WARNING: Address 7fff is outside range for A Read
blk_mem_gen_v8_4_11 WARNING: Address 7fff is outside range for A Read
blk_mem_gen_v8_4_11 WARNING: Address 7fff is outside range for A Read
blk_mem_gen_v8_4_11 WARNING: Address 7fff is outside range for A Read
blk_mem_gen_v8_4_11 WARNING: Address 7fff is outside range for A Read
blk_mem_gen_v8_4_11 WARNING: Address 7fff is outside range for A Read
blk_mem_gen_v8_4_11 WARNING: Address 7fff is outside range for A Read
Test Passed!
$finish called at time : 5999512 ps : File "D:/cpu-design/miniRV/src/sim/soc_simple_tb.v" Line 22
INFO: [USF-XSim-96] XSim completed. Design snapshot 'soc_simple_tb_behav' loaded.
INFO: [USF-XSim-97] XSim simulation ran for 10us
launch_simulation: Time (s): cpu = 00:00:10 ; elapsed = 00:00:15 . Memory (MB): peak = 2061.445 ; gain = 43.934
close_sim
INFO: [Simtcl 6-16] Simulation closed
exit
INFO: [Common 17-206] Exiting Vivado at Mon Jul 20 11:52:22 2026...
