#-----------------------------------------------------------
# Vivado v2025.1 (64-bit)
# SW Build 6140274 on Thu May 22 00:12:29 MDT 2025
# IP Build 6138677 on Thu May 22 03:10:11 MDT 2025
# SharedData Build 6139179 on Tue May 20 17:58:58 MDT 2025
# Start of session at: Thu Jul 30 14:03:35 2026
# Process ID         : 12412
# Current directory  : D:/cpu-design/miniRV-with-SoC
# Command line       : vivado.exe -gui_launcher_event rodinguilauncherevent6548 D:\cpu-design\miniRV-with-SoC\miniRV.xpr
# Log file           : D:/cpu-design/miniRV-with-SoC/vivado.log
# Journal file       : D:/cpu-design/miniRV-with-SoC\vivado.jou
# Running On         : LAPTOP-1C1u4O
# Platform           : Windows Server 2016 or Windows 10
# Operating System   : 26200
# Processor Detail   : Intel(R) Core(TM) Ultra 5 125H
# CPU Frequency      : 2995 MHz
# CPU Physical cores : 14
# CPU Logical cores  : 18
# Host memory        : 33945 MB
# Swap memory        : 5100 MB
# Total Virtual      : 39046 MB
# Available Virtual  : 25312 MB
#-----------------------------------------------------------
start_gui
open_project D:/cpu-design/miniRV-with-SoC/miniRV.xpr
WARNING: [Board 49-26] cannot add Board Part xilinx.com:kcu105:part0:1.6 available at D:/vivado/2025.1/data/xhub/boards\XilinxBoardStore\boards\Xilinx\kcu105\1.6\board.xml as part xcku040-ffva1156-2-e specified in board_part file is either invalid or not available
WARNING: [Board 49-26] cannot add Board Part xilinx.com:kcu105:part0:1.7 available at D:/vivado/2025.1/data/xhub/boards\XilinxBoardStore\boards\Xilinx\kcu105\1.7\board.xml as part xcku040-ffva1156-2-e specified in board_part file is either invalid or not available
WARNING: [Board 49-26] cannot add Board Part xilinx.com:vcu108:part0:1.6 available at D:/vivado/2025.1/data/xhub/boards\XilinxBoardStore\boards\Xilinx\vcu108\1.6\board.xml as part xcvu095-ffva2104-2-e specified in board_part file is either invalid or not available
WARNING: [Board 49-26] cannot add Board Part xilinx.com:vcu108:part0:1.7 available at D:/vivado/2025.1/data/xhub/boards\XilinxBoardStore\boards\Xilinx\vcu108\1.7\board.xml as part xcvu095-ffva2104-2-e specified in board_part file is either invalid or not available
WARNING: [Board 49-26] cannot add Board Part xilinx.com:vcu110:part0:1.4 available at D:/vivado/2025.1/data/xhub/boards\XilinxBoardStore\boards\Xilinx\vcu110\1.4\board.xml as part xcvu190-flgc2104-2-e specified in board_part file is either invalid or not available
WARNING: [Board 49-26] cannot add Board Part xilinx.com:vcu128:part0:1.0 available at D:/vivado/2025.1/data/xhub/boards\XilinxBoardStore\boards\Xilinx\vcu128\production\1.0\board.xml as part xcvu37p-fsvh2892-2l-e specified in board_part file is either invalid or not available
WARNING: [Board 49-26] cannot add Board Part xilinx.com:vcu129:part0:1.0 available at D:/vivado/2025.1/data/xhub/boards\XilinxBoardStore\boards\Xilinx\vcu129\production\1.0\board.xml as part xcvu29p-fsga2577-2l-e specified in board_part file is either invalid or not available
WARNING: [Board 49-26] cannot add Board Part xilinx.com:vek280:part0:1.0 available at D:/vivado/2025.1/data/xhub/boards\XilinxBoardStore\boards\Xilinx\vek280\production\1.0\board.xml as part xcve2802-vsvh1760-2mp-e-s specified in board_part file is either invalid or not available
WARNING: [Board 49-26] cannot add Board Part xilinx.com:vek280:part0:1.1 available at D:/vivado/2025.1/data/xhub/boards\XilinxBoardStore\boards\Xilinx\vek280\production\1.1\board.xml as part xcve2802-vsvh1760-2mp-e-s specified in board_part file is either invalid or not available
WARNING: [Board 49-26] cannot add Board Part xilinx.com:vek280:part0:1.2 available at D:/vivado/2025.1/data/xhub/boards\XilinxBoardStore\boards\Xilinx\vek280\production\1.2\board.xml as part xcve2802-vsvh1760-2mp-e-s specified in board_part file is either invalid or not available
WARNING: [Board 49-26] cannot add Board Part xilinx.com:vek385:part0:1.0 available at D:/vivado/2025.1/data/xhub/boards\XilinxBoardStore\boards\Xilinx\vek385\1.0\board.xml as part xc2ve3858-ssva2112-2mp-e-s specified in board_part file is either invalid or not available
WARNING: [Board 49-26] cannot add Board Part xilinx.com:vermeo_t1_rfsoc:part0:1.0 available at D:/vivado/2025.1/data/xhub/boards\XilinxBoardStore\boards\Xilinx\vermeo_t1_rfsoc\1.0\board.xml as part xczu21dr-ffvd1156-2l-e specified in board_part file is either invalid or not available
WARNING: [Board 49-26] cannot add Board Part xilinx.com:vhk158:part0:1.0 available at D:/vivado/2025.1/data/xhub/boards\XilinxBoardStore\boards\Xilinx\vhk158\production\1.0\board.xml as part xcvh1582-vsva3697-2mp-e-s specified in board_part file is either invalid or not available
WARNING: [Board 49-26] cannot add Board Part xilinx.com:vhk158:part0:1.1 available at D:/vivado/2025.1/data/xhub/boards\XilinxBoardStore\boards\Xilinx\vhk158\production\1.1\board.xml as part xcvh1582-vsva3697-2mp-e-s specified in board_part file is either invalid or not available
WARNING: [Board 49-26] cannot add Board Part xilinx.com:vhk158:part0:1.2 available at D:/vivado/2025.1/data/xhub/boards\XilinxBoardStore\boards\Xilinx\vhk158\production\1.2\board.xml as part xcvh1582-vsva3697-2mp-e-s specified in board_part file is either invalid or not available
WARNING: [Board 49-26] cannot add Board Part xilinx.com:vpk180:part0:1.0 available at D:/vivado/2025.1/data/xhub/boards\XilinxBoardStore\boards\Xilinx\vpk180\production\1.0\board.xml as part xcvp1802-lsvc4072-2mp-e-s specified in board_part file is either invalid or not available
WARNING: [Board 49-26] cannot add Board Part xilinx.com:vpk180:part0:1.1 available at D:/vivado/2025.1/data/xhub/boards\XilinxBoardStore\boards\Xilinx\vpk180\production\1.1\board.xml as part xcvp1802-lsvc4072-2mp-e-s specified in board_part file is either invalid or not available
WARNING: [Board 49-26] cannot add Board Part xilinx.com:vpk180:part0:1.2 available at D:/vivado/2025.1/data/xhub/boards\XilinxBoardStore\boards\Xilinx\vpk180\production\1.2\board.xml as part xcvp1802-lsvc4072-2mp-e-s specified in board_part file is either invalid or not available
WARNING: [Board 49-26] cannot add Board Part xilinx.com:zcu111:part0:1.2 available at D:/vivado/2025.1/data/xhub/boards\XilinxBoardStore\boards\Xilinx\zcu111\1.2\board.xml as part xczu28dr-ffvg1517-2-e specified in board_part file is either invalid or not available
WARNING: [Board 49-26] cannot add Board Part xilinx.com:zcu111:part0:1.3 available at D:/vivado/2025.1/data/xhub/boards\XilinxBoardStore\boards\Xilinx\zcu111\1.3\board.xml as part xczu28dr-ffvg1517-2-e specified in board_part file is either invalid or not available
WARNING: [Board 49-26] cannot add Board Part xilinx.com:zcu111:part0:1.4 available at D:/vivado/2025.1/data/xhub/boards\XilinxBoardStore\boards\Xilinx\zcu111\1.4\board.xml as part xczu28dr-ffvg1517-2-e specified in board_part file is either invalid or not available
WARNING: [Board 49-26] cannot add Board Part xilinx.com:zcu1275:part0:1.0 available at D:/vivado/2025.1/data/xhub/boards\XilinxBoardStore\boards\Xilinx\zcu1275\1.0\board.xml as part xczu29dr-ffvf1760-2-e specified in board_part file is either invalid or not available
WARNING: [Board 49-26] cannot add Board Part xilinx.com:zcu1285:part0:1.0 available at D:/vivado/2025.1/data/xhub/boards\XilinxBoardStore\boards\Xilinx\zcu1285\1.0\board.xml as part xczu39dr-ffvf1760-2-i specified in board_part file is either invalid or not available
WARNING: [Board 49-26] cannot add Board Part xilinx.com:zcu208:part0:2.0 available at D:/vivado/2025.1/data/xhub/boards\XilinxBoardStore\boards\Xilinx\zcu208\production\2.0\board.xml as part xczu48dr-fsvg1517-2-e specified in board_part file is either invalid or not available
WARNING: [Board 49-26] cannot add Board Part xilinx.com:zcu208ld:part0:2.0 available at D:/vivado/2025.1/data/xhub/boards\XilinxBoardStore\boards\Xilinx\zcu208ld\production\2.0\board.xml as part xczu58dr-fsvg1517-2-i specified in board_part file is either invalid or not available
WARNING: [Board 49-26] cannot add Board Part xilinx.com:zcu216:part0:2.0 available at D:/vivado/2025.1/data/xhub/boards\XilinxBoardStore\boards\Xilinx\zcu216\production\2.0\board.xml as part xczu49dr-ffvf1760-2-e specified in board_part file is either invalid or not available
WARNING: [Board 49-26] cannot add Board Part xilinx.com:zcu216ld:part0:2.0 available at D:/vivado/2025.1/data/xhub/boards\XilinxBoardStore\boards\Xilinx\zcu216ld\production\2.0\board.xml as part xczu59dr-ffvf1760-2-i specified in board_part file is either invalid or not available
WARNING: [Board 49-26] cannot add Board Part xilinx.com:zcu670:part0:2.0 available at D:/vivado/2025.1/data/xhub/boards\XilinxBoardStore\boards\Xilinx\zcu670\2.0\board.xml as part xczu67dr-fsve1156-2-i specified in board_part file is either invalid or not available
WARNING: [Board 49-26] cannot add Board Part xilinx.com:zcu670ld:part0:1.0 available at D:/vivado/2025.1/data/xhub/boards\XilinxBoardStore\boards\Xilinx\zcu670ld\1.0\board.xml as part xczu57dr-fsve1156-2-i specified in board_part file is either invalid or not available
Scanning sources...
Finished scanning sources
WARNING: [Board 49-26] cannot add Board Part xilinx.com:kcu105:part0:1.6 available at D:/vivado/2025.1/data/xhub/boards\XilinxBoardStore\boards\Xilinx\kcu105\1.6\board.xml as part xcku040-ffva1156-2-e specified in board_part file is either invalid or not available
WARNING: [Board 49-26] cannot add Board Part xilinx.com:kcu105:part0:1.7 available at D:/vivado/2025.1/data/xhub/boards\XilinxBoardStore\boards\Xilinx\kcu105\1.7\board.xml as part xcku040-ffva1156-2-e specified in board_part file is either invalid or not available
WARNING: [Board 49-26] cannot add Board Part xilinx.com:vcu108:part0:1.6 available at D:/vivado/2025.1/data/xhub/boards\XilinxBoardStore\boards\Xilinx\vcu108\1.6\board.xml as part xcvu095-ffva2104-2-e specified in board_part file is either invalid or not available
WARNING: [Board 49-26] cannot add Board Part xilinx.com:vcu108:part0:1.7 available at D:/vivado/2025.1/data/xhub/boards\XilinxBoardStore\boards\Xilinx\vcu108\1.7\board.xml as part xcvu095-ffva2104-2-e specified in board_part file is either invalid or not available
WARNING: [Board 49-26] cannot add Board Part xilinx.com:vcu110:part0:1.4 available at D:/vivado/2025.1/data/xhub/boards\XilinxBoardStore\boards\Xilinx\vcu110\1.4\board.xml as part xcvu190-flgc2104-2-e specified in board_part file is either invalid or not available
WARNING: [Board 49-26] cannot add Board Part xilinx.com:vcu128:part0:1.0 available at D:/vivado/2025.1/data/xhub/boards\XilinxBoardStore\boards\Xilinx\vcu128\production\1.0\board.xml as part xcvu37p-fsvh2892-2l-e specified in board_part file is either invalid or not available
WARNING: [Board 49-26] cannot add Board Part xilinx.com:vcu129:part0:1.0 available at D:/vivado/2025.1/data/xhub/boards\XilinxBoardStore\boards\Xilinx\vcu129\production\1.0\board.xml as part xcvu29p-fsga2577-2l-e specified in board_part file is either invalid or not available
WARNING: [Board 49-26] cannot add Board Part xilinx.com:vek280:part0:1.0 available at D:/vivado/2025.1/data/xhub/boards\XilinxBoardStore\boards\Xilinx\vek280\production\1.0\board.xml as part xcve2802-vsvh1760-2mp-e-s specified in board_part file is either invalid or not available
WARNING: [Board 49-26] cannot add Board Part xilinx.com:vek280:part0:1.1 available at D:/vivado/2025.1/data/xhub/boards\XilinxBoardStore\boards\Xilinx\vek280\production\1.1\board.xml as part xcve2802-vsvh1760-2mp-e-s specified in board_part file is either invalid or not available
WARNING: [Board 49-26] cannot add Board Part xilinx.com:vek280:part0:1.2 available at D:/vivado/2025.1/data/xhub/boards\XilinxBoardStore\boards\Xilinx\vek280\production\1.2\board.xml as part xcve2802-vsvh1760-2mp-e-s specified in board_part file is either invalid or not available
WARNING: [Board 49-26] cannot add Board Part xilinx.com:vek385:part0:1.0 available at D:/vivado/2025.1/data/xhub/boards\XilinxBoardStore\boards\Xilinx\vek385\1.0\board.xml as part xc2ve3858-ssva2112-2mp-e-s specified in board_part file is either invalid or not available
WARNING: [Board 49-26] cannot add Board Part xilinx.com:vermeo_t1_rfsoc:part0:1.0 available at D:/vivado/2025.1/data/xhub/boards\XilinxBoardStore\boards\Xilinx\vermeo_t1_rfsoc\1.0\board.xml as part xczu21dr-ffvd1156-2l-e specified in board_part file is either invalid or not available
WARNING: [Board 49-26] cannot add Board Part xilinx.com:vhk158:part0:1.0 available at D:/vivado/2025.1/data/xhub/boards\XilinxBoardStore\boards\Xilinx\vhk158\production\1.0\board.xml as part xcvh1582-vsva3697-2mp-e-s specified in board_part file is either invalid or not available
WARNING: [Board 49-26] cannot add Board Part xilinx.com:vhk158:part0:1.1 available at D:/vivado/2025.1/data/xhub/boards\XilinxBoardStore\boards\Xilinx\vhk158\production\1.1\board.xml as part xcvh1582-vsva3697-2mp-e-s specified in board_part file is either invalid or not available
WARNING: [Board 49-26] cannot add Board Part xilinx.com:vhk158:part0:1.2 available at D:/vivado/2025.1/data/xhub/boards\XilinxBoardStore\boards\Xilinx\vhk158\production\1.2\board.xml as part xcvh1582-vsva3697-2mp-e-s specified in board_part file is either invalid or not available
WARNING: [Board 49-26] cannot add Board Part xilinx.com:vpk180:part0:1.0 available at D:/vivado/2025.1/data/xhub/boards\XilinxBoardStore\boards\Xilinx\vpk180\production\1.0\board.xml as part xcvp1802-lsvc4072-2mp-e-s specified in board_part file is either invalid or not available
WARNING: [Board 49-26] cannot add Board Part xilinx.com:vpk180:part0:1.1 available at D:/vivado/2025.1/data/xhub/boards\XilinxBoardStore\boards\Xilinx\vpk180\production\1.1\board.xml as part xcvp1802-lsvc4072-2mp-e-s specified in board_part file is either invalid or not available
WARNING: [Board 49-26] cannot add Board Part xilinx.com:vpk180:part0:1.2 available at D:/vivado/2025.1/data/xhub/boards\XilinxBoardStore\boards\Xilinx\vpk180\production\1.2\board.xml as part xcvp1802-lsvc4072-2mp-e-s specified in board_part file is either invalid or not available
WARNING: [Board 49-26] cannot add Board Part xilinx.com:zcu111:part0:1.2 available at D:/vivado/2025.1/data/xhub/boards\XilinxBoardStore\boards\Xilinx\zcu111\1.2\board.xml as part xczu28dr-ffvg1517-2-e specified in board_part file is either invalid or not available
WARNING: [Board 49-26] cannot add Board Part xilinx.com:zcu111:part0:1.3 available at D:/vivado/2025.1/data/xhub/boards\XilinxBoardStore\boards\Xilinx\zcu111\1.3\board.xml as part xczu28dr-ffvg1517-2-e specified in board_part file is either invalid or not available
WARNING: [Board 49-26] cannot add Board Part xilinx.com:zcu111:part0:1.4 available at D:/vivado/2025.1/data/xhub/boards\XilinxBoardStore\boards\Xilinx\zcu111\1.4\board.xml as part xczu28dr-ffvg1517-2-e specified in board_part file is either invalid or not available
WARNING: [Board 49-26] cannot add Board Part xilinx.com:zcu1275:part0:1.0 available at D:/vivado/2025.1/data/xhub/boards\XilinxBoardStore\boards\Xilinx\zcu1275\1.0\board.xml as part xczu29dr-ffvf1760-2-e specified in board_part file is either invalid or not available
WARNING: [Board 49-26] cannot add Board Part xilinx.com:zcu1285:part0:1.0 available at D:/vivado/2025.1/data/xhub/boards\XilinxBoardStore\boards\Xilinx\zcu1285\1.0\board.xml as part xczu39dr-ffvf1760-2-i specified in board_part file is either invalid or not available
WARNING: [Board 49-26] cannot add Board Part xilinx.com:zcu208:part0:2.0 available at D:/vivado/2025.1/data/xhub/boards\XilinxBoardStore\boards\Xilinx\zcu208\production\2.0\board.xml as part xczu48dr-fsvg1517-2-e specified in board_part file is either invalid or not available
WARNING: [Board 49-26] cannot add Board Part xilinx.com:zcu208ld:part0:2.0 available at D:/vivado/2025.1/data/xhub/boards\XilinxBoardStore\boards\Xilinx\zcu208ld\production\2.0\board.xml as part xczu58dr-fsvg1517-2-i specified in board_part file is either invalid or not available
WARNING: [Board 49-26] cannot add Board Part xilinx.com:zcu216:part0:2.0 available at D:/vivado/2025.1/data/xhub/boards\XilinxBoardStore\boards\Xilinx\zcu216\production\2.0\board.xml as part xczu49dr-ffvf1760-2-e specified in board_part file is either invalid or not available
WARNING: [Board 49-26] cannot add Board Part xilinx.com:zcu216ld:part0:2.0 available at D:/vivado/2025.1/data/xhub/boards\XilinxBoardStore\boards\Xilinx\zcu216ld\production\2.0\board.xml as part xczu59dr-ffvf1760-2-i specified in board_part file is either invalid or not available
WARNING: [Board 49-26] cannot add Board Part xilinx.com:zcu670:part0:2.0 available at D:/vivado/2025.1/data/xhub/boards\XilinxBoardStore\boards\Xilinx\zcu670\2.0\board.xml as part xczu67dr-fsve1156-2-i specified in board_part file is either invalid or not available
WARNING: [Board 49-26] cannot add Board Part xilinx.com:zcu670ld:part0:1.0 available at D:/vivado/2025.1/data/xhub/boards\XilinxBoardStore\boards\Xilinx\zcu670ld\1.0\board.xml as part xczu57dr-fsve1156-2-i specified in board_part file is either invalid or not available
WARNING: [Project 1-5713] Board part '' set for the project  is not found. BoardPart property will be unset. Please select board from latest repo build 
INFO: [IP_Flow 19-234] Refreshing IP repositories
INFO: [IP_Flow 19-1704] No user IP repositories specified
INFO: [IP_Flow 19-2313] Loaded Vivado IP repository 'D:/vivado/2025.1/Vivado/data/ip'.
open_project: Time (s): cpu = 00:00:27 ; elapsed = 00:00:24 . Memory (MB): peak = 1772.926 ; gain = 288.055
update_compile_order -fileset sources_1
WARNING: [IP_Flow 19-4067] Ignoring invalid widget type specified checkbox.Providing a default widget
WARNING: [IP_Flow 19-4067] Ignoring invalid widget type specified checkbox.Providing a default widget
INFO: [IP_Flow 19-3484] Absolute path of file 'd:/downloads/coremark.coe' provided. It will be converted relative to IP Instance files '../../../../../../downloads/coremark.coe'
INFO: [IP_Flow 19-3484] Absolute path of file 'd:/cpu-design/miniRV-with-SoC/src/coe/main.coe' provided. It will be converted relative to IP Instance files '../../../../src/coe/main.coe'
set_property -dict [list \
  CONFIG.Coe_File {D:/cpu-design/miniRV-with-SoC/src/coe/main.coe} \
  CONFIG.Fill_Remaining_Memory_Locations {true} \
] [get_ips bram_axi]
INFO: [IP_Flow 19-3484] Absolute path of file 'd:/cpu-design/miniRV-with-SoC/src/coe/main.coe' provided. It will be converted relative to IP Instance files '../../../coe/main.coe'
INFO: [IP_Flow 19-3484] Absolute path of file 'd:/cpu-design/miniRV-with-SoC/src/coe/main.coe' provided. It will be converted relative to IP Instance files '../../../coe/main.coe'
generate_target all [get_files  D:/cpu-design/miniRV-with-SoC/src/rtl/ip/bram_axi/bram_axi.xci]
INFO: [IP_Flow 19-1686] Generating 'Instantiation Template' target for IP 'bram_axi'...
INFO: [IP_Flow 19-1686] Generating 'Synthesis' target for IP 'bram_axi'...
INFO: [IP_Flow 19-1686] Generating 'Simulation' target for IP 'bram_axi'...
INFO: [IP_Flow 19-1686] Generating 'Miscellaneous' target for IP 'bram_axi'...
INFO: [IP_Flow 19-1686] Generating 'Change Log' target for IP 'bram_axi'...
catch { config_ip_cache -export [get_ips -all bram_axi] }
export_ip_user_files -of_objects [get_files D:/cpu-design/miniRV-with-SoC/src/rtl/ip/bram_axi/bram_axi.xci] -no_script -sync -force -quiet
create_ip_run [get_files -of_objects [get_fileset sources_1] D:/cpu-design/miniRV-with-SoC/src/rtl/ip/bram_axi/bram_axi.xci]
launch_runs bram_axi_synth_1
[Thu Jul 30 14:07:24 2026] Launched bram_axi_synth_1...
Run output will be captured here: D:/cpu-design/miniRV-with-SoC/miniRV.runs/bram_axi_synth_1/runme.log
export_simulation -lib_map_path [list {modelsim=D:/cpu-design/miniRV-with-SoC/miniRV.cache/compile_simlib/modelsim} {questa=D:/cpu-design/miniRV-with-SoC/miniRV.cache/compile_simlib/questa} {riviera=D:/cpu-design/miniRV-with-SoC/miniRV.cache/compile_simlib/riviera} {activehdl=D:/cpu-design/miniRV-with-SoC/miniRV.cache/compile_simlib/activehdl}] -of_objects [get_files D:/cpu-design/miniRV-with-SoC/src/rtl/ip/bram_axi/bram_axi.xci] -directory D:/cpu-design/miniRV-with-SoC/miniRV.ip_user_files/sim_scripts -ip_user_files_dir D:/cpu-design/miniRV-with-SoC/miniRV.ip_user_files -ipstatic_source_dir D:/cpu-design/miniRV-with-SoC/miniRV.ip_user_files/ipstatic -use_ip_compiled_libs -force -quiet
reset_run synth_1
WARNING: [Vivado 12-1017] Problems encountered:
1. Failed to delete one or more files in run directory D:/cpu-design/miniRV-with-SoC/miniRV.runs/synth_1

launch_runs synth_1
INFO: [Vivado 12-4149] The synthesis checkpoint for IP 'D:/cpu-design/miniRV-with-SoC/src/rtl/ip/axi_protocol_converter_0/axi_protocol_converter_0.xci' is already up-to-date
INFO: [Vivado 12-4149] The synthesis checkpoint for IP 'D:/cpu-design/miniRV-with-SoC/src/rtl/ip/axi_gpio_3/axi_gpio_3.xci' is already up-to-date
INFO: [Vivado 12-4149] The synthesis checkpoint for IP 'D:/cpu-design/miniRV-with-SoC/src/rtl/ip/axi_gpio_2/axi_gpio_2.xci' is already up-to-date
INFO: [Vivado 12-4149] The synthesis checkpoint for IP 'D:/cpu-design/miniRV-with-SoC/src/rtl/ip/axi_uartlite_0/axi_uartlite_0.xci' is already up-to-date
INFO: [Vivado 12-4149] The synthesis checkpoint for IP 'D:/cpu-design/miniRV-with-SoC/src/rtl/ip/axi_gpio_0/axi_gpio_0.xci' is already up-to-date
INFO: [Vivado 12-4149] The synthesis checkpoint for IP 'D:/cpu-design/miniRV-with-SoC/src/rtl/ip/axi_crossbar_0/axi_crossbar_0.xci' is already up-to-date
INFO: [Vivado 12-4149] The synthesis checkpoint for IP 'D:/cpu-design/miniRV-with-SoC/src/rtl/ip/blk_mem_gen_1/blk_mem_gen_1.xci' is already up-to-date
INFO: [Vivado 12-4149] The synthesis checkpoint for IP 'D:/cpu-design/miniRV-with-SoC/src/rtl/ip/clk_wiz_0/clk_wiz_0.xci' is already up-to-date
[Thu Jul 30 14:07:40 2026] Launched bram_axi_synth_1...
Run output will be captured here: D:/cpu-design/miniRV-with-SoC/miniRV.runs/bram_axi_synth_1/runme.log
[Thu Jul 30 14:07:40 2026] Launched synth_1...
Run output will be captured here: D:/cpu-design/miniRV-with-SoC/miniRV.runs/synth_1/runme.log
launch_runs impl_1
INFO: [Vivado 12-4149] The synthesis checkpoint for IP 'D:/cpu-design/miniRV-with-SoC/src/rtl/ip/axi_protocol_converter_0/axi_protocol_converter_0.xci' is already up-to-date
INFO: [Vivado 12-4149] The synthesis checkpoint for IP 'D:/cpu-design/miniRV-with-SoC/src/rtl/ip/axi_gpio_3/axi_gpio_3.xci' is already up-to-date
INFO: [Vivado 12-4149] The synthesis checkpoint for IP 'D:/cpu-design/miniRV-with-SoC/src/rtl/ip/axi_gpio_2/axi_gpio_2.xci' is already up-to-date
INFO: [Vivado 12-4149] The synthesis checkpoint for IP 'D:/cpu-design/miniRV-with-SoC/src/rtl/ip/axi_uartlite_0/axi_uartlite_0.xci' is already up-to-date
INFO: [Vivado 12-4149] The synthesis checkpoint for IP 'D:/cpu-design/miniRV-with-SoC/src/rtl/ip/axi_gpio_0/axi_gpio_0.xci' is already up-to-date
INFO: [Vivado 12-4149] The synthesis checkpoint for IP 'D:/cpu-design/miniRV-with-SoC/src/rtl/ip/axi_crossbar_0/axi_crossbar_0.xci' is already up-to-date
INFO: [Vivado 12-4149] The synthesis checkpoint for IP 'D:/cpu-design/miniRV-with-SoC/src/rtl/ip/blk_mem_gen_1/blk_mem_gen_1.xci' is already up-to-date
INFO: [Vivado 12-4149] The synthesis checkpoint for IP 'D:/cpu-design/miniRV-with-SoC/src/rtl/ip/clk_wiz_0/clk_wiz_0.xci' is already up-to-date
[Thu Jul 30 14:11:46 2026] Launched impl_1...
Run output will be captured here: D:/cpu-design/miniRV-with-SoC/miniRV.runs/impl_1/runme.log
launch_runs impl_1 -to_step write_bitstream
INFO: [Vivado 12-4149] The synthesis checkpoint for IP 'D:/cpu-design/miniRV-with-SoC/src/rtl/ip/axi_protocol_converter_0/axi_protocol_converter_0.xci' is already up-to-date
INFO: [Vivado 12-4149] The synthesis checkpoint for IP 'D:/cpu-design/miniRV-with-SoC/src/rtl/ip/axi_gpio_3/axi_gpio_3.xci' is already up-to-date
INFO: [Vivado 12-4149] The synthesis checkpoint for IP 'D:/cpu-design/miniRV-with-SoC/src/rtl/ip/axi_gpio_2/axi_gpio_2.xci' is already up-to-date
INFO: [Vivado 12-4149] The synthesis checkpoint for IP 'D:/cpu-design/miniRV-with-SoC/src/rtl/ip/axi_uartlite_0/axi_uartlite_0.xci' is already up-to-date
INFO: [Vivado 12-4149] The synthesis checkpoint for IP 'D:/cpu-design/miniRV-with-SoC/src/rtl/ip/axi_gpio_0/axi_gpio_0.xci' is already up-to-date
INFO: [Vivado 12-4149] The synthesis checkpoint for IP 'D:/cpu-design/miniRV-with-SoC/src/rtl/ip/axi_crossbar_0/axi_crossbar_0.xci' is already up-to-date
INFO: [Vivado 12-4149] The synthesis checkpoint for IP 'D:/cpu-design/miniRV-with-SoC/src/rtl/ip/blk_mem_gen_1/blk_mem_gen_1.xci' is already up-to-date
INFO: [Vivado 12-4149] The synthesis checkpoint for IP 'D:/cpu-design/miniRV-with-SoC/src/rtl/ip/clk_wiz_0/clk_wiz_0.xci' is already up-to-date
[Thu Jul 30 14:15:00 2026] Launched impl_1...
Run output will be captured here: D:/cpu-design/miniRV-with-SoC/miniRV.runs/impl_1/runme.log
open_hw_manager
connect_hw_server -allow_non_jtag
INFO: [Labtools 27-2285] Connecting to hw_server url TCP:localhost:3121
INFO: [Labtools 27-2222] Launching hw_server...
INFO: [Labtools 27-2221] Launch Output:

****** Xilinx hw_server v2025.1
  **** Build date : May  6 2025 at 09:15:36
    ** Copyright 1986-2022 Xilinx, Inc. All Rights Reserved.


INFO: [Labtools 27-3415] Connecting to cs_server url TCP:localhost:0
INFO: [Labtools 27-3417] Launching cs_server...
INFO: [Labtools 27-2221] Launch Output:


******** Xilinx cs_server v2025.1.0
  ****** Build date   : May 14 2025-03:15:27
    **** Build number : 2025.1.1747163727
      ** Copyright 2017-2022 Xilinx, Inc. All Rights Reserved.
      ** Copyright 2022-2026 Advanced Micro Devices, Inc. All Rights Reserved.



connect_hw_server: Time (s): cpu = 00:00:00 ; elapsed = 00:00:07 . Memory (MB): peak = 1848.793 ; gain = 0.000
open_hw_target
INFO: [Labtoolstcl 44-466] Opening hw_target localhost:3121/xilinx_tcf/Xilinx/1234-tulA
set_property PROGRAM.FILE {D:/cpu-design/miniRV-with-SoC/miniRV.runs/impl_1/miniRV_SoC.bit} [get_hw_devices xc7a35t_0]
current_hw_device [get_hw_devices xc7a35t_0]
refresh_hw_device -update_hw_probes false [lindex [get_hw_devices xc7a35t_0] 0]
INFO: [Labtools 27-1435] Device xc7a35t (JTAG device index = 0) is not programmed (DONE status = 0).
set_property PROBES.FILE {} [get_hw_devices xc7a35t_0]
set_property FULL_PROBES.FILE {} [get_hw_devices xc7a35t_0]
set_property PROGRAM.FILE {D:/cpu-design/miniRV-with-SoC/miniRV.runs/impl_1/miniRV_SoC.bit} [get_hw_devices xc7a35t_0]
program_hw_devices [get_hw_devices xc7a35t_0]
INFO: [Labtools 27-3164] End of startup status: HIGH
refresh_hw_device [lindex [get_hw_devices xc7a35t_0] 0]
INFO: [Labtools 27-1434] Device xc7a35t (JTAG device index = 0) is programmed with a design that has no supported debug core(s) in it.
WARNING: [IP_Flow 19-4067] Ignoring invalid widget type specified checkbox.Providing a default widget
WARNING: [IP_Flow 19-4067] Ignoring invalid widget type specified checkbox.Providing a default widget
INFO: [IP_Flow 19-3484] Absolute path of file 'd:/cpu-design/miniRV-with-SoC/src/coe/main.coe' provided. It will be converted relative to IP Instance files '../../../../src/coe/main.coe'
set_property CONFIG.Coe_File {D:/cpu-design/miniRV-with-SoC/src/coe/main.coe} [get_ips bram_axi]
INFO: [IP_Flow 19-3484] Absolute path of file 'd:/cpu-design/miniRV-with-SoC/src/coe/main.coe' provided. It will be converted relative to IP Instance files '../../../coe/main.coe'
generate_target all [get_files  D:/cpu-design/miniRV-with-SoC/src/rtl/ip/bram_axi/bram_axi.xci]
INFO: [IP_Flow 19-1686] Generating 'Instantiation Template' target for IP 'bram_axi'...
INFO: [IP_Flow 19-1686] Generating 'Synthesis' target for IP 'bram_axi'...
INFO: [IP_Flow 19-1686] Generating 'Simulation' target for IP 'bram_axi'...
INFO: [IP_Flow 19-1686] Generating 'Miscellaneous' target for IP 'bram_axi'...
INFO: [IP_Flow 19-1686] Generating 'Change Log' target for IP 'bram_axi'...
catch { config_ip_cache -export [get_ips -all bram_axi] }
export_ip_user_files -of_objects [get_files D:/cpu-design/miniRV-with-SoC/src/rtl/ip/bram_axi/bram_axi.xci] -no_script -sync -force -quiet
reset_run bram_axi_synth_1
launch_runs bram_axi_synth_1
[Thu Jul 30 14:30:02 2026] Launched bram_axi_synth_1...
Run output will be captured here: D:/cpu-design/miniRV-with-SoC/miniRV.runs/bram_axi_synth_1/runme.log
export_simulation -lib_map_path [list {modelsim=D:/cpu-design/miniRV-with-SoC/miniRV.cache/compile_simlib/modelsim} {questa=D:/cpu-design/miniRV-with-SoC/miniRV.cache/compile_simlib/questa} {riviera=D:/cpu-design/miniRV-with-SoC/miniRV.cache/compile_simlib/riviera} {activehdl=D:/cpu-design/miniRV-with-SoC/miniRV.cache/compile_simlib/activehdl}] -of_objects [get_files D:/cpu-design/miniRV-with-SoC/src/rtl/ip/bram_axi/bram_axi.xci] -directory D:/cpu-design/miniRV-with-SoC/miniRV.ip_user_files/sim_scripts -ip_user_files_dir D:/cpu-design/miniRV-with-SoC/miniRV.ip_user_files -ipstatic_source_dir D:/cpu-design/miniRV-with-SoC/miniRV.ip_user_files/ipstatic -use_ip_compiled_libs -force -quiet
WARNING: [IP_Flow 19-4067] Ignoring invalid widget type specified checkbox.Providing a default widget
WARNING: [IP_Flow 19-4067] Ignoring invalid widget type specified checkbox.Providing a default widget
reset_run synth_1
WARNING: [Vivado 12-1017] Problems encountered:
1. Failed to delete one or more files in run directory D:/cpu-design/miniRV-with-SoC/miniRV.runs/synth_1

launch_runs impl_1 -to_step write_bitstream
INFO: [Vivado 12-4149] The synthesis checkpoint for IP 'D:/cpu-design/miniRV-with-SoC/src/rtl/ip/axi_protocol_converter_0/axi_protocol_converter_0.xci' is already up-to-date
INFO: [Vivado 12-4149] The synthesis checkpoint for IP 'D:/cpu-design/miniRV-with-SoC/src/rtl/ip/axi_gpio_3/axi_gpio_3.xci' is already up-to-date
INFO: [Vivado 12-4149] The synthesis checkpoint for IP 'D:/cpu-design/miniRV-with-SoC/src/rtl/ip/axi_gpio_2/axi_gpio_2.xci' is already up-to-date
INFO: [Vivado 12-4149] The synthesis checkpoint for IP 'D:/cpu-design/miniRV-with-SoC/src/rtl/ip/axi_uartlite_0/axi_uartlite_0.xci' is already up-to-date
INFO: [Vivado 12-4149] The synthesis checkpoint for IP 'D:/cpu-design/miniRV-with-SoC/src/rtl/ip/axi_gpio_0/axi_gpio_0.xci' is already up-to-date
INFO: [Vivado 12-4149] The synthesis checkpoint for IP 'D:/cpu-design/miniRV-with-SoC/src/rtl/ip/axi_crossbar_0/axi_crossbar_0.xci' is already up-to-date
INFO: [Vivado 12-4149] The synthesis checkpoint for IP 'D:/cpu-design/miniRV-with-SoC/src/rtl/ip/blk_mem_gen_1/blk_mem_gen_1.xci' is already up-to-date
INFO: [Vivado 12-4149] The synthesis checkpoint for IP 'D:/cpu-design/miniRV-with-SoC/src/rtl/ip/clk_wiz_0/clk_wiz_0.xci' is already up-to-date
[Thu Jul 30 14:30:27 2026] Launched bram_axi_synth_1, synth_1...
Run output will be captured here:
bram_axi_synth_1: D:/cpu-design/miniRV-with-SoC/miniRV.runs/bram_axi_synth_1/runme.log
synth_1: D:/cpu-design/miniRV-with-SoC/miniRV.runs/synth_1/runme.log
[Thu Jul 30 14:30:27 2026] Launched impl_1...
Run output will be captured here: D:/cpu-design/miniRV-with-SoC/miniRV.runs/impl_1/runme.log
reset_run impl_1
launch_runs impl_1
INFO: [Vivado 12-4149] The synthesis checkpoint for IP 'D:/cpu-design/miniRV-with-SoC/src/rtl/ip/axi_protocol_converter_0/axi_protocol_converter_0.xci' is already up-to-date
INFO: [Vivado 12-4149] The synthesis checkpoint for IP 'D:/cpu-design/miniRV-with-SoC/src/rtl/ip/axi_gpio_3/axi_gpio_3.xci' is already up-to-date
INFO: [Vivado 12-4149] The synthesis checkpoint for IP 'D:/cpu-design/miniRV-with-SoC/src/rtl/ip/axi_gpio_2/axi_gpio_2.xci' is already up-to-date
INFO: [Vivado 12-4149] The synthesis checkpoint for IP 'D:/cpu-design/miniRV-with-SoC/src/rtl/ip/axi_uartlite_0/axi_uartlite_0.xci' is already up-to-date
INFO: [Vivado 12-4149] The synthesis checkpoint for IP 'D:/cpu-design/miniRV-with-SoC/src/rtl/ip/axi_gpio_0/axi_gpio_0.xci' is already up-to-date
INFO: [Vivado 12-4149] The synthesis checkpoint for IP 'D:/cpu-design/miniRV-with-SoC/src/rtl/ip/axi_crossbar_0/axi_crossbar_0.xci' is already up-to-date
INFO: [Vivado 12-4149] The synthesis checkpoint for IP 'D:/cpu-design/miniRV-with-SoC/src/rtl/ip/blk_mem_gen_1/blk_mem_gen_1.xci' is already up-to-date
INFO: [Vivado 12-4149] The synthesis checkpoint for IP 'D:/cpu-design/miniRV-with-SoC/src/rtl/ip/clk_wiz_0/clk_wiz_0.xci' is already up-to-date
[Thu Jul 30 14:33:27 2026] Launched impl_1...
Run output will be captured here: D:/cpu-design/miniRV-with-SoC/miniRV.runs/impl_1/runme.log
launch_runs impl_1 -to_step write_bitstream
INFO: [Vivado 12-4149] The synthesis checkpoint for IP 'D:/cpu-design/miniRV-with-SoC/src/rtl/ip/axi_protocol_converter_0/axi_protocol_converter_0.xci' is already up-to-date
INFO: [Vivado 12-4149] The synthesis checkpoint for IP 'D:/cpu-design/miniRV-with-SoC/src/rtl/ip/axi_gpio_3/axi_gpio_3.xci' is already up-to-date
INFO: [Vivado 12-4149] The synthesis checkpoint for IP 'D:/cpu-design/miniRV-with-SoC/src/rtl/ip/axi_gpio_2/axi_gpio_2.xci' is already up-to-date
INFO: [Vivado 12-4149] The synthesis checkpoint for IP 'D:/cpu-design/miniRV-with-SoC/src/rtl/ip/axi_uartlite_0/axi_uartlite_0.xci' is already up-to-date
INFO: [Vivado 12-4149] The synthesis checkpoint for IP 'D:/cpu-design/miniRV-with-SoC/src/rtl/ip/axi_gpio_0/axi_gpio_0.xci' is already up-to-date
INFO: [Vivado 12-4149] The synthesis checkpoint for IP 'D:/cpu-design/miniRV-with-SoC/src/rtl/ip/axi_crossbar_0/axi_crossbar_0.xci' is already up-to-date
INFO: [Vivado 12-4149] The synthesis checkpoint for IP 'D:/cpu-design/miniRV-with-SoC/src/rtl/ip/blk_mem_gen_1/blk_mem_gen_1.xci' is already up-to-date
INFO: [Vivado 12-4149] The synthesis checkpoint for IP 'D:/cpu-design/miniRV-with-SoC/src/rtl/ip/clk_wiz_0/clk_wiz_0.xci' is already up-to-date
[Thu Jul 30 14:35:26 2026] Launched impl_1...
Run output will be captured here: D:/cpu-design/miniRV-with-SoC/miniRV.runs/impl_1/runme.log
set_property PROBES.FILE {} [get_hw_devices xc7a35t_0]
set_property FULL_PROBES.FILE {} [get_hw_devices xc7a35t_0]
set_property PROGRAM.FILE {D:/cpu-design/miniRV-with-SoC/miniRV.runs/impl_1/miniRV_SoC.bit} [get_hw_devices xc7a35t_0]
program_hw_devices [get_hw_devices xc7a35t_0]
INFO: [Labtools 27-3164] End of startup status: HIGH
refresh_hw_device [lindex [get_hw_devices xc7a35t_0] 0]
INFO: [Labtools 27-1434] Device xc7a35t (JTAG device index = 0) is programmed with a design that has no supported debug core(s) in it.
set_property PROBES.FILE {} [get_hw_devices xc7a35t_0]
set_property FULL_PROBES.FILE {} [get_hw_devices xc7a35t_0]
set_property PROGRAM.FILE {D:/downloads/lab2_IOtest_miniRV_ego1.bit} [get_hw_devices xc7a35t_0]
program_hw_devices [get_hw_devices xc7a35t_0]
INFO: [Labtools 27-3164] End of startup status: HIGH
refresh_hw_device [lindex [get_hw_devices xc7a35t_0] 0]
INFO: [Labtools 27-1434] Device xc7a35t (JTAG device index = 0) is programmed with a design that has no supported debug core(s) in it.
WARNING: [IP_Flow 19-4067] Ignoring invalid widget type specified checkbox.Providing a default widget
WARNING: [IP_Flow 19-4067] Ignoring invalid widget type specified checkbox.Providing a default widget
INFO: [IP_Flow 19-3484] Absolute path of file 'd:/cpu-design/miniRV-with-SoC/src/coe/main.coe' provided. It will be converted relative to IP Instance files '../../../../src/coe/main.coe'
set_property CONFIG.Coe_File {D:/cpu-design/miniRV-with-SoC/src/coe/main.coe} [get_ips bram_axi]
INFO: [IP_Flow 19-3484] Absolute path of file 'd:/cpu-design/miniRV-with-SoC/src/coe/main.coe' provided. It will be converted relative to IP Instance files '../../../coe/main.coe'
generate_target all [get_files  D:/cpu-design/miniRV-with-SoC/src/rtl/ip/bram_axi/bram_axi.xci]
INFO: [IP_Flow 19-1686] Generating 'Instantiation Template' target for IP 'bram_axi'...
INFO: [IP_Flow 19-1686] Generating 'Synthesis' target for IP 'bram_axi'...
INFO: [IP_Flow 19-1686] Generating 'Simulation' target for IP 'bram_axi'...
INFO: [IP_Flow 19-1686] Generating 'Miscellaneous' target for IP 'bram_axi'...
INFO: [IP_Flow 19-1686] Generating 'Change Log' target for IP 'bram_axi'...
catch { config_ip_cache -export [get_ips -all bram_axi] }
export_ip_user_files -of_objects [get_files D:/cpu-design/miniRV-with-SoC/src/rtl/ip/bram_axi/bram_axi.xci] -no_script -sync -force -quiet
reset_run bram_axi_synth_1
launch_runs bram_axi_synth_1
[Thu Jul 30 14:57:40 2026] Launched bram_axi_synth_1...
Run output will be captured here: D:/cpu-design/miniRV-with-SoC/miniRV.runs/bram_axi_synth_1/runme.log
export_simulation -lib_map_path [list {modelsim=D:/cpu-design/miniRV-with-SoC/miniRV.cache/compile_simlib/modelsim} {questa=D:/cpu-design/miniRV-with-SoC/miniRV.cache/compile_simlib/questa} {riviera=D:/cpu-design/miniRV-with-SoC/miniRV.cache/compile_simlib/riviera} {activehdl=D:/cpu-design/miniRV-with-SoC/miniRV.cache/compile_simlib/activehdl}] -of_objects [get_files D:/cpu-design/miniRV-with-SoC/src/rtl/ip/bram_axi/bram_axi.xci] -directory D:/cpu-design/miniRV-with-SoC/miniRV.ip_user_files/sim_scripts -ip_user_files_dir D:/cpu-design/miniRV-with-SoC/miniRV.ip_user_files -ipstatic_source_dir D:/cpu-design/miniRV-with-SoC/miniRV.ip_user_files/ipstatic -use_ip_compiled_libs -force -quiet
reset_run synth_1
WARNING: [Vivado 12-1017] Problems encountered:
1. Failed to delete one or more files in run directory D:/cpu-design/miniRV-with-SoC/miniRV.runs/synth_1

launch_runs impl_1 -to_step write_bitstream
INFO: [Vivado 12-4149] The synthesis checkpoint for IP 'D:/cpu-design/miniRV-with-SoC/src/rtl/ip/axi_protocol_converter_0/axi_protocol_converter_0.xci' is already up-to-date
INFO: [Vivado 12-4149] The synthesis checkpoint for IP 'D:/cpu-design/miniRV-with-SoC/src/rtl/ip/axi_gpio_3/axi_gpio_3.xci' is already up-to-date
INFO: [Vivado 12-4149] The synthesis checkpoint for IP 'D:/cpu-design/miniRV-with-SoC/src/rtl/ip/axi_gpio_2/axi_gpio_2.xci' is already up-to-date
INFO: [Vivado 12-4149] The synthesis checkpoint for IP 'D:/cpu-design/miniRV-with-SoC/src/rtl/ip/axi_uartlite_0/axi_uartlite_0.xci' is already up-to-date
INFO: [Vivado 12-4149] The synthesis checkpoint for IP 'D:/cpu-design/miniRV-with-SoC/src/rtl/ip/axi_gpio_0/axi_gpio_0.xci' is already up-to-date
INFO: [Vivado 12-4149] The synthesis checkpoint for IP 'D:/cpu-design/miniRV-with-SoC/src/rtl/ip/axi_crossbar_0/axi_crossbar_0.xci' is already up-to-date
INFO: [Vivado 12-4149] The synthesis checkpoint for IP 'D:/cpu-design/miniRV-with-SoC/src/rtl/ip/blk_mem_gen_1/blk_mem_gen_1.xci' is already up-to-date
INFO: [Vivado 12-4149] The synthesis checkpoint for IP 'D:/cpu-design/miniRV-with-SoC/src/rtl/ip/clk_wiz_0/clk_wiz_0.xci' is already up-to-date
[Thu Jul 30 14:57:47 2026] Launched bram_axi_synth_1, synth_1...
Run output will be captured here:
bram_axi_synth_1: D:/cpu-design/miniRV-with-SoC/miniRV.runs/bram_axi_synth_1/runme.log
synth_1: D:/cpu-design/miniRV-with-SoC/miniRV.runs/synth_1/runme.log
[Thu Jul 30 14:57:48 2026] Launched impl_1...
Run output will be captured here: D:/cpu-design/miniRV-with-SoC/miniRV.runs/impl_1/runme.log
set_property PROBES.FILE {} [get_hw_devices xc7a35t_0]
set_property FULL_PROBES.FILE {} [get_hw_devices xc7a35t_0]
set_property PROGRAM.FILE {D:/downloads/lab2_IOtest_miniRV_ego1.bit} [get_hw_devices xc7a35t_0]
program_hw_devices [get_hw_devices xc7a35t_0]
INFO: [Labtools 27-3164] End of startup status: HIGH
refresh_hw_device [lindex [get_hw_devices xc7a35t_0] 0]
INFO: [Labtools 27-1434] Device xc7a35t (JTAG device index = 0) is programmed with a design that has no supported debug core(s) in it.
set_property PROBES.FILE {} [get_hw_devices xc7a35t_0]
set_property FULL_PROBES.FILE {} [get_hw_devices xc7a35t_0]
set_property PROGRAM.FILE {D:/cpu-design/miniRV-with-SoC/miniRV.runs/impl_1/miniRV_SoC.bit} [get_hw_devices xc7a35t_0]
program_hw_devices [get_hw_devices xc7a35t_0]
INFO: [Labtools 27-3164] End of startup status: HIGH
refresh_hw_device [lindex [get_hw_devices xc7a35t_0] 0]
INFO: [Labtools 27-1434] Device xc7a35t (JTAG device index = 0) is programmed with a design that has no supported debug core(s) in it.
set_property PROBES.FILE {} [get_hw_devices xc7a35t_0]
set_property FULL_PROBES.FILE {} [get_hw_devices xc7a35t_0]
set_property PROGRAM.FILE {D:/ctest/test0.bit} [get_hw_devices xc7a35t_0]
program_hw_devices [get_hw_devices xc7a35t_0]
INFO: [Labtools 27-3164] End of startup status: HIGH
refresh_hw_device [lindex [get_hw_devices xc7a35t_0] 0]
INFO: [Labtools 27-1434] Device xc7a35t (JTAG device index = 0) is programmed with a design that has no supported debug core(s) in it.
set_property PROBES.FILE {} [get_hw_devices xc7a35t_0]
set_property FULL_PROBES.FILE {} [get_hw_devices xc7a35t_0]
set_property PROGRAM.FILE {D:/ctest/test1.bit} [get_hw_devices xc7a35t_0]
program_hw_devices [get_hw_devices xc7a35t_0]
INFO: [Labtools 27-3164] End of startup status: HIGH
refresh_hw_device [lindex [get_hw_devices xc7a35t_0] 0]
INFO: [Labtools 27-1434] Device xc7a35t (JTAG device index = 0) is programmed with a design that has no supported debug core(s) in it.
set_property PROBES.FILE {} [get_hw_devices xc7a35t_0]
set_property FULL_PROBES.FILE {} [get_hw_devices xc7a35t_0]
set_property PROGRAM.FILE {D:/ctest/test2.bit} [get_hw_devices xc7a35t_0]
program_hw_devices [get_hw_devices xc7a35t_0]
INFO: [Labtools 27-3164] End of startup status: HIGH
refresh_hw_device [lindex [get_hw_devices xc7a35t_0] 0]
INFO: [Labtools 27-1434] Device xc7a35t (JTAG device index = 0) is programmed with a design that has no supported debug core(s) in it.
set_property PROBES.FILE {} [get_hw_devices xc7a35t_0]
set_property FULL_PROBES.FILE {} [get_hw_devices xc7a35t_0]
set_property PROGRAM.FILE {D:/cpu-design/miniRV-with-SoC/miniRV.runs/impl_1/miniRV_SoC.bit} [get_hw_devices xc7a35t_0]
program_hw_devices [get_hw_devices xc7a35t_0]
INFO: [Labtools 27-3164] End of startup status: HIGH
refresh_hw_device [lindex [get_hw_devices xc7a35t_0] 0]
INFO: [Labtools 27-1434] Device xc7a35t (JTAG device index = 0) is programmed with a design that has no supported debug core(s) in it.
WARNING: [IP_Flow 19-4067] Ignoring invalid widget type specified checkbox.Providing a default widget
WARNING: [IP_Flow 19-4067] Ignoring invalid widget type specified checkbox.Providing a default widget
INFO: [IP_Flow 19-3484] Absolute path of file 'd:/cpu-design/miniRV-with-SoC/src/coe/main.coe' provided. It will be converted relative to IP Instance files '../../../../src/coe/main.coe'
set_property CONFIG.Coe_File {D:/cpu-design/miniRV-with-SoC/src/coe/main.coe} [get_ips bram_axi]
INFO: [IP_Flow 19-3484] Absolute path of file 'd:/cpu-design/miniRV-with-SoC/src/coe/main.coe' provided. It will be converted relative to IP Instance files '../../../coe/main.coe'
generate_target all [get_files  D:/cpu-design/miniRV-with-SoC/src/rtl/ip/bram_axi/bram_axi.xci]
INFO: [IP_Flow 19-1686] Generating 'Instantiation Template' target for IP 'bram_axi'...
INFO: [IP_Flow 19-1686] Generating 'Synthesis' target for IP 'bram_axi'...
INFO: [IP_Flow 19-1686] Generating 'Simulation' target for IP 'bram_axi'...
INFO: [IP_Flow 19-1686] Generating 'Miscellaneous' target for IP 'bram_axi'...
INFO: [IP_Flow 19-1686] Generating 'Change Log' target for IP 'bram_axi'...
catch { config_ip_cache -export [get_ips -all bram_axi] }
INFO: [IP_Flow 19-4993] Using cached IP synthesis design for IP bram_axi, cache-ID = 08f21c8fd82e12fc; cache size = 31.879 MB.
catch { [ delete_ip_run [get_ips -all bram_axi] ] }
INFO: [Project 1-386] Moving file 'D:/cpu-design/miniRV-with-SoC/src/rtl/ip/bram_axi/bram_axi.xci' from fileset 'bram_axi' to fileset 'sources_1'.
export_ip_user_files -of_objects [get_files D:/cpu-design/miniRV-with-SoC/src/rtl/ip/bram_axi/bram_axi.xci] -no_script -sync -force -quiet
create_ip_run [get_files -of_objects [get_fileset sources_1] D:/cpu-design/miniRV-with-SoC/src/rtl/ip/bram_axi/bram_axi.xci]
INFO: [Vivado 12-3453] The given sub-design is up-to-date, no action was taken.  If a run is still desired, use the '-force' option for the file:'D:/cpu-design/miniRV-with-SoC/src/rtl/ip/bram_axi/bram_axi.xci'
export_simulation -lib_map_path [list {modelsim=D:/cpu-design/miniRV-with-SoC/miniRV.cache/compile_simlib/modelsim} {questa=D:/cpu-design/miniRV-with-SoC/miniRV.cache/compile_simlib/questa} {riviera=D:/cpu-design/miniRV-with-SoC/miniRV.cache/compile_simlib/riviera} {activehdl=D:/cpu-design/miniRV-with-SoC/miniRV.cache/compile_simlib/activehdl}] -of_objects [get_files D:/cpu-design/miniRV-with-SoC/src/rtl/ip/bram_axi/bram_axi.xci] -directory D:/cpu-design/miniRV-with-SoC/miniRV.ip_user_files/sim_scripts -ip_user_files_dir D:/cpu-design/miniRV-with-SoC/miniRV.ip_user_files -ipstatic_source_dir D:/cpu-design/miniRV-with-SoC/miniRV.ip_user_files/ipstatic -use_ip_compiled_libs -force -quiet
update_compile_order -fileset sources_1
reset_run synth_1
launch_runs impl_1 -to_step write_bitstream
INFO: [Vivado 12-4149] The synthesis checkpoint for IP 'D:/cpu-design/miniRV-with-SoC/src/rtl/ip/axi_protocol_converter_0/axi_protocol_converter_0.xci' is already up-to-date
INFO: [Vivado 12-4149] The synthesis checkpoint for IP 'D:/cpu-design/miniRV-with-SoC/src/rtl/ip/axi_gpio_3/axi_gpio_3.xci' is already up-to-date
INFO: [Vivado 12-4149] The synthesis checkpoint for IP 'D:/cpu-design/miniRV-with-SoC/src/rtl/ip/axi_gpio_2/axi_gpio_2.xci' is already up-to-date
INFO: [Vivado 12-4149] The synthesis checkpoint for IP 'D:/cpu-design/miniRV-with-SoC/src/rtl/ip/axi_uartlite_0/axi_uartlite_0.xci' is already up-to-date
INFO: [Vivado 12-4149] The synthesis checkpoint for IP 'D:/cpu-design/miniRV-with-SoC/src/rtl/ip/axi_gpio_0/axi_gpio_0.xci' is already up-to-date
INFO: [Vivado 12-4149] The synthesis checkpoint for IP 'D:/cpu-design/miniRV-with-SoC/src/rtl/ip/axi_crossbar_0/axi_crossbar_0.xci' is already up-to-date
INFO: [Vivado 12-4149] The synthesis checkpoint for IP 'D:/cpu-design/miniRV-with-SoC/src/rtl/ip/bram_axi/bram_axi.xci' is already up-to-date
INFO: [Vivado 12-4149] The synthesis checkpoint for IP 'D:/cpu-design/miniRV-with-SoC/src/rtl/ip/blk_mem_gen_1/blk_mem_gen_1.xci' is already up-to-date
INFO: [Vivado 12-4149] The synthesis checkpoint for IP 'D:/cpu-design/miniRV-with-SoC/src/rtl/ip/clk_wiz_0/clk_wiz_0.xci' is already up-to-date
[Thu Jul 30 15:28:41 2026] Launched synth_1...
Run output will be captured here: D:/cpu-design/miniRV-with-SoC/miniRV.runs/synth_1/runme.log
[Thu Jul 30 15:28:42 2026] Launched impl_1...
Run output will be captured here: D:/cpu-design/miniRV-with-SoC/miniRV.runs/impl_1/runme.log
set_property PROBES.FILE {} [get_hw_devices xc7a35t_0]
set_property FULL_PROBES.FILE {} [get_hw_devices xc7a35t_0]
set_property PROGRAM.FILE {D:/cpu-design/miniRV-with-SoC/miniRV.runs/impl_1/miniRV_SoC.bit} [get_hw_devices xc7a35t_0]
program_hw_devices [get_hw_devices xc7a35t_0]
INFO: [Labtools 27-3164] End of startup status: HIGH
refresh_hw_device [lindex [get_hw_devices xc7a35t_0] 0]
INFO: [Labtools 27-1434] Device xc7a35t (JTAG device index = 0) is programmed with a design that has no supported debug core(s) in it.
launch_simulation
Command: launch_simulation 
INFO: [Vivado 12-12493] Simulation top is 'soc_simple_tb'
INFO: [Vivado 12-12490] The selected simulation model for 'axi_crossbar_0' IP changed to 'rtl' from '', the simulation run directory will be deleted.
INFO: [Vivado 12-5698] Checking validity of IPs in the design for the 'XSim' simulator...
INFO: [Vivado 12-5682] Launching behavioral simulation in 'D:/cpu-design/miniRV-with-SoC/miniRV.sim/sim_1/behav/xsim'
INFO: [Vivado 12-13660] Precompiled IP simulation library mode is enabled (default). The design IP libraries will be referenced from the compiled library path. Please note that if the precompiled version of the library is not found from the path or the IP is in locked state, then the library source files for these IPs will be compiled locally as part of the compile order.
INFO: [Vivado 12-4795] Using compiled simulation libraries for IPs
INFO: [SIM-utils-51] Simulation object is 'sim_1'
INFO: [SIM-utils-72] Using boost library from 'D:/vivado/2025.1/Vivado/tps/boost_1_72_0'
INFO: [USF-XSim-7] Finding pre-compiled libraries...
INFO: [USF-XSim-11] File 'D:/vivado/2025.1/Vivado/data/xsim/xsim.ini' copied to run dir:'D:/cpu-design/miniRV-with-SoC/miniRV.sim/sim_1/behav/xsim'
INFO: [SIM-utils-54] Inspecting design source files for 'soc_simple_tb' in fileset 'sim_1'...
INFO: [SIM-utils-43] Exported 'D:/cpu-design/miniRV-with-SoC/miniRV.sim/sim_1/behav/xsim/DRAM.mif'
INFO: [SIM-utils-43] Exported 'D:/cpu-design/miniRV-with-SoC/miniRV.sim/sim_1/behav/xsim/lw.coe'
INFO: [SIM-utils-43] Exported 'D:/cpu-design/miniRV-with-SoC/miniRV.sim/sim_1/behav/xsim/IROM.mif'
INFO: [SIM-utils-43] Exported 'D:/cpu-design/miniRV-with-SoC/miniRV.sim/sim_1/behav/xsim/pipeline_test.coe'
INFO: [SIM-utils-43] Exported 'D:/cpu-design/miniRV-with-SoC/miniRV.sim/sim_1/behav/xsim/bram_axi.mif'
INFO: [SIM-utils-43] Exported 'D:/cpu-design/miniRV-with-SoC/miniRV.sim/sim_1/behav/xsim/main.coe'
INFO: [SIM-utils-43] Exported 'D:/cpu-design/miniRV-with-SoC/miniRV.sim/sim_1/behav/xsim/mul_div_test.coe'
INFO: [USF-XSim-97] Finding global include files...
INFO: [USF-XSim-98] Fetching design files from 'sim_1'...
INFO: [USF-XSim-2] XSim::Compile design
INFO: [USF-XSim-61] Executing 'COMPILE and ANALYZE' step in 'D:/cpu-design/miniRV-with-SoC/miniRV.sim/sim_1/behav/xsim'
"xvlog --incr --relax -prj soc_simple_tb_vlog.prj"
INFO: [VRFC 10-2263] Analyzing Verilog file "D:/cpu-design/miniRV-with-SoC/src/rtl/ip/axi_protocol_converter_0/sim/axi_protocol_converter_0.v" into library xil_defaultlib
INFO: [VRFC 10-311] analyzing module axi_protocol_converter_0
INFO: [VRFC 10-2263] Analyzing Verilog file "D:/cpu-design/miniRV-with-SoC/src/rtl/ip/axi_crossbar_0/sim/axi_crossbar_0.v" into library xil_defaultlib
INFO: [VRFC 10-311] analyzing module axi_crossbar_0
WARNING: [VRFC 10-8772] attribute 'X_INTERFACE_MODE' is already specified; last one will take precedence [D:/cpu-design/miniRV-with-SoC/src/rtl/ip/axi_crossbar_0/sim/axi_crossbar_0.v:210]
WARNING: [VRFC 10-8772] attribute 'X_INTERFACE_PARAMETER' is already specified; last one will take precedence [D:/cpu-design/miniRV-with-SoC/src/rtl/ip/axi_crossbar_0/sim/axi_crossbar_0.v:211]
WARNING: [VRFC 10-8772] attribute 'X_INTERFACE_MODE' is already specified; last one will take precedence [D:/cpu-design/miniRV-with-SoC/src/rtl/ip/axi_crossbar_0/sim/axi_crossbar_0.v:213]
WARNING: [VRFC 10-8772] attribute 'X_INTERFACE_PARAMETER' is already specified; last one will take precedence [D:/cpu-design/miniRV-with-SoC/src/rtl/ip/axi_crossbar_0/sim/axi_crossbar_0.v:214]
WARNING: [VRFC 10-8772] attribute 'X_INTERFACE_MODE' is already specified; last one will take precedence [D:/cpu-design/miniRV-with-SoC/src/rtl/ip/axi_crossbar_0/sim/axi_crossbar_0.v:216]
WARNING: [VRFC 10-8772] attribute 'X_INTERFACE_PARAMETER' is already specified; last one will take precedence [D:/cpu-design/miniRV-with-SoC/src/rtl/ip/axi_crossbar_0/sim/axi_crossbar_0.v:217]
WARNING: [VRFC 10-8772] attribute 'X_INTERFACE_MODE' is already specified; last one will take precedence [D:/cpu-design/miniRV-with-SoC/src/rtl/ip/axi_crossbar_0/sim/axi_crossbar_0.v:219]
WARNING: [VRFC 10-8772] attribute 'X_INTERFACE_PARAMETER' is already specified; last one will take precedence [D:/cpu-design/miniRV-with-SoC/src/rtl/ip/axi_crossbar_0/sim/axi_crossbar_0.v:220]
WARNING: [VRFC 10-8772] attribute 'X_INTERFACE_MODE' is already specified; last one will take precedence [D:/cpu-design/miniRV-with-SoC/src/rtl/ip/axi_crossbar_0/sim/axi_crossbar_0.v:222]
WARNING: [VRFC 10-8772] attribute 'X_INTERFACE_PARAMETER' is already specified; last one will take precedence [D:/cpu-design/miniRV-with-SoC/src/rtl/ip/axi_crossbar_0/sim/axi_crossbar_0.v:223]
INFO: [VRFC 10-2263] Analyzing Verilog file "D:/cpu-design/miniRV-with-SoC/src/rtl/ip/bram_axi/sim/bram_axi.v" into library xil_defaultlib
INFO: [VRFC 10-311] analyzing module bram_axi
INFO: [VRFC 10-2263] Analyzing Verilog file "D:/cpu-design/miniRV-with-SoC/miniRV.gen/sources_1/ip/blk_mem_gen_1/sim/blk_mem_gen_1.v" into library xil_defaultlib
INFO: [VRFC 10-311] analyzing module blk_mem_gen_1
INFO: [VRFC 10-2263] Analyzing Verilog file "D:/cpu-design/miniRV-with-SoC/miniRV.gen/sources_1/ip/clk_wiz_0/clk_wiz_0_clk_wiz.v" into library xil_defaultlib
INFO: [VRFC 10-311] analyzing module clk_wiz_0_clk_wiz
INFO: [VRFC 10-2263] Analyzing Verilog file "D:/cpu-design/miniRV-with-SoC/miniRV.gen/sources_1/ip/clk_wiz_0/clk_wiz_0.v" into library xil_defaultlib
INFO: [VRFC 10-311] analyzing module clk_wiz_0
INFO: [VRFC 10-2263] Analyzing Verilog file "D:/cpu-design/miniRV-with-SoC/src/rtl/ALU.v" into library xil_defaultlib
INFO: [VRFC 10-311] analyzing module ALU
WARNING: [VRFC 10-3380] identifier 'multi_active' is used before its declaration [D:/cpu-design/miniRV-with-SoC/src/rtl/ALU.v:27]
WARNING: [VRFC 10-3380] identifier 'a_latched' is used before its declaration [D:/cpu-design/miniRV-with-SoC/src/rtl/ALU.v:45]
WARNING: [VRFC 10-3380] identifier 'b_latched' is used before its declaration [D:/cpu-design/miniRV-with-SoC/src/rtl/ALU.v:46]
INFO: [VRFC 10-2263] Analyzing Verilog file "D:/cpu-design/miniRV-with-SoC/src/rtl/Controller.v" into library xil_defaultlib
INFO: [VRFC 10-311] analyzing module Controller
INFO: [VRFC 10-2263] Analyzing Verilog file "D:/cpu-design/miniRV-with-SoC/src/rtl/DCache.v" into library xil_defaultlib
INFO: [VRFC 10-311] analyzing module DCache
INFO: [VRFC 10-2263] Analyzing Verilog file "D:/cpu-design/miniRV-with-SoC/src/rtl/ForwardingUnit.v" into library xil_defaultlib
INFO: [VRFC 10-311] analyzing module ForwardingUnit
INFO: [VRFC 10-2263] Analyzing Verilog file "D:/cpu-design/miniRV-with-SoC/src/rtl/ICache.v" into library xil_defaultlib
INFO: [VRFC 10-311] analyzing module ICache
INFO: [VRFC 10-2263] Analyzing Verilog file "D:/cpu-design/miniRV-with-SoC/src/rtl/MEXT.v" into library xil_defaultlib
INFO: [VRFC 10-311] analyzing module MEXT
INFO: [VRFC 10-2263] Analyzing Verilog file "D:/cpu-design/miniRV-with-SoC/src/rtl/MREQ.v" into library xil_defaultlib
INFO: [VRFC 10-311] analyzing module MREQ
INFO: [VRFC 10-2263] Analyzing Verilog file "D:/cpu-design/miniRV-with-SoC/src/rtl/RF.v" into library xil_defaultlib
INFO: [VRFC 10-311] analyzing module RF
INFO: [VRFC 10-2263] Analyzing Verilog file "D:/cpu-design/miniRV-with-SoC/src/rtl/SEXT.v" into library xil_defaultlib
INFO: [VRFC 10-311] analyzing module SEXT
INFO: [VRFC 10-2263] Analyzing Verilog file "D:/cpu-design/miniRV-with-SoC/src/rtl/axi_master.v" into library xil_defaultlib
INFO: [VRFC 10-311] analyzing module axi_master
INFO: [VRFC 10-2263] Analyzing Verilog file "D:/cpu-design/miniRV-with-SoC/src/rtl/cpu_core.v" into library xil_defaultlib
INFO: [VRFC 10-311] analyzing module cpu_core
WARNING: [VRFC 10-2938] 'ex_mem_rf_we' is already implicitly declared on line 349 [D:/cpu-design/miniRV-with-SoC/src/rtl/cpu_core.v:429]
WARNING: [VRFC 10-2938] 'ex_mem_rd' is already implicitly declared on line 348 [D:/cpu-design/miniRV-with-SoC/src/rtl/cpu_core.v:433]
WARNING: [VRFC 10-2938] 'mem_wb_rf_we' is already implicitly declared on line 351 [D:/cpu-design/miniRV-with-SoC/src/rtl/cpu_core.v:532]
WARNING: [VRFC 10-2938] 'mem_wb_rd' is already implicitly declared on line 350 [D:/cpu-design/miniRV-with-SoC/src/rtl/cpu_core.v:534]
WARNING: [VRFC 10-2938] 'wb_rf_we' is already implicitly declared on line 148 [D:/cpu-design/miniRV-with-SoC/src/rtl/cpu_core.v:602]
WARNING: [VRFC 10-2938] 'wb_rf_wR' is already implicitly declared on line 149 [D:/cpu-design/miniRV-with-SoC/src/rtl/cpu_core.v:603]
WARNING: [VRFC 10-2938] 'wb_rf_wD' is already implicitly declared on line 150 [D:/cpu-design/miniRV-with-SoC/src/rtl/cpu_core.v:604]
WARNING: [VRFC 10-3380] identifier 'flush_f' is used before its declaration [D:/cpu-design/miniRV-with-SoC/src/rtl/cpu_core.v:45]
WARNING: [VRFC 10-3380] identifier 'flush_f' is used before its declaration [D:/cpu-design/miniRV-with-SoC/src/rtl/cpu_core.v:54]
WARNING: [VRFC 10-3380] identifier 'pc_next' is used before its declaration [D:/cpu-design/miniRV-with-SoC/src/rtl/cpu_core.v:55]
WARNING: [VRFC 10-3380] identifier 'stall_f' is used before its declaration [D:/cpu-design/miniRV-with-SoC/src/rtl/cpu_core.v:56]
WARNING: [VRFC 10-3380] identifier 'flush_f' is used before its declaration [D:/cpu-design/miniRV-with-SoC/src/rtl/cpu_core.v:79]
WARNING: [VRFC 10-3380] identifier 'stall_f' is used before its declaration [D:/cpu-design/miniRV-with-SoC/src/rtl/cpu_core.v:84]
WARNING: [VRFC 10-3380] identifier 'flush_d' is used before its declaration [D:/cpu-design/miniRV-with-SoC/src/rtl/cpu_core.v:206]
WARNING: [VRFC 10-3380] identifier 'stall_d' is used before its declaration [D:/cpu-design/miniRV-with-SoC/src/rtl/cpu_core.v:220]
WARNING: [VRFC 10-3380] identifier 'id_fwd_rd1' is used before its declaration [D:/cpu-design/miniRV-with-SoC/src/rtl/cpu_core.v:223]
WARNING: [VRFC 10-3380] identifier 'id_store_data' is used before its declaration [D:/cpu-design/miniRV-with-SoC/src/rtl/cpu_core.v:224]
WARNING: [VRFC 10-3380] identifier 'ex_br' is used before its declaration [D:/cpu-design/miniRV-with-SoC/src/rtl/cpu_core.v:261]
WARNING: [VRFC 10-3380] identifier 'ex_alu_c' is used before its declaration [D:/cpu-design/miniRV-with-SoC/src/rtl/cpu_core.v:266]
WARNING: [VRFC 10-3380] identifier 'mul_div_release' is used before its declaration [D:/cpu-design/miniRV-with-SoC/src/rtl/cpu_core.v:272]
WARNING: [VRFC 10-3380] identifier 'mul_div_release' is used before its declaration [D:/cpu-design/miniRV-with-SoC/src/rtl/cpu_core.v:273]
WARNING: [VRFC 10-3380] identifier 'mul_div_release' is used before its declaration [D:/cpu-design/miniRV-with-SoC/src/rtl/cpu_core.v:285]
WARNING: [VRFC 10-3380] identifier 'stall_f' is used before its declaration [D:/cpu-design/miniRV-with-SoC/src/rtl/cpu_core.v:301]
WARNING: [VRFC 10-3380] identifier 'mul_div_release' is used before its declaration [D:/cpu-design/miniRV-with-SoC/src/rtl/cpu_core.v:313]
WARNING: [VRFC 10-3380] identifier 'ex_mul_div_busy' is used before its declaration [D:/cpu-design/miniRV-with-SoC/src/rtl/cpu_core.v:317]
WARNING: [VRFC 10-3380] identifier 'ex_alu_c' is used before its declaration [D:/cpu-design/miniRV-with-SoC/src/rtl/cpu_core.v:359]
WARNING: [VRFC 10-3380] identifier 'ex_mem_alu_c' is used before its declaration [D:/cpu-design/miniRV-with-SoC/src/rtl/cpu_core.v:361]
WARNING: [VRFC 10-3380] identifier 'wb_forward_data' is used before its declaration [D:/cpu-design/miniRV-with-SoC/src/rtl/cpu_core.v:363]
WARNING: [VRFC 10-3380] identifier 'ex_alu_c' is used before its declaration [D:/cpu-design/miniRV-with-SoC/src/rtl/cpu_core.v:367]
WARNING: [VRFC 10-3380] identifier 'ex_mem_alu_c' is used before its declaration [D:/cpu-design/miniRV-with-SoC/src/rtl/cpu_core.v:369]
WARNING: [VRFC 10-3380] identifier 'wb_forward_data' is used before its declaration [D:/cpu-design/miniRV-with-SoC/src/rtl/cpu_core.v:371]
WARNING: [VRFC 10-3380] identifier 'ex_alu_c' is used before its declaration [D:/cpu-design/miniRV-with-SoC/src/rtl/cpu_core.v:378]
WARNING: [VRFC 10-3380] identifier 'ex_mem_alu_c' is used before its declaration [D:/cpu-design/miniRV-with-SoC/src/rtl/cpu_core.v:380]
WARNING: [VRFC 10-3380] identifier 'ex_mem_rf_wsel' is used before its declaration [D:/cpu-design/miniRV-with-SoC/src/rtl/cpu_core.v:388]
WARNING: [VRFC 10-3380] identifier 'ex_mem_rf_wsel' is used before its declaration [D:/cpu-design/miniRV-with-SoC/src/rtl/cpu_core.v:389]
WARNING: [VRFC 10-3380] identifier 'ex_mem_alu_c' is used before its declaration [D:/cpu-design/miniRV-with-SoC/src/rtl/cpu_core.v:390]
WARNING: [VRFC 10-3380] identifier 'wb_forward_data' is used before its declaration [D:/cpu-design/miniRV-with-SoC/src/rtl/cpu_core.v:395]
WARNING: [VRFC 10-3380] identifier 'wb_forward_data' is used before its declaration [D:/cpu-design/miniRV-with-SoC/src/rtl/cpu_core.v:401]
INFO: [VRFC 10-2263] Analyzing Verilog file "D:/cpu-design/miniRV-with-SoC/src/rtl/cpu_top.v" into library xil_defaultlib
INFO: [VRFC 10-311] analyzing module cpu_top
INFO: [VRFC 10-2263] Analyzing Verilog file "D:/cpu-design/miniRV-with-SoC/src/rtl/display_wrap.v" into library xil_defaultlib
INFO: [VRFC 10-311] analyzing module display_wrap
INFO: [VRFC 10-2263] Analyzing Verilog file "D:/cpu-design/miniRV-with-SoC/src/rtl/divider.v" into library xil_defaultlib
INFO: [VRFC 10-311] analyzing module divider
INFO: [VRFC 10-2263] Analyzing Verilog file "D:/cpu-design/miniRV-with-SoC/src/rtl/miniRV_SoC.v" into library xil_defaultlib
INFO: [VRFC 10-311] analyzing module miniRV_SoC
INFO: [VRFC 10-2263] Analyzing Verilog file "D:/cpu-design/miniRV-with-SoC/src/rtl/multiplier.v" into library xil_defaultlib
INFO: [VRFC 10-311] analyzing module multiplier
WARNING: [VRFC 10-3380] identifier 'O_WID' is used before its declaration [D:/cpu-design/miniRV-with-SoC/src/rtl/multiplier.v:11]
INFO: [VRFC 10-2263] Analyzing Verilog file "D:/cpu-design/miniRV-with-SoC/src/rtl/switch_and_led_wrap.v" into library xil_defaultlib
INFO: [VRFC 10-311] analyzing module switch_wrap
INFO: [VRFC 10-311] analyzing module led_wrap
INFO: [VRFC 10-2263] Analyzing Verilog file "D:/cpu-design/miniRV-with-SoC/src/rtl/timer_wrap.v" into library xil_defaultlib
INFO: [VRFC 10-311] analyzing module timer_wrap
INFO: [VRFC 10-2263] Analyzing Verilog file "D:/cpu-design/miniRV-with-SoC/src/rtl/uart_wrap.v" into library xil_defaultlib
INFO: [VRFC 10-311] analyzing module uart_wrap
INFO: [VRFC 10-2263] Analyzing Verilog file "D:/cpu-design/miniRV-with-SoC/src/sim/soc_simple_tb.v" into library xil_defaultlib
INFO: [VRFC 10-311] analyzing module soc_simple_tb
INFO: [VRFC 10-2263] Analyzing Verilog file "D:/cpu-design/miniRV-with-SoC/miniRV.sim/sim_1/behav/xsim/glbl.v" into library xil_defaultlib
INFO: [VRFC 10-311] analyzing module glbl
"xvhdl --incr --relax -prj soc_simple_tb_vhdl.prj"
INFO: [VRFC 10-163] Analyzing VHDL file "D:/cpu-design/miniRV-with-SoC/src/rtl/ip/axi_gpio_3/sim/axi_gpio_3.vhd" into library xil_defaultlib
INFO: [VRFC 10-3107] analyzing entity 'axi_gpio_3'
INFO: [VRFC 10-163] Analyzing VHDL file "D:/cpu-design/miniRV-with-SoC/src/rtl/ip/axi_gpio_2/sim/axi_gpio_2.vhd" into library xil_defaultlib
INFO: [VRFC 10-3107] analyzing entity 'axi_gpio_2'
INFO: [VRFC 10-163] Analyzing VHDL file "D:/cpu-design/miniRV-with-SoC/src/rtl/ip/axi_gpio_1/sim/axi_gpio_1.vhd" into library xil_defaultlib
INFO: [VRFC 10-3107] analyzing entity 'axi_gpio_1'
INFO: [VRFC 10-163] Analyzing VHDL file "D:/cpu-design/miniRV-with-SoC/src/rtl/ip/axi_uartlite_0/sim/axi_uartlite_0.vhd" into library xil_defaultlib
INFO: [VRFC 10-3107] analyzing entity 'axi_uartlite_0'
INFO: [VRFC 10-163] Analyzing VHDL file "D:/cpu-design/miniRV-with-SoC/src/rtl/ip/axi_gpio_0/sim/axi_gpio_0.vhd" into library xil_defaultlib
INFO: [VRFC 10-3107] analyzing entity 'axi_gpio_0'
run_program: Time (s): cpu = 00:00:00 ; elapsed = 00:00:08 . Memory (MB): peak = 2011.996 ; gain = 0.000
INFO: [USF-XSim-69] 'compile' step finished in '8' seconds
INFO: [USF-XSim-3] XSim::Elaborate design
INFO: [USF-XSim-61] Executing 'ELABORATE' step in 'D:/cpu-design/miniRV-with-SoC/miniRV.sim/sim_1/behav/xsim'
"xelab --incr --debug typical --relax --mt 2 -L xil_defaultlib -L generic_baseblocks_v2_1_2 -L fifo_generator_v13_2_13 -L axi_data_fifo_v2_1_35 -L axi_infrastructure_v1_1_0 -L axi_register_slice_v2_1_35 -L axi_protocol_converter_v2_1_36 -L axi_lite_ipif_v3_0_4 -L interrupt_control_v3_1_5 -L axi_gpio_v2_0_37 -L axi_uartlite_v2_0_39 -L axi_crossbar_v2_1_37 -L blk_mem_gen_v8_4_11 -L unisims_ver -L unimacro_ver -L secureip -L xpm --snapshot soc_simple_tb_behav xil_defaultlib.soc_simple_tb xil_defaultlib.glbl -log elaborate.log"
Vivado Simulator v2025.1.0
Copyright 1986-2022 Xilinx, Inc. All Rights Reserved.
Copyright 2022-2025 Advanced Micro Devices, Inc. All Rights Reserved.
Running: D:/vivado/2025.1/Vivado/bin/unwrapped/win64.o/xelab.exe --incr --debug typical --relax --mt 2 -L xil_defaultlib -L generic_baseblocks_v2_1_2 -L fifo_generator_v13_2_13 -L axi_data_fifo_v2_1_35 -L axi_infrastructure_v1_1_0 -L axi_register_slice_v2_1_35 -L axi_protocol_converter_v2_1_36 -L axi_lite_ipif_v3_0_4 -L interrupt_control_v3_1_5 -L axi_gpio_v2_0_37 -L axi_uartlite_v2_0_39 -L axi_crossbar_v2_1_37 -L blk_mem_gen_v8_4_11 -L unisims_ver -L unimacro_ver -L secureip -L xpm --snapshot soc_simple_tb_behav xil_defaultlib.soc_simple_tb xil_defaultlib.glbl -log elaborate.log 
Using 2 slave threads.
Starting static elaboration
Pass Through NonSizing Optimizer
WARNING: [VRFC 10-3091] actual bit length 24 differs from formal bit length 16 for port 'sw' [D:/cpu-design/miniRV-with-SoC/src/sim/soc_simple_tb.v:29]
WARNING: [VRFC 10-3091] actual bit length 24 differs from formal bit length 16 for port 'led' [D:/cpu-design/miniRV-with-SoC/src/sim/soc_simple_tb.v:30]
WARNING: [VRFC 10-3091] actual bit length 64 differs from formal bit length 66 for port 'z' [D:/cpu-design/miniRV-with-SoC/src/rtl/ALU.v:129]
WARNING: [VRFC 10-3091] actual bit length 32 differs from formal bit length 33 for port 'z' [D:/cpu-design/miniRV-with-SoC/src/rtl/ALU.v:150]
WARNING: [VRFC 10-3091] actual bit length 32 differs from formal bit length 33 for port 'r' [D:/cpu-design/miniRV-with-SoC/src/rtl/ALU.v:151]
WARNING: [VRFC 10-5021] port 'ena' is not connected on this instance [D:/cpu-design/miniRV-with-SoC/src/rtl/DCache.v:88]
WARNING: [VRFC 10-5021] port 'aclk2x' is not connected on this instance [/wrk/ci/prod/2025.1/sw/continuous/3882/output/customer/vivado/data/ip/xilinx/axi_crossbar_v2_1/hdl/axi_crossbar_v2_1_vl_rfs.v:3097]
WARNING: [VRFC 10-5021] port 'aclk2x' is not connected on this instance [/wrk/ci/prod/2025.1/sw/continuous/3882/output/customer/vivado/data/ip/xilinx/axi_protocol_converter_v2_1/hdl/axi_protocol_converter_v2_1_vl_rfs.v:4855]
WARNING: [VRFC 10-5021] port 'aclk2x' is not connected on this instance [/wrk/ci/prod/2025.1/sw/continuous/3882/output/customer/vivado/data/ip/xilinx/axi_protocol_converter_v2_1/hdl/axi_protocol_converter_v2_1_vl_rfs.v:5110]
Completed static elaboration
Starting simulation data flow analysis
Completed simulation data flow analysis
Time Resolution for simulation is 1ps
Compiling package std.standard
Compiling package std.textio
Compiling package ieee.std_logic_1164
Compiling package ieee.numeric_std
Compiling package ieee.std_logic_arith
Compiling package ieee.std_logic_unsigned
Compiling package synopsys.attributes
Compiling package ieee.std_logic_misc
Compiling package axi_lite_ipif_v3_0_4.ipif_pkg
Compiling package xpm.vcomponents
Compiling module unisims_ver.IBUF
Compiling module unisims_ver.PLLE2_ADV(CLKFBOUT_MULT=17,CLKIN...
Compiling module unisims_ver.BUFG
Compiling module xil_defaultlib.clk_wiz_0_clk_wiz
Compiling module xil_defaultlib.clk_wiz_0
Compiling module xil_defaultlib.Controller
Compiling module xil_defaultlib.RF
Compiling module xil_defaultlib.SEXT
Compiling module xil_defaultlib.ForwardingUnit
Compiling module xil_defaultlib.multiplier_default
Compiling module xil_defaultlib.multiplier(WIDTH=33)
Compiling module xil_defaultlib.divider
Compiling module xil_defaultlib.divider(WIDTH=33)
Compiling module xil_defaultlib.ALU
Compiling module xil_defaultlib.MREQ
Compiling module xil_defaultlib.MEXT
Compiling module xil_defaultlib.cpu_core
Compiling module blk_mem_gen_v8_4_11.blk_mem_gen_v8_4_11_output_stage...
Compiling module blk_mem_gen_v8_4_11.blk_mem_gen_v8_4_11_output_stage...
Compiling module blk_mem_gen_v8_4_11.blk_mem_gen_v8_4_11_softecc_outp...
Compiling module blk_mem_gen_v8_4_11.blk_mem_gen_v8_4_11_mem_module(C...
Compiling module blk_mem_gen_v8_4_11.blk_mem_gen_v8_4_11(C_FAMILY="ar...
Compiling module xil_defaultlib.blk_mem_gen_1
Compiling module xil_defaultlib.DCache
Compiling module xil_defaultlib.ICache
Compiling module xil_defaultlib.axi_master
Compiling module xil_defaultlib.cpu_top
Compiling module blk_mem_gen_v8_4_11.beh_vlog_ff_clr_v8_4
Compiling module blk_mem_gen_v8_4_11.beh_vlog_ff_pre_v8_4
Compiling module blk_mem_gen_v8_4_11.STATE_LOGIC_v8_4(INIT=64'b010101...
Compiling module blk_mem_gen_v8_4_11.STATE_LOGIC_v8_4(INIT=64'b101111...
Compiling module blk_mem_gen_v8_4_11.STATE_LOGIC_v8_4(INIT=64'b101010...
Compiling module blk_mem_gen_v8_4_11.STATE_LOGIC_v8_4(INIT=64'b010101...
Compiling module blk_mem_gen_v8_4_11.STATE_LOGIC_v8_4(INIT=64'b010001...
Compiling module blk_mem_gen_v8_4_11.STATE_LOGIC_v8_4(INIT=64'b010001...
Compiling module blk_mem_gen_v8_4_11.STATE_LOGIC_v8_4(INIT=64'b011010...
Compiling module blk_mem_gen_v8_4_11.STATE_LOGIC_v8_4(INIT=64'b111111...
Compiling module blk_mem_gen_v8_4_11.STATE_LOGIC_v8_4(INIT=64'b011000...
Compiling module blk_mem_gen_v8_4_11.STATE_LOGIC_v8_4(INIT=64'b011111...
Compiling module blk_mem_gen_v8_4_11.STATE_LOGIC_v8_4(INIT=64'b0111)
Compiling module blk_mem_gen_v8_4_11.STATE_LOGIC_v8_4(INIT=64'b111110...
Compiling module blk_mem_gen_v8_4_11.STATE_LOGIC_v8_4(INIT=64'b01000)
Compiling module blk_mem_gen_v8_4_11.STATE_LOGIC_v8_4(INIT=64'b100010...
Compiling module blk_mem_gen_v8_4_11.write_netlist_v8_4(C_AXI_TYPE=1)
Compiling module blk_mem_gen_v8_4_11.blk_mem_axi_write_wrapper_beh_v8...
Compiling module blk_mem_gen_v8_4_11.beh_vlog_ff_ce_clr_v8_4
Compiling module blk_mem_gen_v8_4_11.STATE_LOGIC_v8_4(INIT=64'b01011)
Compiling module blk_mem_gen_v8_4_11.STATE_LOGIC_v8_4(INIT=64'b0100)
Compiling module blk_mem_gen_v8_4_11.STATE_LOGIC_v8_4(INIT=64'b111011...
Compiling module blk_mem_gen_v8_4_11.STATE_LOGIC_v8_4(INIT=64'b010001...
Compiling module blk_mem_gen_v8_4_11.STATE_LOGIC_v8_4(INIT=64'b010000...
Compiling module blk_mem_gen_v8_4_11.STATE_LOGIC_v8_4(INIT=64'b011111...
Compiling module blk_mem_gen_v8_4_11.STATE_LOGIC_v8_4(INIT=64'b01)
Compiling module blk_mem_gen_v8_4_11.STATE_LOGIC_v8_4(INIT=64'b010000...
Compiling module blk_mem_gen_v8_4_11.STATE_LOGIC_v8_4(INIT=64'b010001...
Compiling module blk_mem_gen_v8_4_11.STATE_LOGIC_v8_4(INIT=64'b011101...
Compiling module blk_mem_gen_v8_4_11.STATE_LOGIC_v8_4(INIT=64'b111111...
Compiling module blk_mem_gen_v8_4_11.STATE_LOGIC_v8_4(INIT=64'b010101...
Compiling module blk_mem_gen_v8_4_11.STATE_LOGIC_v8_4(INIT=64'b111100...
Compiling module blk_mem_gen_v8_4_11.beh_vlog_muxf7_v8_4
Compiling module blk_mem_gen_v8_4_11.STATE_LOGIC_v8_4(INIT=64'b010101...
Compiling module blk_mem_gen_v8_4_11.STATE_LOGIC_v8_4(INIT=64'b011100...
Compiling module blk_mem_gen_v8_4_11.STATE_LOGIC_v8_4(INIT=64'b011111...
Compiling module blk_mem_gen_v8_4_11.STATE_LOGIC_v8_4(INIT=64'b010001...
Compiling module blk_mem_gen_v8_4_11.STATE_LOGIC_v8_4(INIT=64'b010001...
Compiling module blk_mem_gen_v8_4_11.STATE_LOGIC_v8_4(INIT=64'b011100...
Compiling module blk_mem_gen_v8_4_11.read_netlist_v8_4(C_ADDRB_WIDTH=...
Compiling module blk_mem_gen_v8_4_11.blk_mem_axi_read_wrapper_beh_v8_...
Compiling module blk_mem_gen_v8_4_11.blk_mem_gen_v8_4_11_output_stage...
Compiling module blk_mem_gen_v8_4_11.blk_mem_gen_v8_4_11_output_stage...
Compiling module blk_mem_gen_v8_4_11.blk_mem_gen_v8_4_11_softecc_outp...
Compiling module blk_mem_gen_v8_4_11.blk_mem_gen_v8_4_11_mem_module(C...
Compiling module blk_mem_gen_v8_4_11.blk_mem_gen_v8_4_11(C_FAMILY="ar...
Compiling module xil_defaultlib.bram_axi
Compiling module generic_baseblocks_v2_1_2.generic_baseblocks_v2_1_2_carry_...
Compiling module generic_baseblocks_v2_1_2.generic_baseblocks_v2_1_2_compar...
Compiling module generic_baseblocks_v2_1_2.generic_baseblocks_v2_1_2_compar...
Compiling module generic_baseblocks_v2_1_2.generic_baseblocks_v2_1_2_compar...
Compiling module generic_baseblocks_v2_1_2.generic_baseblocks_v2_1_2_compar...
Compiling module generic_baseblocks_v2_1_2.generic_baseblocks_v2_1_2_compar...
Compiling module generic_baseblocks_v2_1_2.generic_baseblocks_v2_1_2_compar...
Compiling module axi_crossbar_v2_1_37.axi_crossbar_v2_1_37_addr_decode...
Compiling module unisims_ver.MUXF7
Compiling module generic_baseblocks_v2_1_2.generic_baseblocks_v2_1_2_mux_en...
Compiling module unisims_ver.SRLC32E_default
Compiling module axi_data_fifo_v2_1_35.axi_data_fifo_v2_1_35_ndeep_srl(...
Compiling module axi_data_fifo_v2_1_35.axi_data_fifo_v2_1_35_axic_srl_f...
Compiling module axi_crossbar_v2_1_37.axi_crossbar_v2_1_37_si_transact...
Compiling module generic_baseblocks_v2_1_2.generic_baseblocks_v2_1_2_mux_en...
Compiling module axi_crossbar_v2_1_37.axi_crossbar_v2_1_37_si_transact...
Compiling module axi_crossbar_v2_1_37.axi_crossbar_v2_1_37_splitter
Compiling module axi_data_fifo_v2_1_35.axi_data_fifo_v2_1_35_axic_reg_s...
Compiling module axi_crossbar_v2_1_37.axi_crossbar_v2_1_37_wdata_route...
Compiling module axi_crossbar_v2_1_37.axi_crossbar_v2_1_37_wdata_mux(C...
Compiling module axi_infrastructure_v1_1_0.axi_infrastructure_v1_1_0_axi2ve...
Compiling module axi_infrastructure_v1_1_0.axi_infrastructure_v1_1_0_vector...
Compiling module axi_register_slice_v2_1_35.axi_register_slice_v2_1_35_axic_...
Compiling module axi_register_slice_v2_1_35.axi_register_slice_v2_1_35_axic_...
Compiling module axi_register_slice_v2_1_35.axi_register_slice_v2_1_35_axic_...
Compiling module axi_register_slice_v2_1_35.axi_register_slice_v2_1_35_axic_...
Compiling module axi_register_slice_v2_1_35.axi_register_slice_v2_1_35_axi_r...
Compiling module axi_crossbar_v2_1_37.axi_crossbar_v2_1_37_wdata_mux(C...
Compiling module axi_data_fifo_v2_1_35.axi_data_fifo_v2_1_35_axic_srl_f...
Compiling module axi_crossbar_v2_1_37.axi_crossbar_v2_1_37_addr_arbite...
Compiling module axi_crossbar_v2_1_37.axi_crossbar_v2_1_37_decerr_slav...
Compiling module axi_crossbar_v2_1_37.axi_crossbar_v2_1_37_crossbar(C_...
Compiling module axi_crossbar_v2_1_37.axi_crossbar_v2_1_37_axi_crossba...
Compiling module xil_defaultlib.axi_crossbar_0
Compiling architecture imp of entity axi_lite_ipif_v3_0_4.pselect_f [\pselect_f(c_ab=2,c_aw=2,c_bar="...]
Compiling architecture imp of entity axi_lite_ipif_v3_0_4.pselect_f [\pselect_f(c_ab=2,c_aw=2,c_bar="...]
Compiling architecture imp of entity axi_lite_ipif_v3_0_4.pselect_f [\pselect_f(c_ab=2,c_aw=2,c_bar="...]
Compiling architecture imp of entity axi_lite_ipif_v3_0_4.pselect_f [\pselect_f(c_ab=2,c_aw=2,c_bar="...]
Compiling architecture imp of entity axi_lite_ipif_v3_0_4.address_decoder [\address_decoder(c_bus_awidth=9,...]
Compiling architecture imp of entity axi_lite_ipif_v3_0_4.slave_attachment [\slave_attachment(c_ard_addr_ran...]
Compiling architecture imp of entity axi_lite_ipif_v3_0_4.axi_lite_ipif [\axi_lite_ipif(c_s_axi_addr_widt...]
Compiling module xpm.xpm_cdc_array_single(DEST_SYNC_F...
Compiling architecture imp of entity axi_gpio_v2_0_37.GPIO_Core [\GPIO_Core(c_aw=9,c_is_dual=1,c_...]
Compiling architecture imp of entity axi_gpio_v2_0_37.axi_gpio [\axi_gpio(c_family="artix7",c_al...]
Compiling architecture axi_gpio_0_arch of entity xil_defaultlib.axi_gpio_0 [axi_gpio_0_default]
Compiling module axi_infrastructure_v1_1_0.axi_infrastructure_v1_1_0_axi2ve...
Compiling module axi_infrastructure_v1_1_0.axi_infrastructure_v1_1_0_vector...
Compiling module axi_register_slice_v2_1_35.axi_register_slice_v2_1_35_axic_...
Compiling module axi_register_slice_v2_1_35.axi_register_slice_v2_1_35_axic_...
Compiling module axi_register_slice_v2_1_35.axi_register_slice_v2_1_35_axic_...
Compiling module axi_register_slice_v2_1_35.axi_register_slice_v2_1_35_axic_...
Compiling module axi_register_slice_v2_1_35.axi_register_slice_v2_1_35_axi_r...
Compiling module axi_protocol_converter_v2_1_36.axi_protocol_converter_v2_1_36_b...
Compiling module axi_protocol_converter_v2_1_36.axi_protocol_converter_v2_1_36_b...
Compiling module axi_protocol_converter_v2_1_36.axi_protocol_converter_v2_1_36_b...
Compiling module axi_protocol_converter_v2_1_36.axi_protocol_converter_v2_1_36_b...
Compiling module axi_protocol_converter_v2_1_36.axi_protocol_converter_v2_1_36_b...
Compiling module axi_protocol_converter_v2_1_36.axi_protocol_converter_v2_1_36_b...
Compiling module axi_protocol_converter_v2_1_36.axi_protocol_converter_v2_1_36_b...
Compiling module axi_protocol_converter_v2_1_36.axi_protocol_converter_v2_1_36_b...
Compiling module axi_protocol_converter_v2_1_36.axi_protocol_converter_v2_1_36_b...
Compiling module axi_protocol_converter_v2_1_36.axi_protocol_converter_v2_1_36_b...
Compiling module axi_protocol_converter_v2_1_36.axi_protocol_converter_v2_1_36_b...
Compiling module axi_protocol_converter_v2_1_36.axi_protocol_converter_v2_1_36_b...
Compiling module axi_protocol_converter_v2_1_36.axi_protocol_converter_v2_1_36_b...
Compiling module axi_infrastructure_v1_1_0.axi_infrastructure_v1_1_0_axi2ve...
Compiling module axi_infrastructure_v1_1_0.axi_infrastructure_v1_1_0_vector...
Compiling module axi_register_slice_v2_1_35.axi_register_slice_v2_1_35_axic_...
Compiling module axi_register_slice_v2_1_35.axi_register_slice_v2_1_35_axic_...
Compiling module axi_register_slice_v2_1_35.axi_register_slice_v2_1_35_axic_...
Compiling module axi_register_slice_v2_1_35.axi_register_slice_v2_1_35_axic_...
Compiling module axi_register_slice_v2_1_35.axi_register_slice_v2_1_35_axi_r...
Compiling module axi_protocol_converter_v2_1_36.axi_protocol_converter_v2_1_36_b...
Compiling module axi_protocol_converter_v2_1_36.axi_protocol_converter_v2_1_36_a...
Compiling module xil_defaultlib.axi_protocol_converter_0
Compiling module xil_defaultlib.timer_wrap
Compiling architecture rtl of entity axi_uartlite_v2_0_39.baudrate [\baudrate(c_ratio=27)\]
Compiling module xpm.xpm_cdc_single(DEST_SYNC_FF=4,IN...
Compiling architecture imp of entity axi_uartlite_v2_0_39.srl_fifo [\srl_fifo(c_dwidth=8,c_depth=16)...]
Compiling architecture rtl of entity axi_uartlite_v2_0_39.uartlite_rx [\uartlite_rx(c_family="artix7")(...]
Compiling architecture rtl of entity axi_uartlite_v2_0_39.uartlite_tx [\uartlite_tx(c_family="artix7")(...]
Compiling architecture rtl of entity axi_uartlite_v2_0_39.uartlite_core [\uartlite_core(c_family="artix7"...]
Compiling architecture imp of entity axi_lite_ipif_v3_0_4.address_decoder [\address_decoder(c_bus_awidth=4,...]
Compiling architecture imp of entity axi_lite_ipif_v3_0_4.slave_attachment [\slave_attachment(c_ard_addr_ran...]
Compiling architecture imp of entity axi_lite_ipif_v3_0_4.axi_lite_ipif [\axi_lite_ipif(c_s_axi_addr_widt...]
Compiling architecture rtl of entity axi_uartlite_v2_0_39.axi_uartlite [\axi_uartlite(c_family="artix7",...]
Compiling architecture axi_uartlite_0_arch of entity xil_defaultlib.axi_uartlite_0 [axi_uartlite_0_default]
Compiling module xil_defaultlib.uart_wrap
Compiling module xpm.xpm_cdc_array_single(DEST_SYNC_F...
Compiling architecture imp of entity axi_gpio_v2_0_37.GPIO_Core [\GPIO_Core(c_aw=9,c_gpio_width=1...]
Compiling architecture imp of entity axi_gpio_v2_0_37.axi_gpio [\axi_gpio(c_family="artix7",c_gp...]
Compiling architecture axi_gpio_1_arch of entity xil_defaultlib.axi_gpio_1 [axi_gpio_1_default]
Compiling module xil_defaultlib.switch_wrap
Compiling architecture imp of entity axi_gpio_v2_0_37.GPIO_Core [\GPIO_Core(c_aw=9,c_gpio_width=1...]
Compiling architecture imp of entity axi_gpio_v2_0_37.axi_gpio [\axi_gpio(c_family="artix7",c_gp...]
Compiling architecture axi_gpio_2_arch of entity xil_defaultlib.axi_gpio_2 [axi_gpio_2_default]
Compiling module xil_defaultlib.led_wrap
Compiling architecture imp of entity axi_gpio_v2_0_37.GPIO_Core [\GPIO_Core(c_aw=9,c_all_outputs=...]
Compiling architecture imp of entity axi_gpio_v2_0_37.axi_gpio [\axi_gpio(c_family="artix7",c_al...]
Compiling architecture axi_gpio_3_arch of entity xil_defaultlib.axi_gpio_3 [axi_gpio_3_default]
Compiling module xil_defaultlib.display_wrap
Compiling module xil_defaultlib.miniRV_SoC
Compiling module xil_defaultlib.soc_simple_tb
Compiling module xil_defaultlib.glbl
Built simulation snapshot soc_simple_tb_behav
run_program: Time (s): cpu = 00:00:02 ; elapsed = 00:00:35 . Memory (MB): peak = 2011.996 ; gain = 0.000
INFO: [USF-XSim-69] 'elaborate' step finished in '35' seconds
INFO: [USF-XSim-4] XSim::Simulate design
INFO: [USF-XSim-61] Executing 'SIMULATE' step in 'D:/cpu-design/miniRV-with-SoC/miniRV.sim/sim_1/behav/xsim'
INFO: [USF-XSim-98] *** Running xsim
   with args "soc_simple_tb_behav -key {Behavioral:sim_1:Functional:soc_simple_tb} -tclbatch {soc_simple_tb.tcl} -view {D:/cpu-design/miniRV-with-SoC/soc_simple_tb.wcfg} -log {simulate.log}"
INFO: [USF-XSim-8] Loading simulator feature
Time resolution is 1 ps
open_wave_config D:/cpu-design/miniRV-with-SoC/soc_simple_tb.wcfg
source soc_simple_tb.tcl
# set curr_wave [current_wave_config]
# if { [string length $curr_wave] == 0 } {
#   if { [llength [get_objects]] > 0} {
#     add_wave /
#     set_property needs_save false [current_wave_config]
#   } else {
#      send_msg_id Add_Wave-1 WARNING "No top level signals found. Simulator will start without a wave window. If you want to open a wave window go to 'File->New Waveform Configuration' or type 'create_wave_config' in the TCL console."
#   }
# }
# log_wave -r /
WARNING: [Simtcl 6-197] One or more HDL objects could not be logged because of object type or size limitations.  To see details please rerun the command with -verbose (-v).
# run 10us
Block Memory Generator module soc_simple_tb.DUT.U_cpu.U_dcache.U_dsram.inst.native_mem_module.blk_mem_gen_v8_4_11_inst is using a behavioral model for simulation which will not precisely model memory collision behavior.
Block Memory Generator module soc_simple_tb.DUT.U_cpu.U_icache.U_isram.inst.native_mem_module.blk_mem_gen_v8_4_11_inst is using a behavioral model for simulation which will not precisely model memory collision behavior.
 Block Memory Generator module loading initial data...
 Block Memory Generator data initialization complete.
Block Memory Generator module soc_simple_tb.DUT.U_bram.inst.axi_mem_module.blk_mem_gen_v8_4_11_inst is using a behavioral model for simulation which will not precisely model memory collision behavior.
xsim: Time (s): cpu = 00:00:07 ; elapsed = 00:00:11 . Memory (MB): peak = 2026.629 ; gain = 14.633
INFO: [USF-XSim-96] XSim completed. Design snapshot 'soc_simple_tb_behav' loaded.
INFO: [USF-XSim-97] XSim simulation ran for 10us
launch_simulation: Time (s): cpu = 00:00:10 ; elapsed = 00:00:56 . Memory (MB): peak = 2026.629 ; gain = 14.633
ERROR: [Labtoolstcl 44-513] HW Target shutdown. Closing target: localhost:3121/xilinx_tcf/Xilinx/1234-tulA
close_sim
INFO: [Simtcl 6-16] Simulation closed
launch_simulation
Command: launch_simulation 
INFO: [Vivado 12-12493] Simulation top is 'soc_simple_tb'
INFO: [Vivado 12-5698] Checking validity of IPs in the design for the 'XSim' simulator...
INFO: [Vivado 12-5682] Launching behavioral simulation in 'D:/cpu-design/miniRV-with-SoC/miniRV.sim/sim_1/behav/xsim'
INFO: [Vivado 12-13660] Precompiled IP simulation library mode is enabled (default). The design IP libraries will be referenced from the compiled library path. Please note that if the precompiled version of the library is not found from the path or the IP is in locked state, then the library source files for these IPs will be compiled locally as part of the compile order.
INFO: [Vivado 12-4795] Using compiled simulation libraries for IPs
INFO: [SIM-utils-51] Simulation object is 'sim_1'
INFO: [SIM-utils-72] Using boost library from 'D:/vivado/2025.1/Vivado/tps/boost_1_72_0'
INFO: [USF-XSim-7] Finding pre-compiled libraries...
INFO: [USF-XSim-11] File 'D:/vivado/2025.1/Vivado/data/xsim/xsim.ini' copied to run dir:'D:/cpu-design/miniRV-with-SoC/miniRV.sim/sim_1/behav/xsim'
INFO: [SIM-utils-54] Inspecting design source files for 'soc_simple_tb' in fileset 'sim_1'...
INFO: [SIM-utils-43] Exported 'D:/cpu-design/miniRV-with-SoC/miniRV.sim/sim_1/behav/xsim/DRAM.mif'
INFO: [SIM-utils-43] Exported 'D:/cpu-design/miniRV-with-SoC/miniRV.sim/sim_1/behav/xsim/lw.coe'
INFO: [SIM-utils-43] Exported 'D:/cpu-design/miniRV-with-SoC/miniRV.sim/sim_1/behav/xsim/IROM.mif'
INFO: [SIM-utils-43] Exported 'D:/cpu-design/miniRV-with-SoC/miniRV.sim/sim_1/behav/xsim/pipeline_test.coe'
INFO: [SIM-utils-43] Exported 'D:/cpu-design/miniRV-with-SoC/miniRV.sim/sim_1/behav/xsim/bram_axi.mif'
INFO: [SIM-utils-43] Exported 'D:/cpu-design/miniRV-with-SoC/miniRV.sim/sim_1/behav/xsim/main.coe'
INFO: [SIM-utils-43] Exported 'D:/cpu-design/miniRV-with-SoC/miniRV.sim/sim_1/behav/xsim/mul_div_test.coe'
INFO: [USF-XSim-97] Finding global include files...
INFO: [USF-XSim-98] Fetching design files from 'sim_1'...
INFO: [USF-XSim-2] XSim::Compile design
INFO: [USF-XSim-61] Executing 'COMPILE and ANALYZE' step in 'D:/cpu-design/miniRV-with-SoC/miniRV.sim/sim_1/behav/xsim'
"xvlog --incr --relax -prj soc_simple_tb_vlog.prj"
INFO: [VRFC 10-2263] Analyzing Verilog file "D:/cpu-design/miniRV-with-SoC/src/rtl/ip/axi_protocol_converter_0/sim/axi_protocol_converter_0.v" into library xil_defaultlib
INFO: [VRFC 10-311] analyzing module axi_protocol_converter_0
INFO: [VRFC 10-2263] Analyzing Verilog file "D:/cpu-design/miniRV-with-SoC/src/rtl/ip/axi_crossbar_0/sim/axi_crossbar_0.v" into library xil_defaultlib
INFO: [VRFC 10-311] analyzing module axi_crossbar_0
WARNING: [VRFC 10-8772] attribute 'X_INTERFACE_MODE' is already specified; last one will take precedence [D:/cpu-design/miniRV-with-SoC/src/rtl/ip/axi_crossbar_0/sim/axi_crossbar_0.v:210]
WARNING: [VRFC 10-8772] attribute 'X_INTERFACE_PARAMETER' is already specified; last one will take precedence [D:/cpu-design/miniRV-with-SoC/src/rtl/ip/axi_crossbar_0/sim/axi_crossbar_0.v:211]
WARNING: [VRFC 10-8772] attribute 'X_INTERFACE_MODE' is already specified; last one will take precedence [D:/cpu-design/miniRV-with-SoC/src/rtl/ip/axi_crossbar_0/sim/axi_crossbar_0.v:213]
WARNING: [VRFC 10-8772] attribute 'X_INTERFACE_PARAMETER' is already specified; last one will take precedence [D:/cpu-design/miniRV-with-SoC/src/rtl/ip/axi_crossbar_0/sim/axi_crossbar_0.v:214]
WARNING: [VRFC 10-8772] attribute 'X_INTERFACE_MODE' is already specified; last one will take precedence [D:/cpu-design/miniRV-with-SoC/src/rtl/ip/axi_crossbar_0/sim/axi_crossbar_0.v:216]
WARNING: [VRFC 10-8772] attribute 'X_INTERFACE_PARAMETER' is already specified; last one will take precedence [D:/cpu-design/miniRV-with-SoC/src/rtl/ip/axi_crossbar_0/sim/axi_crossbar_0.v:217]
WARNING: [VRFC 10-8772] attribute 'X_INTERFACE_MODE' is already specified; last one will take precedence [D:/cpu-design/miniRV-with-SoC/src/rtl/ip/axi_crossbar_0/sim/axi_crossbar_0.v:219]
WARNING: [VRFC 10-8772] attribute 'X_INTERFACE_PARAMETER' is already specified; last one will take precedence [D:/cpu-design/miniRV-with-SoC/src/rtl/ip/axi_crossbar_0/sim/axi_crossbar_0.v:220]
WARNING: [VRFC 10-8772] attribute 'X_INTERFACE_MODE' is already specified; last one will take precedence [D:/cpu-design/miniRV-with-SoC/src/rtl/ip/axi_crossbar_0/sim/axi_crossbar_0.v:222]
WARNING: [VRFC 10-8772] attribute 'X_INTERFACE_PARAMETER' is already specified; last one will take precedence [D:/cpu-design/miniRV-with-SoC/src/rtl/ip/axi_crossbar_0/sim/axi_crossbar_0.v:223]
INFO: [VRFC 10-2263] Analyzing Verilog file "D:/cpu-design/miniRV-with-SoC/src/rtl/ip/bram_axi/sim/bram_axi.v" into library xil_defaultlib
INFO: [VRFC 10-311] analyzing module bram_axi
INFO: [VRFC 10-2263] Analyzing Verilog file "D:/cpu-design/miniRV-with-SoC/miniRV.gen/sources_1/ip/blk_mem_gen_1/sim/blk_mem_gen_1.v" into library xil_defaultlib
INFO: [VRFC 10-311] analyzing module blk_mem_gen_1
INFO: [VRFC 10-2263] Analyzing Verilog file "D:/cpu-design/miniRV-with-SoC/miniRV.gen/sources_1/ip/clk_wiz_0/clk_wiz_0_clk_wiz.v" into library xil_defaultlib
INFO: [VRFC 10-311] analyzing module clk_wiz_0_clk_wiz
INFO: [VRFC 10-2263] Analyzing Verilog file "D:/cpu-design/miniRV-with-SoC/miniRV.gen/sources_1/ip/clk_wiz_0/clk_wiz_0.v" into library xil_defaultlib
INFO: [VRFC 10-311] analyzing module clk_wiz_0
INFO: [VRFC 10-2263] Analyzing Verilog file "D:/cpu-design/miniRV-with-SoC/src/rtl/ALU.v" into library xil_defaultlib
INFO: [VRFC 10-311] analyzing module ALU
WARNING: [VRFC 10-3380] identifier 'multi_active' is used before its declaration [D:/cpu-design/miniRV-with-SoC/src/rtl/ALU.v:27]
WARNING: [VRFC 10-3380] identifier 'a_latched' is used before its declaration [D:/cpu-design/miniRV-with-SoC/src/rtl/ALU.v:45]
WARNING: [VRFC 10-3380] identifier 'b_latched' is used before its declaration [D:/cpu-design/miniRV-with-SoC/src/rtl/ALU.v:46]
INFO: [VRFC 10-2263] Analyzing Verilog file "D:/cpu-design/miniRV-with-SoC/src/rtl/Controller.v" into library xil_defaultlib
INFO: [VRFC 10-311] analyzing module Controller
INFO: [VRFC 10-2263] Analyzing Verilog file "D:/cpu-design/miniRV-with-SoC/src/rtl/DCache.v" into library xil_defaultlib
INFO: [VRFC 10-311] analyzing module DCache
INFO: [VRFC 10-2263] Analyzing Verilog file "D:/cpu-design/miniRV-with-SoC/src/rtl/ForwardingUnit.v" into library xil_defaultlib
INFO: [VRFC 10-311] analyzing module ForwardingUnit
INFO: [VRFC 10-2263] Analyzing Verilog file "D:/cpu-design/miniRV-with-SoC/src/rtl/ICache.v" into library xil_defaultlib
INFO: [VRFC 10-311] analyzing module ICache
INFO: [VRFC 10-2263] Analyzing Verilog file "D:/cpu-design/miniRV-with-SoC/src/rtl/MEXT.v" into library xil_defaultlib
INFO: [VRFC 10-311] analyzing module MEXT
INFO: [VRFC 10-2263] Analyzing Verilog file "D:/cpu-design/miniRV-with-SoC/src/rtl/MREQ.v" into library xil_defaultlib
INFO: [VRFC 10-311] analyzing module MREQ
INFO: [VRFC 10-2263] Analyzing Verilog file "D:/cpu-design/miniRV-with-SoC/src/rtl/RF.v" into library xil_defaultlib
INFO: [VRFC 10-311] analyzing module RF
INFO: [VRFC 10-2263] Analyzing Verilog file "D:/cpu-design/miniRV-with-SoC/src/rtl/SEXT.v" into library xil_defaultlib
INFO: [VRFC 10-311] analyzing module SEXT
INFO: [VRFC 10-2263] Analyzing Verilog file "D:/cpu-design/miniRV-with-SoC/src/rtl/axi_master.v" into library xil_defaultlib
INFO: [VRFC 10-311] analyzing module axi_master
INFO: [VRFC 10-2263] Analyzing Verilog file "D:/cpu-design/miniRV-with-SoC/src/rtl/cpu_core.v" into library xil_defaultlib
INFO: [VRFC 10-311] analyzing module cpu_core
WARNING: [VRFC 10-2938] 'ex_mem_rf_we' is already implicitly declared on line 349 [D:/cpu-design/miniRV-with-SoC/src/rtl/cpu_core.v:429]
WARNING: [VRFC 10-2938] 'ex_mem_rd' is already implicitly declared on line 348 [D:/cpu-design/miniRV-with-SoC/src/rtl/cpu_core.v:433]
WARNING: [VRFC 10-2938] 'mem_wb_rf_we' is already implicitly declared on line 351 [D:/cpu-design/miniRV-with-SoC/src/rtl/cpu_core.v:532]
WARNING: [VRFC 10-2938] 'mem_wb_rd' is already implicitly declared on line 350 [D:/cpu-design/miniRV-with-SoC/src/rtl/cpu_core.v:534]
WARNING: [VRFC 10-2938] 'wb_rf_we' is already implicitly declared on line 148 [D:/cpu-design/miniRV-with-SoC/src/rtl/cpu_core.v:602]
WARNING: [VRFC 10-2938] 'wb_rf_wR' is already implicitly declared on line 149 [D:/cpu-design/miniRV-with-SoC/src/rtl/cpu_core.v:603]
WARNING: [VRFC 10-2938] 'wb_rf_wD' is already implicitly declared on line 150 [D:/cpu-design/miniRV-with-SoC/src/rtl/cpu_core.v:604]
WARNING: [VRFC 10-3380] identifier 'flush_f' is used before its declaration [D:/cpu-design/miniRV-with-SoC/src/rtl/cpu_core.v:45]
WARNING: [VRFC 10-3380] identifier 'flush_f' is used before its declaration [D:/cpu-design/miniRV-with-SoC/src/rtl/cpu_core.v:54]
WARNING: [VRFC 10-3380] identifier 'pc_next' is used before its declaration [D:/cpu-design/miniRV-with-SoC/src/rtl/cpu_core.v:55]
WARNING: [VRFC 10-3380] identifier 'stall_f' is used before its declaration [D:/cpu-design/miniRV-with-SoC/src/rtl/cpu_core.v:56]
WARNING: [VRFC 10-3380] identifier 'flush_f' is used before its declaration [D:/cpu-design/miniRV-with-SoC/src/rtl/cpu_core.v:79]
WARNING: [VRFC 10-3380] identifier 'stall_f' is used before its declaration [D:/cpu-design/miniRV-with-SoC/src/rtl/cpu_core.v:84]
WARNING: [VRFC 10-3380] identifier 'flush_d' is used before its declaration [D:/cpu-design/miniRV-with-SoC/src/rtl/cpu_core.v:206]
WARNING: [VRFC 10-3380] identifier 'stall_d' is used before its declaration [D:/cpu-design/miniRV-with-SoC/src/rtl/cpu_core.v:220]
WARNING: [VRFC 10-3380] identifier 'id_fwd_rd1' is used before its declaration [D:/cpu-design/miniRV-with-SoC/src/rtl/cpu_core.v:223]
WARNING: [VRFC 10-3380] identifier 'id_store_data' is used before its declaration [D:/cpu-design/miniRV-with-SoC/src/rtl/cpu_core.v:224]
WARNING: [VRFC 10-3380] identifier 'ex_br' is used before its declaration [D:/cpu-design/miniRV-with-SoC/src/rtl/cpu_core.v:261]
WARNING: [VRFC 10-3380] identifier 'ex_alu_c' is used before its declaration [D:/cpu-design/miniRV-with-SoC/src/rtl/cpu_core.v:266]
WARNING: [VRFC 10-3380] identifier 'mul_div_release' is used before its declaration [D:/cpu-design/miniRV-with-SoC/src/rtl/cpu_core.v:272]
WARNING: [VRFC 10-3380] identifier 'mul_div_release' is used before its declaration [D:/cpu-design/miniRV-with-SoC/src/rtl/cpu_core.v:273]
WARNING: [VRFC 10-3380] identifier 'mul_div_release' is used before its declaration [D:/cpu-design/miniRV-with-SoC/src/rtl/cpu_core.v:285]
WARNING: [VRFC 10-3380] identifier 'stall_f' is used before its declaration [D:/cpu-design/miniRV-with-SoC/src/rtl/cpu_core.v:301]
WARNING: [VRFC 10-3380] identifier 'mul_div_release' is used before its declaration [D:/cpu-design/miniRV-with-SoC/src/rtl/cpu_core.v:313]
WARNING: [VRFC 10-3380] identifier 'ex_mul_div_busy' is used before its declaration [D:/cpu-design/miniRV-with-SoC/src/rtl/cpu_core.v:317]
WARNING: [VRFC 10-3380] identifier 'ex_alu_c' is used before its declaration [D:/cpu-design/miniRV-with-SoC/src/rtl/cpu_core.v:359]
WARNING: [VRFC 10-3380] identifier 'ex_mem_alu_c' is used before its declaration [D:/cpu-design/miniRV-with-SoC/src/rtl/cpu_core.v:361]
WARNING: [VRFC 10-3380] identifier 'wb_forward_data' is used before its declaration [D:/cpu-design/miniRV-with-SoC/src/rtl/cpu_core.v:363]
WARNING: [VRFC 10-3380] identifier 'ex_alu_c' is used before its declaration [D:/cpu-design/miniRV-with-SoC/src/rtl/cpu_core.v:367]
WARNING: [VRFC 10-3380] identifier 'ex_mem_alu_c' is used before its declaration [D:/cpu-design/miniRV-with-SoC/src/rtl/cpu_core.v:369]
WARNING: [VRFC 10-3380] identifier 'wb_forward_data' is used before its declaration [D:/cpu-design/miniRV-with-SoC/src/rtl/cpu_core.v:371]
WARNING: [VRFC 10-3380] identifier 'ex_alu_c' is used before its declaration [D:/cpu-design/miniRV-with-SoC/src/rtl/cpu_core.v:378]
WARNING: [VRFC 10-3380] identifier 'ex_mem_alu_c' is used before its declaration [D:/cpu-design/miniRV-with-SoC/src/rtl/cpu_core.v:380]
WARNING: [VRFC 10-3380] identifier 'ex_mem_rf_wsel' is used before its declaration [D:/cpu-design/miniRV-with-SoC/src/rtl/cpu_core.v:388]
WARNING: [VRFC 10-3380] identifier 'ex_mem_rf_wsel' is used before its declaration [D:/cpu-design/miniRV-with-SoC/src/rtl/cpu_core.v:389]
WARNING: [VRFC 10-3380] identifier 'ex_mem_alu_c' is used before its declaration [D:/cpu-design/miniRV-with-SoC/src/rtl/cpu_core.v:390]
WARNING: [VRFC 10-3380] identifier 'wb_forward_data' is used before its declaration [D:/cpu-design/miniRV-with-SoC/src/rtl/cpu_core.v:395]
WARNING: [VRFC 10-3380] identifier 'wb_forward_data' is used before its declaration [D:/cpu-design/miniRV-with-SoC/src/rtl/cpu_core.v:401]
INFO: [VRFC 10-2263] Analyzing Verilog file "D:/cpu-design/miniRV-with-SoC/src/rtl/cpu_top.v" into library xil_defaultlib
INFO: [VRFC 10-311] analyzing module cpu_top
INFO: [VRFC 10-2263] Analyzing Verilog file "D:/cpu-design/miniRV-with-SoC/src/rtl/display_wrap.v" into library xil_defaultlib
INFO: [VRFC 10-311] analyzing module display_wrap
INFO: [VRFC 10-2263] Analyzing Verilog file "D:/cpu-design/miniRV-with-SoC/src/rtl/divider.v" into library xil_defaultlib
INFO: [VRFC 10-311] analyzing module divider
INFO: [VRFC 10-2263] Analyzing Verilog file "D:/cpu-design/miniRV-with-SoC/src/rtl/miniRV_SoC.v" into library xil_defaultlib
INFO: [VRFC 10-311] analyzing module miniRV_SoC
INFO: [VRFC 10-2263] Analyzing Verilog file "D:/cpu-design/miniRV-with-SoC/src/rtl/multiplier.v" into library xil_defaultlib
INFO: [VRFC 10-311] analyzing module multiplier
WARNING: [VRFC 10-3380] identifier 'O_WID' is used before its declaration [D:/cpu-design/miniRV-with-SoC/src/rtl/multiplier.v:11]
INFO: [VRFC 10-2263] Analyzing Verilog file "D:/cpu-design/miniRV-with-SoC/src/rtl/switch_and_led_wrap.v" into library xil_defaultlib
INFO: [VRFC 10-311] analyzing module switch_wrap
INFO: [VRFC 10-311] analyzing module led_wrap
INFO: [VRFC 10-2263] Analyzing Verilog file "D:/cpu-design/miniRV-with-SoC/src/rtl/timer_wrap.v" into library xil_defaultlib
INFO: [VRFC 10-311] analyzing module timer_wrap
INFO: [VRFC 10-2263] Analyzing Verilog file "D:/cpu-design/miniRV-with-SoC/src/rtl/uart_wrap.v" into library xil_defaultlib
INFO: [VRFC 10-311] analyzing module uart_wrap
INFO: [VRFC 10-2263] Analyzing Verilog file "D:/cpu-design/miniRV-with-SoC/src/sim/soc_simple_tb.v" into library xil_defaultlib
INFO: [VRFC 10-311] analyzing module soc_simple_tb
"xvhdl --incr --relax -prj soc_simple_tb_vhdl.prj"
run_program: Time (s): cpu = 00:00:01 ; elapsed = 00:00:07 . Memory (MB): peak = 3681.781 ; gain = 0.000
INFO: [USF-XSim-69] 'compile' step finished in '6' seconds
INFO: [USF-XSim-3] XSim::Elaborate design
INFO: [USF-XSim-61] Executing 'ELABORATE' step in 'D:/cpu-design/miniRV-with-SoC/miniRV.sim/sim_1/behav/xsim'
"xelab --incr --debug typical --relax --mt 2 -L xil_defaultlib -L generic_baseblocks_v2_1_2 -L fifo_generator_v13_2_13 -L axi_data_fifo_v2_1_35 -L axi_infrastructure_v1_1_0 -L axi_register_slice_v2_1_35 -L axi_protocol_converter_v2_1_36 -L axi_lite_ipif_v3_0_4 -L interrupt_control_v3_1_5 -L axi_gpio_v2_0_37 -L axi_uartlite_v2_0_39 -L axi_crossbar_v2_1_37 -L blk_mem_gen_v8_4_11 -L unisims_ver -L unimacro_ver -L secureip -L xpm --snapshot soc_simple_tb_behav xil_defaultlib.soc_simple_tb xil_defaultlib.glbl -log elaborate.log"
Vivado Simulator v2025.1.0
Copyright 1986-2022 Xilinx, Inc. All Rights Reserved.
Copyright 2022-2025 Advanced Micro Devices, Inc. All Rights Reserved.
Running: D:/vivado/2025.1/Vivado/bin/unwrapped/win64.o/xelab.exe --incr --debug typical --relax --mt 2 -L xil_defaultlib -L generic_baseblocks_v2_1_2 -L fifo_generator_v13_2_13 -L axi_data_fifo_v2_1_35 -L axi_infrastructure_v1_1_0 -L axi_register_slice_v2_1_35 -L axi_protocol_converter_v2_1_36 -L axi_lite_ipif_v3_0_4 -L interrupt_control_v3_1_5 -L axi_gpio_v2_0_37 -L axi_uartlite_v2_0_39 -L axi_crossbar_v2_1_37 -L blk_mem_gen_v8_4_11 -L unisims_ver -L unimacro_ver -L secureip -L xpm --snapshot soc_simple_tb_behav xil_defaultlib.soc_simple_tb xil_defaultlib.glbl -log elaborate.log 
Using 2 slave threads.
Starting static elaboration
Pass Through NonSizing Optimizer
WARNING: [VRFC 10-3091] actual bit length 24 differs from formal bit length 16 for port 'sw' [D:/cpu-design/miniRV-with-SoC/src/sim/soc_simple_tb.v:29]
WARNING: [VRFC 10-3091] actual bit length 24 differs from formal bit length 16 for port 'led' [D:/cpu-design/miniRV-with-SoC/src/sim/soc_simple_tb.v:30]
WARNING: [VRFC 10-3091] actual bit length 64 differs from formal bit length 66 for port 'z' [D:/cpu-design/miniRV-with-SoC/src/rtl/ALU.v:129]
WARNING: [VRFC 10-3091] actual bit length 32 differs from formal bit length 33 for port 'z' [D:/cpu-design/miniRV-with-SoC/src/rtl/ALU.v:150]
WARNING: [VRFC 10-3091] actual bit length 32 differs from formal bit length 33 for port 'r' [D:/cpu-design/miniRV-with-SoC/src/rtl/ALU.v:151]
WARNING: [VRFC 10-5021] port 'aclk2x' is not connected on this instance [/wrk/ci/prod/2025.1/sw/continuous/3882/output/customer/vivado/data/ip/xilinx/axi_crossbar_v2_1/hdl/axi_crossbar_v2_1_vl_rfs.v:3097]
WARNING: [VRFC 10-5021] port 'aclk2x' is not connected on this instance [/wrk/ci/prod/2025.1/sw/continuous/3882/output/customer/vivado/data/ip/xilinx/axi_protocol_converter_v2_1/hdl/axi_protocol_converter_v2_1_vl_rfs.v:4855]
WARNING: [VRFC 10-5021] port 'aclk2x' is not connected on this instance [/wrk/ci/prod/2025.1/sw/continuous/3882/output/customer/vivado/data/ip/xilinx/axi_protocol_converter_v2_1/hdl/axi_protocol_converter_v2_1_vl_rfs.v:5110]
Completed static elaboration
Starting simulation data flow analysis
Completed simulation data flow analysis
Time Resolution for simulation is 1ps
Compiling package std.standard
Compiling package std.textio
Compiling package ieee.std_logic_1164
Compiling package ieee.numeric_std
Compiling package ieee.std_logic_arith
Compiling package ieee.std_logic_unsigned
Compiling package synopsys.attributes
Compiling package ieee.std_logic_misc
Compiling package axi_lite_ipif_v3_0_4.ipif_pkg
Compiling package xpm.vcomponents
Compiling module unisims_ver.IBUF
Compiling module unisims_ver.PLLE2_ADV(CLKFBOUT_MULT=17,CLKIN...
Compiling module unisims_ver.BUFG
Compiling module xil_defaultlib.clk_wiz_0_clk_wiz
Compiling module xil_defaultlib.clk_wiz_0
Compiling module xil_defaultlib.Controller
Compiling module xil_defaultlib.RF
Compiling module xil_defaultlib.SEXT
Compiling module xil_defaultlib.ForwardingUnit
Compiling module xil_defaultlib.multiplier_default
Compiling module xil_defaultlib.multiplier(WIDTH=33)
Compiling module xil_defaultlib.divider
Compiling module xil_defaultlib.divider(WIDTH=33)
Compiling module xil_defaultlib.ALU
Compiling module xil_defaultlib.MREQ
Compiling module xil_defaultlib.MEXT
Compiling module xil_defaultlib.cpu_core
Compiling module blk_mem_gen_v8_4_11.blk_mem_gen_v8_4_11_output_stage...
Compiling module blk_mem_gen_v8_4_11.blk_mem_gen_v8_4_11_output_stage...
Compiling module blk_mem_gen_v8_4_11.blk_mem_gen_v8_4_11_softecc_outp...
Compiling module blk_mem_gen_v8_4_11.blk_mem_gen_v8_4_11_mem_module(C...
Compiling module blk_mem_gen_v8_4_11.blk_mem_gen_v8_4_11(C_FAMILY="ar...
Compiling module xil_defaultlib.blk_mem_gen_1
Compiling module xil_defaultlib.DCache
Compiling module xil_defaultlib.ICache
Compiling module xil_defaultlib.axi_master
Compiling module xil_defaultlib.cpu_top
Compiling module blk_mem_gen_v8_4_11.beh_vlog_ff_clr_v8_4
Compiling module blk_mem_gen_v8_4_11.beh_vlog_ff_pre_v8_4
Compiling module blk_mem_gen_v8_4_11.STATE_LOGIC_v8_4(INIT=64'b010101...
Compiling module blk_mem_gen_v8_4_11.STATE_LOGIC_v8_4(INIT=64'b101111...
Compiling module blk_mem_gen_v8_4_11.STATE_LOGIC_v8_4(INIT=64'b101010...
Compiling module blk_mem_gen_v8_4_11.STATE_LOGIC_v8_4(INIT=64'b010101...
Compiling module blk_mem_gen_v8_4_11.STATE_LOGIC_v8_4(INIT=64'b010001...
Compiling module blk_mem_gen_v8_4_11.STATE_LOGIC_v8_4(INIT=64'b010001...
Compiling module blk_mem_gen_v8_4_11.STATE_LOGIC_v8_4(INIT=64'b011010...
Compiling module blk_mem_gen_v8_4_11.STATE_LOGIC_v8_4(INIT=64'b111111...
Compiling module blk_mem_gen_v8_4_11.STATE_LOGIC_v8_4(INIT=64'b011000...
Compiling module blk_mem_gen_v8_4_11.STATE_LOGIC_v8_4(INIT=64'b011111...
Compiling module blk_mem_gen_v8_4_11.STATE_LOGIC_v8_4(INIT=64'b0111)
Compiling module blk_mem_gen_v8_4_11.STATE_LOGIC_v8_4(INIT=64'b111110...
Compiling module blk_mem_gen_v8_4_11.STATE_LOGIC_v8_4(INIT=64'b01000)
Compiling module blk_mem_gen_v8_4_11.STATE_LOGIC_v8_4(INIT=64'b100010...
Compiling module blk_mem_gen_v8_4_11.write_netlist_v8_4(C_AXI_TYPE=1)
Compiling module blk_mem_gen_v8_4_11.blk_mem_axi_write_wrapper_beh_v8...
Compiling module blk_mem_gen_v8_4_11.beh_vlog_ff_ce_clr_v8_4
Compiling module blk_mem_gen_v8_4_11.STATE_LOGIC_v8_4(INIT=64'b01011)
Compiling module blk_mem_gen_v8_4_11.STATE_LOGIC_v8_4(INIT=64'b0100)
Compiling module blk_mem_gen_v8_4_11.STATE_LOGIC_v8_4(INIT=64'b111011...
Compiling module blk_mem_gen_v8_4_11.STATE_LOGIC_v8_4(INIT=64'b010001...
Compiling module blk_mem_gen_v8_4_11.STATE_LOGIC_v8_4(INIT=64'b010000...
Compiling module blk_mem_gen_v8_4_11.STATE_LOGIC_v8_4(INIT=64'b011111...
Compiling module blk_mem_gen_v8_4_11.STATE_LOGIC_v8_4(INIT=64'b01)
Compiling module blk_mem_gen_v8_4_11.STATE_LOGIC_v8_4(INIT=64'b010000...
Compiling module blk_mem_gen_v8_4_11.STATE_LOGIC_v8_4(INIT=64'b010001...
Compiling module blk_mem_gen_v8_4_11.STATE_LOGIC_v8_4(INIT=64'b011101...
Compiling module blk_mem_gen_v8_4_11.STATE_LOGIC_v8_4(INIT=64'b111111...
Compiling module blk_mem_gen_v8_4_11.STATE_LOGIC_v8_4(INIT=64'b010101...
Compiling module blk_mem_gen_v8_4_11.STATE_LOGIC_v8_4(INIT=64'b111100...
Compiling module blk_mem_gen_v8_4_11.beh_vlog_muxf7_v8_4
Compiling module blk_mem_gen_v8_4_11.STATE_LOGIC_v8_4(INIT=64'b010101...
Compiling module blk_mem_gen_v8_4_11.STATE_LOGIC_v8_4(INIT=64'b011100...
Compiling module blk_mem_gen_v8_4_11.STATE_LOGIC_v8_4(INIT=64'b011111...
Compiling module blk_mem_gen_v8_4_11.STATE_LOGIC_v8_4(INIT=64'b010001...
Compiling module blk_mem_gen_v8_4_11.STATE_LOGIC_v8_4(INIT=64'b010001...
Compiling module blk_mem_gen_v8_4_11.STATE_LOGIC_v8_4(INIT=64'b011100...
Compiling module blk_mem_gen_v8_4_11.read_netlist_v8_4(C_ADDRB_WIDTH=...
Compiling module blk_mem_gen_v8_4_11.blk_mem_axi_read_wrapper_beh_v8_...
Compiling module blk_mem_gen_v8_4_11.blk_mem_gen_v8_4_11_output_stage...
Compiling module blk_mem_gen_v8_4_11.blk_mem_gen_v8_4_11_output_stage...
Compiling module blk_mem_gen_v8_4_11.blk_mem_gen_v8_4_11_softecc_outp...
Compiling module blk_mem_gen_v8_4_11.blk_mem_gen_v8_4_11_mem_module(C...
Compiling module blk_mem_gen_v8_4_11.blk_mem_gen_v8_4_11(C_FAMILY="ar...
Compiling module xil_defaultlib.bram_axi
Compiling module generic_baseblocks_v2_1_2.generic_baseblocks_v2_1_2_carry_...
Compiling module generic_baseblocks_v2_1_2.generic_baseblocks_v2_1_2_compar...
Compiling module generic_baseblocks_v2_1_2.generic_baseblocks_v2_1_2_compar...
Compiling module generic_baseblocks_v2_1_2.generic_baseblocks_v2_1_2_compar...
Compiling module generic_baseblocks_v2_1_2.generic_baseblocks_v2_1_2_compar...
Compiling module generic_baseblocks_v2_1_2.generic_baseblocks_v2_1_2_compar...
Compiling module generic_baseblocks_v2_1_2.generic_baseblocks_v2_1_2_compar...
Compiling module axi_crossbar_v2_1_37.axi_crossbar_v2_1_37_addr_decode...
Compiling module unisims_ver.MUXF7
Compiling module generic_baseblocks_v2_1_2.generic_baseblocks_v2_1_2_mux_en...
Compiling module unisims_ver.SRLC32E_default
Compiling module axi_data_fifo_v2_1_35.axi_data_fifo_v2_1_35_ndeep_srl(...
Compiling module axi_data_fifo_v2_1_35.axi_data_fifo_v2_1_35_axic_srl_f...
Compiling module axi_crossbar_v2_1_37.axi_crossbar_v2_1_37_si_transact...
Compiling module generic_baseblocks_v2_1_2.generic_baseblocks_v2_1_2_mux_en...
Compiling module axi_crossbar_v2_1_37.axi_crossbar_v2_1_37_si_transact...
Compiling module axi_crossbar_v2_1_37.axi_crossbar_v2_1_37_splitter
Compiling module axi_data_fifo_v2_1_35.axi_data_fifo_v2_1_35_axic_reg_s...
Compiling module axi_crossbar_v2_1_37.axi_crossbar_v2_1_37_wdata_route...
Compiling module axi_crossbar_v2_1_37.axi_crossbar_v2_1_37_wdata_mux(C...
Compiling module axi_infrastructure_v1_1_0.axi_infrastructure_v1_1_0_axi2ve...
Compiling module axi_infrastructure_v1_1_0.axi_infrastructure_v1_1_0_vector...
Compiling module axi_register_slice_v2_1_35.axi_register_slice_v2_1_35_axic_...
Compiling module axi_register_slice_v2_1_35.axi_register_slice_v2_1_35_axic_...
Compiling module axi_register_slice_v2_1_35.axi_register_slice_v2_1_35_axic_...
Compiling module axi_register_slice_v2_1_35.axi_register_slice_v2_1_35_axic_...
Compiling module axi_register_slice_v2_1_35.axi_register_slice_v2_1_35_axi_r...
Compiling module axi_crossbar_v2_1_37.axi_crossbar_v2_1_37_wdata_mux(C...
Compiling module axi_data_fifo_v2_1_35.axi_data_fifo_v2_1_35_axic_srl_f...
Compiling module axi_crossbar_v2_1_37.axi_crossbar_v2_1_37_addr_arbite...
Compiling module axi_crossbar_v2_1_37.axi_crossbar_v2_1_37_decerr_slav...
Compiling module axi_crossbar_v2_1_37.axi_crossbar_v2_1_37_crossbar(C_...
Compiling module axi_crossbar_v2_1_37.axi_crossbar_v2_1_37_axi_crossba...
Compiling module xil_defaultlib.axi_crossbar_0
Compiling architecture imp of entity axi_lite_ipif_v3_0_4.pselect_f [\pselect_f(c_ab=2,c_aw=2,c_bar="...]
Compiling architecture imp of entity axi_lite_ipif_v3_0_4.pselect_f [\pselect_f(c_ab=2,c_aw=2,c_bar="...]
Compiling architecture imp of entity axi_lite_ipif_v3_0_4.pselect_f [\pselect_f(c_ab=2,c_aw=2,c_bar="...]
Compiling architecture imp of entity axi_lite_ipif_v3_0_4.pselect_f [\pselect_f(c_ab=2,c_aw=2,c_bar="...]
Compiling architecture imp of entity axi_lite_ipif_v3_0_4.address_decoder [\address_decoder(c_bus_awidth=9,...]
Compiling architecture imp of entity axi_lite_ipif_v3_0_4.slave_attachment [\slave_attachment(c_ard_addr_ran...]
Compiling architecture imp of entity axi_lite_ipif_v3_0_4.axi_lite_ipif [\axi_lite_ipif(c_s_axi_addr_widt...]
Compiling module xpm.xpm_cdc_array_single(DEST_SYNC_F...
Compiling architecture imp of entity axi_gpio_v2_0_37.GPIO_Core [\GPIO_Core(c_aw=9,c_is_dual=1,c_...]
Compiling architecture imp of entity axi_gpio_v2_0_37.axi_gpio [\axi_gpio(c_family="artix7",c_al...]
Compiling architecture axi_gpio_0_arch of entity xil_defaultlib.axi_gpio_0 [axi_gpio_0_default]
Compiling module axi_infrastructure_v1_1_0.axi_infrastructure_v1_1_0_axi2ve...
Compiling module axi_infrastructure_v1_1_0.axi_infrastructure_v1_1_0_vector...
Compiling module axi_register_slice_v2_1_35.axi_register_slice_v2_1_35_axic_...
Compiling module axi_register_slice_v2_1_35.axi_register_slice_v2_1_35_axic_...
Compiling module axi_register_slice_v2_1_35.axi_register_slice_v2_1_35_axic_...
Compiling module axi_register_slice_v2_1_35.axi_register_slice_v2_1_35_axic_...
Compiling module axi_register_slice_v2_1_35.axi_register_slice_v2_1_35_axi_r...
Compiling module axi_protocol_converter_v2_1_36.axi_protocol_converter_v2_1_36_b...
Compiling module axi_protocol_converter_v2_1_36.axi_protocol_converter_v2_1_36_b...
Compiling module axi_protocol_converter_v2_1_36.axi_protocol_converter_v2_1_36_b...
Compiling module axi_protocol_converter_v2_1_36.axi_protocol_converter_v2_1_36_b...
Compiling module axi_protocol_converter_v2_1_36.axi_protocol_converter_v2_1_36_b...
Compiling module axi_protocol_converter_v2_1_36.axi_protocol_converter_v2_1_36_b...
Compiling module axi_protocol_converter_v2_1_36.axi_protocol_converter_v2_1_36_b...
Compiling module axi_protocol_converter_v2_1_36.axi_protocol_converter_v2_1_36_b...
Compiling module axi_protocol_converter_v2_1_36.axi_protocol_converter_v2_1_36_b...
Compiling module axi_protocol_converter_v2_1_36.axi_protocol_converter_v2_1_36_b...
Compiling module axi_protocol_converter_v2_1_36.axi_protocol_converter_v2_1_36_b...
Compiling module axi_protocol_converter_v2_1_36.axi_protocol_converter_v2_1_36_b...
Compiling module axi_protocol_converter_v2_1_36.axi_protocol_converter_v2_1_36_b...
Compiling module axi_infrastructure_v1_1_0.axi_infrastructure_v1_1_0_axi2ve...
Compiling module axi_infrastructure_v1_1_0.axi_infrastructure_v1_1_0_vector...
Compiling module axi_register_slice_v2_1_35.axi_register_slice_v2_1_35_axic_...
Compiling module axi_register_slice_v2_1_35.axi_register_slice_v2_1_35_axic_...
Compiling module axi_register_slice_v2_1_35.axi_register_slice_v2_1_35_axic_...
Compiling module axi_register_slice_v2_1_35.axi_register_slice_v2_1_35_axic_...
Compiling module axi_register_slice_v2_1_35.axi_register_slice_v2_1_35_axi_r...
Compiling module axi_protocol_converter_v2_1_36.axi_protocol_converter_v2_1_36_b...
Compiling module axi_protocol_converter_v2_1_36.axi_protocol_converter_v2_1_36_a...
Compiling module xil_defaultlib.axi_protocol_converter_0
Compiling module xil_defaultlib.timer_wrap
Compiling architecture rtl of entity axi_uartlite_v2_0_39.baudrate [\baudrate(c_ratio=27)\]
Compiling module xpm.xpm_cdc_single(DEST_SYNC_FF=4,IN...
Compiling architecture imp of entity axi_uartlite_v2_0_39.srl_fifo [\srl_fifo(c_dwidth=8,c_depth=16)...]
Compiling architecture rtl of entity axi_uartlite_v2_0_39.uartlite_rx [\uartlite_rx(c_family="artix7")(...]
Compiling architecture rtl of entity axi_uartlite_v2_0_39.uartlite_tx [\uartlite_tx(c_family="artix7")(...]
Compiling architecture rtl of entity axi_uartlite_v2_0_39.uartlite_core [\uartlite_core(c_family="artix7"...]
Compiling architecture imp of entity axi_lite_ipif_v3_0_4.address_decoder [\address_decoder(c_bus_awidth=4,...]
Compiling architecture imp of entity axi_lite_ipif_v3_0_4.slave_attachment [\slave_attachment(c_ard_addr_ran...]
Compiling architecture imp of entity axi_lite_ipif_v3_0_4.axi_lite_ipif [\axi_lite_ipif(c_s_axi_addr_widt...]
Compiling architecture rtl of entity axi_uartlite_v2_0_39.axi_uartlite [\axi_uartlite(c_family="artix7",...]
Compiling architecture axi_uartlite_0_arch of entity xil_defaultlib.axi_uartlite_0 [axi_uartlite_0_default]
Compiling module xil_defaultlib.uart_wrap
Compiling module xpm.xpm_cdc_array_single(DEST_SYNC_F...
Compiling architecture imp of entity axi_gpio_v2_0_37.GPIO_Core [\GPIO_Core(c_aw=9,c_gpio_width=1...]
Compiling architecture imp of entity axi_gpio_v2_0_37.axi_gpio [\axi_gpio(c_family="artix7",c_gp...]
Compiling architecture axi_gpio_1_arch of entity xil_defaultlib.axi_gpio_1 [axi_gpio_1_default]
Compiling module xil_defaultlib.switch_wrap
Compiling architecture imp of entity axi_gpio_v2_0_37.GPIO_Core [\GPIO_Core(c_aw=9,c_gpio_width=1...]
Compiling architecture imp of entity axi_gpio_v2_0_37.axi_gpio [\axi_gpio(c_family="artix7",c_gp...]
Compiling architecture axi_gpio_2_arch of entity xil_defaultlib.axi_gpio_2 [axi_gpio_2_default]
Compiling module xil_defaultlib.led_wrap
Compiling architecture imp of entity axi_gpio_v2_0_37.GPIO_Core [\GPIO_Core(c_aw=9,c_all_outputs=...]
Compiling architecture imp of entity axi_gpio_v2_0_37.axi_gpio [\axi_gpio(c_family="artix7",c_al...]
Compiling architecture axi_gpio_3_arch of entity xil_defaultlib.axi_gpio_3 [axi_gpio_3_default]
Compiling module xil_defaultlib.display_wrap
Compiling module xil_defaultlib.miniRV_SoC
Compiling module xil_defaultlib.soc_simple_tb
Compiling module xil_defaultlib.glbl
Built simulation snapshot soc_simple_tb_behav
run_program: Time (s): cpu = 00:00:01 ; elapsed = 00:00:26 . Memory (MB): peak = 3681.781 ; gain = 0.000
INFO: [USF-XSim-69] 'elaborate' step finished in '27' seconds
INFO: [USF-XSim-4] XSim::Simulate design
INFO: [USF-XSim-61] Executing 'SIMULATE' step in 'D:/cpu-design/miniRV-with-SoC/miniRV.sim/sim_1/behav/xsim'
INFO: [USF-XSim-98] *** Running xsim
   with args "soc_simple_tb_behav -key {Behavioral:sim_1:Functional:soc_simple_tb} -tclbatch {soc_simple_tb.tcl} -view {D:/cpu-design/miniRV-with-SoC/soc_simple_tb.wcfg} -log {simulate.log}"
INFO: [USF-XSim-8] Loading simulator feature
Time resolution is 1 ps
open_wave_config D:/cpu-design/miniRV-with-SoC/soc_simple_tb.wcfg
source soc_simple_tb.tcl
# set curr_wave [current_wave_config]
# if { [string length $curr_wave] == 0 } {
#   if { [llength [get_objects]] > 0} {
#     add_wave /
#     set_property needs_save false [current_wave_config]
#   } else {
#      send_msg_id Add_Wave-1 WARNING "No top level signals found. Simulator will start without a wave window. If you want to open a wave window go to 'File->New Waveform Configuration' or type 'create_wave_config' in the TCL console."
#   }
# }
# log_wave -r /
WARNING: [Simtcl 6-197] One or more HDL objects could not be logged because of object type or size limitations.  To see details please rerun the command with -verbose (-v).
# run 10us
Block Memory Generator module soc_simple_tb.DUT.U_cpu.U_dcache.U_dsram.inst.native_mem_module.blk_mem_gen_v8_4_11_inst is using a behavioral model for simulation which will not precisely model memory collision behavior.
Block Memory Generator module soc_simple_tb.DUT.U_cpu.U_icache.U_isram.inst.native_mem_module.blk_mem_gen_v8_4_11_inst is using a behavioral model for simulation which will not precisely model memory collision behavior.
 Block Memory Generator module loading initial data...
 Block Memory Generator data initialization complete.
Block Memory Generator module soc_simple_tb.DUT.U_bram.inst.axi_mem_module.blk_mem_gen_v8_4_11_inst is using a behavioral model for simulation which will not precisely model memory collision behavior.
INFO: [USF-XSim-96] XSim completed. Design snapshot 'soc_simple_tb_behav' loaded.
INFO: [USF-XSim-97] XSim simulation ran for 10us
launch_simulation: Time (s): cpu = 00:00:07 ; elapsed = 00:00:38 . Memory (MB): peak = 3681.781 ; gain = 0.000
run 50 ms
run: Time (s): cpu = 00:14:03 ; elapsed = 00:16:59 . Memory (MB): peak = 3681.781 ; gain = 0.000
current_wave_config {soc_simple_tb.wcfg}
soc_simple_tb.wcfg
add_wave {{/soc_simple_tb/DUT/U_uart/tx}} 
close_sim
INFO: xsimkernel Simulation Memory Usage: 30400 KB (Peak: 30400 KB), Simulation CPU Usage: 997749 ms
INFO: [Simtcl 6-16] Simulation closed
exit
INFO: [Common 17-206] Exiting Vivado at Thu Jul 30 19:12:44 2026...
